存货编码,商品名称,规格,型号/级别,品牌,单位,skuid,goodsid,起订量,商品类型,是否四氯化碳,分类类型,成品参考交期,牌价,仓库ID,仓库名称
1010310201700,氢氧化钠,CP500g/瓶,CP,西化,瓶,222416,221621,1,4,0,2,7,12.2,29,平台仓
1010310201700,氢氧化钠,CP500g/瓶,CP,西化,瓶,222416,221621,1,4,0,2,7,12.2,1370,中基仓(上海仓)
1010310201700,氢氧化钠,CP500g/瓶,CP,西化,瓶,222416,221621,1,4,0,2,7,12.2,57,股份成品仓（厂标)
1010310201700,氢氧化钠,CP500g/瓶,CP,西化,瓶,222416,221621,1,4,0,2,7,12.2,79,佛山西陇成品(固)
1010310201700,氢氧化钠,CP500g/瓶,CP,西化,瓶,222416,221621,1,4,0,2,7,12.2,85,四川小成品（固）
1010310201700,氢氧化钠,CP500g/瓶,CP,西化,瓶,222416,221621,1,4,0,2,7,12.2,48,股份佛山成品（固）
1010310201700,氢氧化钠,CP500g/瓶,CP,西化,瓶,226511,223668,1,4,0,2,7,12.2,30,平台仓
1010310201700,氢氧化钠,CP500g/瓶,CP,西化,瓶,226511,223668,1,4,0,2,7,12.2,1370,中基仓(上海仓)
1010310201700,氢氧化钠,CP500g/瓶,CP,西化,瓶,226511,223668,1,4,0,2,7,12.2,57,股份成品仓（厂标)
1010310201700,氢氧化钠,CP500g/瓶,CP,西化,瓶,226511,223668,1,4,0,2,7,12.2,79,佛山西陇成品(固)
1010310201700,氢氧化钠,CP500g/瓶,CP,西化,瓶,226511,223668,1,4,0,2,7,12.2,85,四川小成品（固）
1010310201700,氢氧化钠,CP500g/瓶,CP,西化,瓶,226511,223668,1,4,0,2,7,12.2,48,股份佛山成品（固）
1010310201700,氢氧化钠,CP500g/瓶,CP,西化,瓶,230606,225715,1,4,0,2,7,12.2,28,平台仓
1010310201700,氢氧化钠,CP500g/瓶,CP,西化,瓶,230606,225715,1,4,0,2,7,12.2,1370,中基仓(上海仓)
1010310201700,氢氧化钠,CP500g/瓶,CP,西化,瓶,230606,225715,1,4,0,2,7,12.2,57,股份成品仓（厂标)
1010310201700,氢氧化钠,CP500g/瓶,CP,西化,瓶,230606,225715,1,4,0,2,7,12.2,79,佛山西陇成品(固)
1010310201700,氢氧化钠,CP500g/瓶,CP,西化,瓶,230606,225715,1,4,0,2,7,12.2,85,四川小成品（固）
1010310201700,氢氧化钠,CP500g/瓶,CP,西化,瓶,230606,225715,1,4,0,2,7,12.2,48,股份佛山成品（固）
1010310201700,氢氧化钠,CP500g/瓶,CP,西化,瓶,234701,227762,1,4,0,2,7,12.2,77,平台仓
1010310201700,氢氧化钠,CP500g/瓶,CP,西化,瓶,234701,227762,1,4,0,2,7,12.2,1370,中基仓(上海仓)
1010310201700,氢氧化钠,CP500g/瓶,CP,西化,瓶,234701,227762,1,4,0,2,7,12.2,57,股份成品仓（厂标)
1010310201700,氢氧化钠,CP500g/瓶,CP,西化,瓶,234701,227762,1,4,0,2,7,12.2,79,佛山西陇成品(固)
1010310201700,氢氧化钠,CP500g/瓶,CP,西化,瓶,234701,227762,1,4,0,2,7,12.2,85,四川小成品（固）
1010310201700,氢氧化钠,CP500g/瓶,CP,西化,瓶,234701,227762,1,4,0,2,7,12.2,48,股份佛山成品（固）
1010310201700,氢氧化钠,CP500g/瓶,,西化,瓶,514361,508025,1,4,0,2,0,8.54,17,平台佛山仓
1010310201700,氢氧化钠,CP500g/瓶,,西化,瓶,514361,508025,1,4,0,2,0,8.54,1370,中基仓(上海仓)
1010310201700,氢氧化钠,CP500g/瓶,,西化,瓶,514361,508025,1,4,0,2,0,8.54,57,股份成品仓（厂标)
1010310201700,氢氧化钠,CP500g/瓶,,西化,瓶,514361,508025,1,4,0,2,0,8.54,79,佛山西陇成品(固)
1010310201700,氢氧化钠,CP500g/瓶,,西化,瓶,514361,508025,1,4,0,2,0,8.54,85,四川小成品（固）
1010310201700,氢氧化钠,CP500g/瓶,,西化,瓶,514361,508025,1,4,0,2,0,8.54,48,股份佛山成品（固）
1430020107700,甲苯,AR170kg/桶,AR,西化,KG,76475,76532,170,2,0,2,7,72.8,29,平台仓
1430020107700,甲苯,AR170kg/桶,AR,西化,KG,76475,76532,170,2,0,2,7,72.8,64,四川大成品（液）
1430020107700,甲苯,AR170kg/桶,AR,西化,KG,76475,76532,170,2,0,2,7,72.8,81,佛山西陇成品(二)
1430020107700,甲苯,AR170kg/桶,AR,西化,KG,76475,76532,170,2,0,2,7,72.8,2539,易制毒仓
1430020107700,甲苯,AR170kg/桶,AR,西化,KG,76475,76532,170,2,0,2,7,72.8,58,股份成品库（二）
1430020107700,甲苯,AR170kg/桶,AR,西化,KG,76476,76533,170,2,0,2,7,72.8,30,平台仓
1430020107700,甲苯,AR170kg/桶,AR,西化,KG,76476,76533,170,2,0,2,7,72.8,64,四川大成品（液）
1430020107700,甲苯,AR170kg/桶,AR,西化,KG,76476,76533,170,2,0,2,7,72.8,81,佛山西陇成品(二)
1430020107700,甲苯,AR170kg/桶,AR,西化,KG,76476,76533,170,2,0,2,7,72.8,2539,易制毒仓
1430020107700,甲苯,AR170kg/桶,AR,西化,KG,76476,76533,170,2,0,2,7,72.8,58,股份成品库（二）
1430020107700,甲苯,AR170kg/桶,AR,西化,KG,76477,76534,170,2,0,2,7,72.8,28,平台仓
1430020107700,甲苯,AR170kg/桶,AR,西化,KG,76477,76534,170,2,0,2,7,72.8,64,四川大成品（液）
1430020107700,甲苯,AR170kg/桶,AR,西化,KG,76477,76534,170,2,0,2,7,72.8,81,佛山西陇成品(二)
1430020107700,甲苯,AR170kg/桶,AR,西化,KG,76477,76534,170,2,0,2,7,72.8,2539,易制毒仓
1430020107700,甲苯,AR170kg/桶,AR,西化,KG,76477,76534,170,2,0,2,7,72.8,58,股份成品库（二）
1430020107700,甲苯,AR170kg/桶,AR,西化,KG,83912,83982,170,2,0,2,7,72.8,77,平台仓
1430020107700,甲苯,AR170kg/桶,AR,西化,KG,83912,83982,170,2,0,2,7,72.8,64,四川大成品（液）
1430020107700,甲苯,AR170kg/桶,AR,西化,KG,83912,83982,170,2,0,2,7,72.8,81,佛山西陇成品(二)
1430020107700,甲苯,AR170kg/桶,AR,西化,KG,83912,83982,170,2,0,2,7,72.8,2539,易制毒仓
1430020107700,甲苯,AR170kg/桶,AR,西化,KG,83912,83982,170,2,0,2,7,72.8,58,股份成品库（二）
1430020107700,甲苯,AR170KG/桶,,西化,KG,314369,306677,170,2,0,2,0,50.96,17,平台佛山仓
1430020107700,甲苯,AR170KG/桶,,西化,KG,314369,306677,170,2,0,2,0,50.96,64,四川大成品（液）
1430020107700,甲苯,AR170KG/桶,,西化,KG,314369,306677,170,2,0,2,0,50.96,81,佛山西陇成品(二)
1430020107700,甲苯,AR170KG/桶,,西化,KG,314369,306677,170,2,0,2,0,50.96,2539,易制毒仓
1430020107700,甲苯,AR170KG/桶,,西化,KG,314369,306677,170,2,0,2,0,50.96,58,股份成品库（二）
1280340108200,乙醇（无水乙醇）,AR160kg/桶,,西化,KG,1778,1778,160,4,0,2,0,18.34,17,平台佛山仓
1280340108200,乙醇（无水乙醇）,AR160kg/桶,,西化,KG,1778,1778,160,4,0,2,0,18.34,1370,中基仓(上海仓)
1280340108200,乙醇（无水乙醇）,AR160kg/桶,,西化,KG,1778,1778,160,4,0,2,0,18.34,64,四川大成品（液）
1280340108200,乙醇（无水乙醇）,AR160kg/桶,,西化,KG,1778,1778,160,4,0,2,0,18.34,58,股份成品库（二）
1280340108200,乙醇（无水乙醇）,AR160kg/桶,,西化,KG,1778,1778,160,4,0,2,0,18.34,2536,佛山天津仓
1280340108200,乙醇（无水乙醇）,AR160kg/桶,,西化,KG,1778,1778,160,4,0,2,0,18.34,81,佛山西陇成品(二)
1280340108200,乙醇（无水乙醇）,AR160kg/桶,,西化,KG,1778,1778,160,4,0,2,0,18.34,49,股份佛山成品（二）
1280340108200,乙醇（无水乙醇）,AR160kg/桶,,西化,KG,1778,1778,160,4,0,2,0,18.34,4,精细佛山仓
1280340108200,乙醇（无水乙醇）,AR160kg/桶,,西化,KG,1778,1778,160,4,0,2,0,18.34,4481,冲单仓
1280340108200,乙醇（无水乙醇）,AR160kg/桶,,西化,KG,1778,1778,160,4,0,2,0,18.34,4473,冲单仓
1280340108200,乙醇（无水乙醇）,AR160kg/桶,,西化,KG,1778,1778,160,4,0,2,0,18.34,4467,甲乙液体成品(大)
1280340108200,乙醇(无水乙醇),AR160kg/桶,AR,西化,KG,221716,491829,160,4,0,2,0,26.2,29,平台仓
1280340108200,乙醇(无水乙醇),AR160kg/桶,AR,西化,KG,221716,491829,160,4,0,2,0,26.2,91,平台实体仓
1280340108200,乙醇(无水乙醇),AR160kg/桶,AR,西化,KG,221716,491829,160,4,0,2,0,26.2,1370,中基仓(上海仓)
1280340108200,乙醇(无水乙醇),AR160kg/桶,AR,西化,KG,221716,491829,160,4,0,2,0,26.2,64,四川大成品（液）
1280340108200,乙醇(无水乙醇),AR160kg/桶,AR,西化,KG,221716,491829,160,4,0,2,0,26.2,58,股份成品库（二）
1280340108200,乙醇(无水乙醇),AR160kg/桶,AR,西化,KG,221716,491829,160,4,0,2,0,26.2,2536,佛山天津仓
1280340108200,乙醇(无水乙醇),AR160kg/桶,AR,西化,KG,221716,491829,160,4,0,2,0,26.2,81,佛山西陇成品(二)
1280340108200,乙醇(无水乙醇),AR160kg/桶,AR,西化,KG,221716,491829,160,4,0,2,0,26.2,49,股份佛山成品（二）
1280340108200,乙醇(无水乙醇),AR160kg/桶,AR,西化,KG,221716,491829,160,4,0,2,0,26.2,4,精细佛山仓
1280340108200,乙醇(无水乙醇),AR160kg/桶,AR,西化,KG,221716,491829,160,4,0,2,0,26.2,4481,冲单仓
1280340108200,乙醇(无水乙醇),AR160kg/桶,AR,西化,KG,221716,491829,160,4,0,2,0,26.2,4473,冲单仓
1280340108200,乙醇(无水乙醇),AR160kg/桶,AR,西化,KG,221716,491829,160,4,0,2,0,26.2,4467,甲乙液体成品(大)
1280340108200,乙醇(无水乙醇),AR160kg/桶,AR,西化,KG,225811,498754,160,4,0,2,0,26.2,30,平台仓
1280340108200,乙醇(无水乙醇),AR160kg/桶,AR,西化,KG,225811,498754,160,4,0,2,0,26.2,1370,中基仓(上海仓)
1280340108200,乙醇(无水乙醇),AR160kg/桶,AR,西化,KG,225811,498754,160,4,0,2,0,26.2,64,四川大成品（液）
1280340108200,乙醇(无水乙醇),AR160kg/桶,AR,西化,KG,225811,498754,160,4,0,2,0,26.2,58,股份成品库（二）
1280340108200,乙醇(无水乙醇),AR160kg/桶,AR,西化,KG,225811,498754,160,4,0,2,0,26.2,2536,佛山天津仓
1280340108200,乙醇(无水乙醇),AR160kg/桶,AR,西化,KG,225811,498754,160,4,0,2,0,26.2,81,佛山西陇成品(二)
1280340108200,乙醇(无水乙醇),AR160kg/桶,AR,西化,KG,225811,498754,160,4,0,2,0,26.2,49,股份佛山成品（二）
1280340108200,乙醇(无水乙醇),AR160kg/桶,AR,西化,KG,225811,498754,160,4,0,2,0,26.2,4,精细佛山仓
1280340108200,乙醇(无水乙醇),AR160kg/桶,AR,西化,KG,225811,498754,160,4,0,2,0,26.2,4481,冲单仓
1280340108200,乙醇(无水乙醇),AR160kg/桶,AR,西化,KG,225811,498754,160,4,0,2,0,26.2,4473,冲单仓
1280340108200,乙醇(无水乙醇),AR160kg/桶,AR,西化,KG,225811,498754,160,4,0,2,0,26.2,4467,甲乙液体成品(大)
1280340108200,乙醇(无水乙醇),AR160kg/桶,AR,西化,KG,229906,499662,160,4,0,2,0,26.2,28,平台仓
1280340108200,乙醇(无水乙醇),AR160kg/桶,AR,西化,KG,229906,499662,160,4,0,2,0,26.2,1370,中基仓(上海仓)
1280340108200,乙醇(无水乙醇),AR160kg/桶,AR,西化,KG,229906,499662,160,4,0,2,0,26.2,64,四川大成品（液）
1280340108200,乙醇(无水乙醇),AR160kg/桶,AR,西化,KG,229906,499662,160,4,0,2,0,26.2,58,股份成品库（二）
1280340108200,乙醇(无水乙醇),AR160kg/桶,AR,西化,KG,229906,499662,160,4,0,2,0,26.2,2536,佛山天津仓
1280340108200,乙醇(无水乙醇),AR160kg/桶,AR,西化,KG,229906,499662,160,4,0,2,0,26.2,81,佛山西陇成品(二)
1280340108200,乙醇(无水乙醇),AR160kg/桶,AR,西化,KG,229906,499662,160,4,0,2,0,26.2,49,股份佛山成品（二）
1280340108200,乙醇(无水乙醇),AR160kg/桶,AR,西化,KG,229906,499662,160,4,0,2,0,26.2,4,精细佛山仓
1280340108200,乙醇(无水乙醇),AR160kg/桶,AR,西化,KG,229906,499662,160,4,0,2,0,26.2,4481,冲单仓
1280340108200,乙醇(无水乙醇),AR160kg/桶,AR,西化,KG,229906,499662,160,4,0,2,0,26.2,4473,冲单仓
1280340108200,乙醇(无水乙醇),AR160kg/桶,AR,西化,KG,229906,499662,160,4,0,2,0,26.2,4467,甲乙液体成品(大)
1280340108200,乙醇(无水乙醇),AR160kg/桶,AR,西化,KG,234001,500557,160,4,0,2,0,26.2,77,平台仓
1280340108200,乙醇(无水乙醇),AR160kg/桶,AR,西化,KG,234001,500557,160,4,0,2,0,26.2,1370,中基仓(上海仓)
1280340108200,乙醇(无水乙醇),AR160kg/桶,AR,西化,KG,234001,500557,160,4,0,2,0,26.2,64,四川大成品（液）
1280340108200,乙醇(无水乙醇),AR160kg/桶,AR,西化,KG,234001,500557,160,4,0,2,0,26.2,58,股份成品库（二）
1280340108200,乙醇(无水乙醇),AR160kg/桶,AR,西化,KG,234001,500557,160,4,0,2,0,26.2,2536,佛山天津仓
1280340108200,乙醇(无水乙醇),AR160kg/桶,AR,西化,KG,234001,500557,160,4,0,2,0,26.2,81,佛山西陇成品(二)
1280340108200,乙醇(无水乙醇),AR160kg/桶,AR,西化,KG,234001,500557,160,4,0,2,0,26.2,49,股份佛山成品（二）
1280340108200,乙醇(无水乙醇),AR160kg/桶,AR,西化,KG,234001,500557,160,4,0,2,0,26.2,4,精细佛山仓
1280340108200,乙醇(无水乙醇),AR160kg/桶,AR,西化,KG,234001,500557,160,4,0,2,0,26.2,4481,冲单仓
1280340108200,乙醇(无水乙醇),AR160kg/桶,AR,西化,KG,234001,500557,160,4,0,2,0,26.2,4473,冲单仓
1280340108200,乙醇(无水乙醇),AR160kg/桶,AR,西化,KG,234001,500557,160,4,0,2,0,26.2,4467,甲乙液体成品(大)
1270610204201,一水合柠檬酸（柠檬酸）,CP25kg/袋,,西化,KG,1750,1750,25,0,0,2,0,15.3,17,平台佛山仓
1270610204201,一水合柠檬酸（柠檬酸）,CP25kg/袋,,西化,KG,1750,1750,25,0,0,2,0,15.3,4,精细佛山仓
1270610204201,一水合柠檬酸（柠檬酸）,CP25kg/袋,,西化,KG,1750,1750,25,0,0,2,0,15.3,58,股份成品库（二）
1270610204201,一水合柠檬酸（柠檬酸）,CP25kg/袋,,西化,KG,1750,1750,25,0,0,2,0,15.3,49,股份佛山成品（二）
1270610204201,一水合柠檬酸（柠檬酸）,CP25kg/袋,,西化,KG,1750,1750,25,0,0,2,0,15.3,81,佛山西陇成品(二)
1270610204201,一水合柠檬酸（柠檬酸）,CP25kg/袋,,西化,KG,1750,1750,25,0,0,2,0,15.3,4465,丙类固体成品(袋)
1270610204201,一水合柠檬酸(柠檬酸),CP25kg/袋,CP,西化,KG,221374,491655,25,0,0,2,0,21.8,29,平台仓
1270610204201,一水合柠檬酸(柠檬酸),CP25kg/袋,CP,西化,KG,221374,491655,25,0,0,2,0,21.8,4,精细佛山仓
1270610204201,一水合柠檬酸(柠檬酸),CP25kg/袋,CP,西化,KG,221374,491655,25,0,0,2,0,21.8,58,股份成品库（二）
1270610204201,一水合柠檬酸(柠檬酸),CP25kg/袋,CP,西化,KG,221374,491655,25,0,0,2,0,21.8,49,股份佛山成品（二）
1270610204201,一水合柠檬酸(柠檬酸),CP25kg/袋,CP,西化,KG,221374,491655,25,0,0,2,0,21.8,81,佛山西陇成品(二)
1270610204201,一水合柠檬酸(柠檬酸),CP25kg/袋,CP,西化,KG,221374,491655,25,0,0,2,0,21.8,4465,丙类固体成品(袋)
1270610204201,一水合柠檬酸(柠檬酸),CP25kg/袋,CP,西化,KG,225469,498579,25,0,0,2,0,21.8,30,平台仓
1270610204201,一水合柠檬酸(柠檬酸),CP25kg/袋,CP,西化,KG,225469,498579,25,0,0,2,0,21.8,4,精细佛山仓
1270610204201,一水合柠檬酸(柠檬酸),CP25kg/袋,CP,西化,KG,225469,498579,25,0,0,2,0,21.8,58,股份成品库（二）
1270610204201,一水合柠檬酸(柠檬酸),CP25kg/袋,CP,西化,KG,225469,498579,25,0,0,2,0,21.8,49,股份佛山成品（二）
1270610204201,一水合柠檬酸(柠檬酸),CP25kg/袋,CP,西化,KG,225469,498579,25,0,0,2,0,21.8,81,佛山西陇成品(二)
1270610204201,一水合柠檬酸(柠檬酸),CP25kg/袋,CP,西化,KG,225469,498579,25,0,0,2,0,21.8,4465,丙类固体成品(袋)
1270610204201,一水合柠檬酸(柠檬酸),CP25kg/袋,CP,西化,KG,229564,499503,25,0,0,2,0,21.8,28,平台仓
1270610204201,一水合柠檬酸(柠檬酸),CP25kg/袋,CP,西化,KG,229564,499503,25,0,0,2,0,21.8,4,精细佛山仓
1270610204201,一水合柠檬酸(柠檬酸),CP25kg/袋,CP,西化,KG,229564,499503,25,0,0,2,0,21.8,58,股份成品库（二）
1270610204201,一水合柠檬酸(柠檬酸),CP25kg/袋,CP,西化,KG,229564,499503,25,0,0,2,0,21.8,49,股份佛山成品（二）
1270610204201,一水合柠檬酸(柠檬酸),CP25kg/袋,CP,西化,KG,229564,499503,25,0,0,2,0,21.8,81,佛山西陇成品(二)
1270610204201,一水合柠檬酸(柠檬酸),CP25kg/袋,CP,西化,KG,229564,499503,25,0,0,2,0,21.8,4465,丙类固体成品(袋)
1270610204201,一水合柠檬酸(柠檬酸),CP25kg/袋,CP,西化,KG,233659,500398,25,0,0,2,0,21.8,77,平台仓
1270610204201,一水合柠檬酸(柠檬酸),CP25kg/袋,CP,西化,KG,233659,500398,25,0,0,2,0,21.8,4,精细佛山仓
1270610204201,一水合柠檬酸(柠檬酸),CP25kg/袋,CP,西化,KG,233659,500398,25,0,0,2,0,21.8,58,股份成品库（二）
1270610204201,一水合柠檬酸(柠檬酸),CP25kg/袋,CP,西化,KG,233659,500398,25,0,0,2,0,21.8,49,股份佛山成品（二）
1270610204201,一水合柠檬酸(柠檬酸),CP25kg/袋,CP,西化,KG,233659,500398,25,0,0,2,0,21.8,81,佛山西陇成品(二)
1270610204201,一水合柠檬酸(柠檬酸),CP25kg/袋,CP,西化,KG,233659,500398,25,0,0,2,0,21.8,4465,丙类固体成品(袋)
1010400204202,一水合硫酸氢钠(硫酸氢钠),CP25kg/桶,CP,西化,KG,221387,221026,25,4,0,2,7,26.4,29,平台仓
1010400204202,一水合硫酸氢钠(硫酸氢钠),CP25kg/桶,CP,西化,KG,221387,221026,25,4,0,2,7,26.4,91,平台实体仓
1010400204202,一水合硫酸氢钠(硫酸氢钠),CP25kg/桶,CP,西化,KG,221387,221026,25,4,0,2,7,26.4,58,股份成品库（二）
1010400204202,一水合硫酸氢钠(硫酸氢钠),CP25kg/桶,CP,西化,KG,221387,221026,25,4,0,2,7,26.4,81,佛山西陇成品(二)
1010400204202,一水合硫酸氢钠(硫酸氢钠),CP25kg/桶,CP,西化,KG,225482,223073,25,4,0,2,7,26.4,30,平台仓
1010400204202,一水合硫酸氢钠(硫酸氢钠),CP25kg/桶,CP,西化,KG,225482,223073,25,4,0,2,7,26.4,58,股份成品库（二）
1010400204202,一水合硫酸氢钠(硫酸氢钠),CP25kg/桶,CP,西化,KG,225482,223073,25,4,0,2,7,26.4,81,佛山西陇成品(二)
1010400204202,一水合硫酸氢钠(硫酸氢钠),CP25kg/桶,CP,西化,KG,229577,225120,25,4,0,2,7,26.4,28,平台仓
1010400204202,一水合硫酸氢钠(硫酸氢钠),CP25kg/桶,CP,西化,KG,229577,225120,25,4,0,2,7,26.4,58,股份成品库（二）
1010400204202,一水合硫酸氢钠(硫酸氢钠),CP25kg/桶,CP,西化,KG,229577,225120,25,4,0,2,7,26.4,81,佛山西陇成品(二)
1010400204202,一水合硫酸氢钠(硫酸氢钠),CP25kg/桶,CP,西化,KG,233672,227167,25,4,0,2,7,26.4,77,平台仓
1010400204202,一水合硫酸氢钠(硫酸氢钠),CP25kg/桶,CP,西化,KG,233672,227167,25,4,0,2,7,26.4,58,股份成品库（二）
1010400204202,一水合硫酸氢钠(硫酸氢钠),CP25kg/桶,CP,西化,KG,233672,227167,25,4,0,2,7,26.4,81,佛山西陇成品(二)
1010110204201,氯化钠,CP25kg/袋,,西化,KG,1432,1432,25,0,0,2,0,7.4,17,平台佛山仓
1010110204201,氯化钠,CP25kg/袋,,西化,KG,1432,1432,25,0,0,2,0,7.4,49,股份佛山成品（二）
1010110204201,氯化钠,CP25kg/袋,,西化,KG,1432,1432,25,0,0,2,0,7.4,81,佛山西陇成品(二)
1010110204201,氯化钠,CP25kg/袋,,西化,KG,1432,1432,25,0,0,2,0,7.4,58,股份成品库（二）
1010110204201,氯化钠,CP25kg/袋,,西化,KG,1432,1432,25,0,0,2,0,7.4,4465,丙类固体成品(袋)
1010110204201,氯化钠,CP25kg/袋,CP,西化,KG,222512,492175,25,0,0,2,0,10.6,29,平台仓
1010110204201,氯化钠,CP25kg/袋,CP,西化,KG,222512,492175,25,0,0,2,0,10.6,91,平台实体仓
1010110204201,氯化钠,CP25kg/袋,CP,西化,KG,222512,492175,25,0,0,2,0,10.6,49,股份佛山成品（二）
1010110204201,氯化钠,CP25kg/袋,CP,西化,KG,222512,492175,25,0,0,2,0,10.6,81,佛山西陇成品(二)
1010110204201,氯化钠,CP25kg/袋,CP,西化,KG,222512,492175,25,0,0,2,0,10.6,58,股份成品库（二）
1010110204201,氯化钠,CP25kg/袋,CP,西化,KG,222512,492175,25,0,0,2,0,10.6,4465,丙类固体成品(袋)
1010110204201,氯化钠,CP25kg/袋,CP,西化,KG,226607,499095,25,0,0,2,0,10.6,30,平台仓
1010110204201,氯化钠,CP25kg/袋,CP,西化,KG,226607,499095,25,0,0,2,0,10.6,49,股份佛山成品（二）
1010110204201,氯化钠,CP25kg/袋,CP,西化,KG,226607,499095,25,0,0,2,0,10.6,81,佛山西陇成品(二)
1010110204201,氯化钠,CP25kg/袋,CP,西化,KG,226607,499095,25,0,0,2,0,10.6,58,股份成品库（二）
1010110204201,氯化钠,CP25kg/袋,CP,西化,KG,226607,499095,25,0,0,2,0,10.6,4465,丙类固体成品(袋)
1010110204201,氯化钠,CP25kg/袋,CP,西化,KG,230702,499995,25,0,0,2,0,10.6,28,平台仓
1010110204201,氯化钠,CP25kg/袋,CP,西化,KG,230702,499995,25,0,0,2,0,10.6,49,股份佛山成品（二）
1010110204201,氯化钠,CP25kg/袋,CP,西化,KG,230702,499995,25,0,0,2,0,10.6,81,佛山西陇成品(二)
1010110204201,氯化钠,CP25kg/袋,CP,西化,KG,230702,499995,25,0,0,2,0,10.6,58,股份成品库（二）
1010110204201,氯化钠,CP25kg/袋,CP,西化,KG,230702,499995,25,0,0,2,0,10.6,4465,丙类固体成品(袋)
1010110204201,氯化钠,CP25kg/袋,CP,西化,KG,234797,500898,25,0,0,2,0,10.6,77,平台仓
1010110204201,氯化钠,CP25kg/袋,CP,西化,KG,234797,500898,25,0,0,2,0,10.6,49,股份佛山成品（二）
1010110204201,氯化钠,CP25kg/袋,CP,西化,KG,234797,500898,25,0,0,2,0,10.6,81,佛山西陇成品(二)
1010110204201,氯化钠,CP25kg/袋,CP,西化,KG,234797,500898,25,0,0,2,0,10.6,58,股份成品库（二）
1010110204201,氯化钠,CP25kg/袋,CP,西化,KG,234797,500898,25,0,0,2,0,10.6,4465,丙类固体成品(袋)
1010950204202,二水合柠檬酸三钠(柠檬酸三钠),CP25kg/桶,CP,西化,KG,221813,221260,25,0,0,2,7,33.0,29,平台仓
1010950204202,二水合柠檬酸三钠(柠檬酸三钠),CP25kg/桶,CP,西化,KG,221813,221260,25,0,0,2,7,33.0,91,平台实体仓
1010950204202,二水合柠檬酸三钠(柠檬酸三钠),CP25kg/桶,CP,西化,KG,221813,221260,25,0,0,2,7,33.0,2533,佛山成品（液）
1010950204202,二水合柠檬酸三钠(柠檬酸三钠),CP25kg/桶,CP,西化,KG,221813,221260,25,0,0,2,7,33.0,81,佛山西陇成品(二)
1010950204202,二水合柠檬酸三钠(柠檬酸三钠),CP25kg/桶,CP,西化,KG,221813,221260,25,0,0,2,7,33.0,65,四川大成品（固）
1010950204202,二水合柠檬酸三钠(柠檬酸三钠),CP25kg/桶,CP,西化,KG,221813,221260,25,0,0,2,7,33.0,58,股份成品库（二）
1010950204202,二水合柠檬酸三钠(柠檬酸三钠),CP25kg/桶,CP,西化,KG,225908,223307,25,0,0,2,7,33.0,30,平台仓
1010950204202,二水合柠檬酸三钠(柠檬酸三钠),CP25kg/桶,CP,西化,KG,225908,223307,25,0,0,2,7,33.0,2533,佛山成品（液）
1010950204202,二水合柠檬酸三钠(柠檬酸三钠),CP25kg/桶,CP,西化,KG,225908,223307,25,0,0,2,7,33.0,81,佛山西陇成品(二)
1010950204202,二水合柠檬酸三钠(柠檬酸三钠),CP25kg/桶,CP,西化,KG,225908,223307,25,0,0,2,7,33.0,65,四川大成品（固）
1010950204202,二水合柠檬酸三钠(柠檬酸三钠),CP25kg/桶,CP,西化,KG,225908,223307,25,0,0,2,7,33.0,58,股份成品库（二）
1010950204202,二水合柠檬酸三钠(柠檬酸三钠),CP25kg/桶,CP,西化,KG,230003,225354,25,0,0,2,7,33.0,28,平台仓
1010950204202,二水合柠檬酸三钠(柠檬酸三钠),CP25kg/桶,CP,西化,KG,230003,225354,25,0,0,2,7,33.0,2533,佛山成品（液）
1010950204202,二水合柠檬酸三钠(柠檬酸三钠),CP25kg/桶,CP,西化,KG,230003,225354,25,0,0,2,7,33.0,81,佛山西陇成品(二)
1010950204202,二水合柠檬酸三钠(柠檬酸三钠),CP25kg/桶,CP,西化,KG,230003,225354,25,0,0,2,7,33.0,65,四川大成品（固）
1010950204202,二水合柠檬酸三钠(柠檬酸三钠),CP25kg/桶,CP,西化,KG,230003,225354,25,0,0,2,7,33.0,58,股份成品库（二）
1010950204202,二水合柠檬酸三钠(柠檬酸三钠),CP25kg/桶,CP,西化,KG,234098,227401,25,0,0,2,7,33.0,77,平台仓
1010950204202,二水合柠檬酸三钠(柠檬酸三钠),CP25kg/桶,CP,西化,KG,234098,227401,25,0,0,2,7,33.0,2533,佛山成品（液）
1010950204202,二水合柠檬酸三钠(柠檬酸三钠),CP25kg/桶,CP,西化,KG,234098,227401,25,0,0,2,7,33.0,81,佛山西陇成品(二)
1010950204202,二水合柠檬酸三钠(柠檬酸三钠),CP25kg/桶,CP,西化,KG,234098,227401,25,0,0,2,7,33.0,65,四川大成品（固）
1010950204202,二水合柠檬酸三钠(柠檬酸三钠),CP25kg/桶,CP,西化,KG,234098,227401,25,0,0,2,7,33.0,58,股份成品库（二）
2010820304201,无水磷酸二氢钠,GY25kg/袋,,中鑫蜀龙,KG,604897,598426,25,0,0,2,0,0.0,29,平台仓
2010820304201,无水磷酸二氢钠,GY25kg/袋,,中鑫蜀龙,KG,604897,598426,25,0,0,2,0,0.0,13,直运仓
2010820304201,无水磷酸二氢钠,GY25kg/袋,,中鑫蜀龙,KG,604897,598426,25,0,0,2,0,0.0,2,穗杰新仓
2010820304201,无水磷酸二氢钠,GY25kg/袋,,中鑫蜀龙,KG,604898,598427,25,0,0,2,0,0.0,30,平台仓
2010820304201,无水磷酸二氢钠,GY25kg/袋,,中鑫蜀龙,KG,604898,598427,25,0,0,2,0,0.0,13,直运仓
2010820304201,无水磷酸二氢钠,GY25kg/袋,,中鑫蜀龙,KG,604898,598427,25,0,0,2,0,0.0,2,穗杰新仓
2010820304201,无水磷酸二氢钠,GY25kg/袋,,中鑫蜀龙,KG,604899,598428,25,0,0,2,0,0.0,28,平台仓
2010820304201,无水磷酸二氢钠,GY25kg/袋,,中鑫蜀龙,KG,604899,598428,25,0,0,2,0,0.0,13,直运仓
2010820304201,无水磷酸二氢钠,GY25kg/袋,,中鑫蜀龙,KG,604899,598428,25,0,0,2,0,0.0,2,穗杰新仓
2010820304201,无水磷酸二氢钠,GY25kg/袋,,中鑫蜀龙,KG,604900,598429,25,0,0,2,0,0.0,77,平台仓
2010820304201,无水磷酸二氢钠,GY25kg/袋,,中鑫蜀龙,KG,604900,598429,25,0,0,2,0,0.0,13,直运仓
2010820304201,无水磷酸二氢钠,GY25kg/袋,,中鑫蜀龙,KG,604900,598429,25,0,0,2,0,0.0,2,穗杰新仓
2010820304201,无水磷酸二氢钠,25KG/包,工业级,中鑫蜀龙,KG,604909,598438,25,0,0,1,0,12.0,13,直运仓
2010820304201,无水磷酸二氢钠,25KG/包,工业级,中鑫蜀龙,KG,604909,598438,25,0,0,1,0,12.0,2,穗杰新仓
2270610704205,柠檬酸,25KG/包(一水),食品级,英轩,KG,25,25,25,0,0,1,0,5.35,40,直运2仓
2270610704205,柠檬酸,25KG/包(一水),食品级,英轩,KG,25,25,25,0,0,1,0,5.35,11,秉成仓
2270610704205,柠檬酸,25KG/包(一水),食品级,英轩,KG,25,25,25,0,0,1,0,5.35,47,股份销售原料仓
2270610704205,柠檬酸,25KG/包(一水),食品级,英轩,KG,25,25,25,0,0,1,0,5.35,13,直运仓
2270610704205,柠檬酸,25KG/包(一水),食品级,英轩,KG,25,25,25,0,0,1,0,5.35,3,广州穗杰2仓
2270610704205,柠檬酸,25KG/包(一水),食品级,英轩,KG,25,25,25,0,0,1,0,5.35,2,穗杰新仓
2270610704205,柠檬酸,25KG/包(一水),食品级,英轩,KG,25,25,25,0,0,1,0,5.35,4463,东二仓
2270610704205,柠檬酸,25KG/包(一水),食品级,英轩,KG,25,25,25,0,0,1,0,5.35,4084,和发广百仓
2270610704205,柠檬酸(一水)(潍坊英轩)(W),FA25kg/包,,其他,KG,110833,110910,25,0,0,2,1,7.3,29,平台仓
2270610704205,柠檬酸(一水)(潍坊英轩)(W),FA25kg/包,,其他,KG,110833,110910,25,0,0,2,1,7.3,40,直运2仓
2270610704205,柠檬酸(一水)(潍坊英轩)(W),FA25kg/包,,其他,KG,110833,110910,25,0,0,2,1,7.3,11,秉成仓
2270610704205,柠檬酸(一水)(潍坊英轩)(W),FA25kg/包,,其他,KG,110833,110910,25,0,0,2,1,7.3,47,股份销售原料仓
2270610704205,柠檬酸(一水)(潍坊英轩)(W),FA25kg/包,,其他,KG,110833,110910,25,0,0,2,1,7.3,13,直运仓
2270610704205,柠檬酸(一水)(潍坊英轩)(W),FA25kg/包,,其他,KG,110833,110910,25,0,0,2,1,7.3,3,广州穗杰2仓
2270610704205,柠檬酸(一水)(潍坊英轩)(W),FA25kg/包,,其他,KG,110833,110910,25,0,0,2,1,7.3,2,穗杰新仓
2270610704205,柠檬酸(一水)(潍坊英轩)(W),FA25kg/包,,其他,KG,110833,110910,25,0,0,2,1,7.3,4463,东二仓
2270610704205,柠檬酸(一水)(潍坊英轩)(W),FA25kg/包,,其他,KG,110833,110910,25,0,0,2,1,7.3,4084,和发广百仓
2270610704205,柠檬酸(一水)(潍坊英轩)(W),FA25kg/包,,其他,KG,110834,110911,25,0,0,2,1,7.3,30,平台仓
2270610704205,柠檬酸(一水)(潍坊英轩)(W),FA25kg/包,,其他,KG,110834,110911,25,0,0,2,1,7.3,40,直运2仓
2270610704205,柠檬酸(一水)(潍坊英轩)(W),FA25kg/包,,其他,KG,110834,110911,25,0,0,2,1,7.3,11,秉成仓
2270610704205,柠檬酸(一水)(潍坊英轩)(W),FA25kg/包,,其他,KG,110834,110911,25,0,0,2,1,7.3,47,股份销售原料仓
2270610704205,柠檬酸(一水)(潍坊英轩)(W),FA25kg/包,,其他,KG,110834,110911,25,0,0,2,1,7.3,13,直运仓
2270610704205,柠檬酸(一水)(潍坊英轩)(W),FA25kg/包,,其他,KG,110834,110911,25,0,0,2,1,7.3,3,广州穗杰2仓
2270610704205,柠檬酸(一水)(潍坊英轩)(W),FA25kg/包,,其他,KG,110834,110911,25,0,0,2,1,7.3,2,穗杰新仓
2270610704205,柠檬酸(一水)(潍坊英轩)(W),FA25kg/包,,其他,KG,110834,110911,25,0,0,2,1,7.3,4463,东二仓
2270610704205,柠檬酸(一水)(潍坊英轩)(W),FA25kg/包,,其他,KG,110834,110911,25,0,0,2,1,7.3,4084,和发广百仓
2270610704205,柠檬酸(一水)(潍坊英轩)(W),FA25kg/包,,其他,KG,110835,110912,25,0,0,2,1,7.3,28,平台仓
2270610704205,柠檬酸(一水)(潍坊英轩)(W),FA25kg/包,,其他,KG,110835,110912,25,0,0,2,1,7.3,40,直运2仓
2270610704205,柠檬酸(一水)(潍坊英轩)(W),FA25kg/包,,其他,KG,110835,110912,25,0,0,2,1,7.3,11,秉成仓
2270610704205,柠檬酸(一水)(潍坊英轩)(W),FA25kg/包,,其他,KG,110835,110912,25,0,0,2,1,7.3,47,股份销售原料仓
2270610704205,柠檬酸(一水)(潍坊英轩)(W),FA25kg/包,,其他,KG,110835,110912,25,0,0,2,1,7.3,13,直运仓
2270610704205,柠檬酸(一水)(潍坊英轩)(W),FA25kg/包,,其他,KG,110835,110912,25,0,0,2,1,7.3,3,广州穗杰2仓
2270610704205,柠檬酸(一水)(潍坊英轩)(W),FA25kg/包,,其他,KG,110835,110912,25,0,0,2,1,7.3,2,穗杰新仓
2270610704205,柠檬酸(一水)(潍坊英轩)(W),FA25kg/包,,其他,KG,110835,110912,25,0,0,2,1,7.3,4463,东二仓
2270610704205,柠檬酸(一水)(潍坊英轩)(W),FA25kg/包,,其他,KG,110835,110912,25,0,0,2,1,7.3,4084,和发广百仓
2270610704205,柠檬酸(一水)(潍坊英轩)(W),FA25kg/包,,其他,KG,110837,110914,25,0,0,2,1,7.3,77,平台仓
2270610704205,柠檬酸(一水)(潍坊英轩)(W),FA25kg/包,,其他,KG,110837,110914,25,0,0,2,1,7.3,40,直运2仓
2270610704205,柠檬酸(一水)(潍坊英轩)(W),FA25kg/包,,其他,KG,110837,110914,25,0,0,2,1,7.3,11,秉成仓
2270610704205,柠檬酸(一水)(潍坊英轩)(W),FA25kg/包,,其他,KG,110837,110914,25,0,0,2,1,7.3,47,股份销售原料仓
2270610704205,柠檬酸(一水)(潍坊英轩)(W),FA25kg/包,,其他,KG,110837,110914,25,0,0,2,1,7.3,13,直运仓
2270610704205,柠檬酸(一水)(潍坊英轩)(W),FA25kg/包,,其他,KG,110837,110914,25,0,0,2,1,7.3,3,广州穗杰2仓
2270610704205,柠檬酸(一水)(潍坊英轩)(W),FA25kg/包,,其他,KG,110837,110914,25,0,0,2,1,7.3,2,穗杰新仓
2270610704205,柠檬酸(一水)(潍坊英轩)(W),FA25kg/包,,其他,KG,110837,110914,25,0,0,2,1,7.3,4463,东二仓
2270610704205,柠檬酸(一水)(潍坊英轩)(W),FA25kg/包,,其他,KG,110837,110914,25,0,0,2,1,7.3,4084,和发广百仓
2010310304214,氢氧化钠,"25KG/包(珠,中文)",工业级,滨化,KG,176,176,25,4,0,1,0,5.05,21,广州期货仓
2010310304214,氢氧化钠,"25KG/包(珠,中文)",工业级,滨化,KG,176,176,25,4,0,1,0,5.05,3640,华南虚拟仓（零星）
2010310304214,氢氧化钠,"25KG/包(珠,中文)",工业级,滨化,KG,176,176,25,4,0,1,0,5.05,4,精细佛山仓
2010310304214,氢氧化钠,"25KG/包(珠,中文)",工业级,滨化,KG,176,176,25,4,0,1,0,5.05,1,和发远洋仓
2010310304214,氢氧化钠,"25KG/包(珠,中文)",工业级,滨化,KG,176,176,25,4,0,1,0,5.05,52,汕头直运仓
2010310304214,氢氧化钠,"25KG/包(珠,中文)",工业级,滨化,KG,176,176,25,4,0,1,0,5.05,40,直运2仓
2010310304214,氢氧化钠,"25KG/包(珠,中文)",工业级,滨化,KG,176,176,25,4,0,1,0,5.05,706,东莞和发仓
2010310304214,氢氧化钠,"25KG/包(珠,中文)",工业级,滨化,KG,176,176,25,4,0,1,0,5.05,2,穗杰新仓
2010310304214,氢氧化钠,"25KG/包(珠,中文)",工业级,滨化,KG,176,176,25,4,0,1,0,5.05,23,上海青浦仓
2010310304214,氢氧化钠,"25KG/包(珠,中文)",工业级,滨化,KG,176,176,25,4,0,1,0,5.05,13,直运仓
2010310304214,氢氧化钠,"25KG/包(珠,中文)",工业级,滨化,KG,176,176,25,4,0,1,0,5.05,6,上海同发仓
2010310304214,氢氧化钠,"25KG/包(珠,中文)",工业级,滨化,KG,176,176,25,4,0,1,0,5.05,765,汕头海力仓
2010310304214,氢氧化钠,"25KG/包(珠,中文)",工业级,滨化,KG,176,176,25,4,0,1,0,5.05,78,佛山销售原料仓
2010310304214,氢氧化钠,"25KG/包(珠,中文)",工业级,滨化,KG,176,176,25,4,0,1,0,5.05,47,股份销售原料仓
2010310304214,氢氧化钠,"25KG/包(珠,中文)",工业级,滨化,KG,176,176,25,4,0,1,0,5.05,67,四川原料库（固）
2010310304214,氢氧化钠,"25KG/包(珠,中文)",工业级,滨化,KG,176,176,25,4,0,1,0,5.05,12,清远众望仓
2010310304214,氢氧化钠,"25KG/包(珠,中文)",工业级,滨化,KG,176,176,25,4,0,1,0,5.05,4395,超力仓
2010310304214,氢氧化钠,"25KG/包(珠,中文)",工业级,滨化,KG,176,176,25,4,0,1,0,5.05,4109,广州和发仓
2010310304214,氢氧化钠,"25KG/包(珠,中文)",工业级,滨化,KG,176,176,25,4,0,1,0,5.05,4475,直运仓
2010310304214,氢氧化钠(滨化)中文99%-珠(W),GY25kg/袋,,其他,KG,108946,109020,25,4,0,2,1,4.9,29,平台仓
2010310304214,氢氧化钠(滨化)中文99%-珠(W),GY25kg/袋,,其他,KG,108946,109020,25,4,0,2,1,4.9,4,精细佛山仓
2010310304214,氢氧化钠(滨化)中文99%-珠(W),GY25kg/袋,,其他,KG,108946,109020,25,4,0,2,1,4.9,1,和发远洋仓
2010310304214,氢氧化钠(滨化)中文99%-珠(W),GY25kg/袋,,其他,KG,108946,109020,25,4,0,2,1,4.9,52,汕头直运仓
2010310304214,氢氧化钠(滨化)中文99%-珠(W),GY25kg/袋,,其他,KG,108946,109020,25,4,0,2,1,4.9,40,直运2仓
2010310304214,氢氧化钠(滨化)中文99%-珠(W),GY25kg/袋,,其他,KG,108946,109020,25,4,0,2,1,4.9,706,东莞和发仓
2010310304214,氢氧化钠(滨化)中文99%-珠(W),GY25kg/袋,,其他,KG,108946,109020,25,4,0,2,1,4.9,2,穗杰新仓
2010310304214,氢氧化钠(滨化)中文99%-珠(W),GY25kg/袋,,其他,KG,108946,109020,25,4,0,2,1,4.9,23,上海青浦仓
2010310304214,氢氧化钠(滨化)中文99%-珠(W),GY25kg/袋,,其他,KG,108946,109020,25,4,0,2,1,4.9,13,直运仓
2010310304214,氢氧化钠(滨化)中文99%-珠(W),GY25kg/袋,,其他,KG,108946,109020,25,4,0,2,1,4.9,6,上海同发仓
2010310304214,氢氧化钠(滨化)中文99%-珠(W),GY25kg/袋,,其他,KG,108946,109020,25,4,0,2,1,4.9,765,汕头海力仓
2010310304214,氢氧化钠(滨化)中文99%-珠(W),GY25kg/袋,,其他,KG,108946,109020,25,4,0,2,1,4.9,78,佛山销售原料仓
2010310304214,氢氧化钠(滨化)中文99%-珠(W),GY25kg/袋,,其他,KG,108946,109020,25,4,0,2,1,4.9,47,股份销售原料仓
2010310304214,氢氧化钠(滨化)中文99%-珠(W),GY25kg/袋,,其他,KG,108946,109020,25,4,0,2,1,4.9,67,四川原料库（固）
2010310304214,氢氧化钠(滨化)中文99%-珠(W),GY25kg/袋,,其他,KG,108946,109020,25,4,0,2,1,4.9,12,清远众望仓
2010310304214,氢氧化钠(滨化)中文99%-珠(W),GY25kg/袋,,其他,KG,108946,109020,25,4,0,2,1,4.9,4395,超力仓
2010310304214,氢氧化钠(滨化)中文99%-珠(W),GY25kg/袋,,其他,KG,108946,109020,25,4,0,2,1,4.9,4109,广州和发仓
2010310304214,氢氧化钠(滨化)中文99%-珠(W),GY25kg/袋,,其他,KG,108946,109020,25,4,0,2,1,4.9,4475,直运仓
2010310304214,氢氧化钠(滨化)中文99%-珠(W),GY25kg/袋,,其他,KG,108947,109021,25,4,0,2,1,4.9,30,平台仓
2010310304214,氢氧化钠(滨化)中文99%-珠(W),GY25kg/袋,,其他,KG,108947,109021,25,4,0,2,1,4.9,4,精细佛山仓
2010310304214,氢氧化钠(滨化)中文99%-珠(W),GY25kg/袋,,其他,KG,108947,109021,25,4,0,2,1,4.9,1,和发远洋仓
2010310304214,氢氧化钠(滨化)中文99%-珠(W),GY25kg/袋,,其他,KG,108947,109021,25,4,0,2,1,4.9,52,汕头直运仓
2010310304214,氢氧化钠(滨化)中文99%-珠(W),GY25kg/袋,,其他,KG,108947,109021,25,4,0,2,1,4.9,40,直运2仓
2010310304214,氢氧化钠(滨化)中文99%-珠(W),GY25kg/袋,,其他,KG,108947,109021,25,4,0,2,1,4.9,706,东莞和发仓
2010310304214,氢氧化钠(滨化)中文99%-珠(W),GY25kg/袋,,其他,KG,108947,109021,25,4,0,2,1,4.9,2,穗杰新仓
2010310304214,氢氧化钠(滨化)中文99%-珠(W),GY25kg/袋,,其他,KG,108947,109021,25,4,0,2,1,4.9,23,上海青浦仓
2010310304214,氢氧化钠(滨化)中文99%-珠(W),GY25kg/袋,,其他,KG,108947,109021,25,4,0,2,1,4.9,13,直运仓
2010310304214,氢氧化钠(滨化)中文99%-珠(W),GY25kg/袋,,其他,KG,108947,109021,25,4,0,2,1,4.9,6,上海同发仓
2010310304214,氢氧化钠(滨化)中文99%-珠(W),GY25kg/袋,,其他,KG,108947,109021,25,4,0,2,1,4.9,765,汕头海力仓
2010310304214,氢氧化钠(滨化)中文99%-珠(W),GY25kg/袋,,其他,KG,108947,109021,25,4,0,2,1,4.9,78,佛山销售原料仓
2010310304214,氢氧化钠(滨化)中文99%-珠(W),GY25kg/袋,,其他,KG,108947,109021,25,4,0,2,1,4.9,47,股份销售原料仓
2010310304214,氢氧化钠(滨化)中文99%-珠(W),GY25kg/袋,,其他,KG,108947,109021,25,4,0,2,1,4.9,67,四川原料库（固）
2010310304214,氢氧化钠(滨化)中文99%-珠(W),GY25kg/袋,,其他,KG,108947,109021,25,4,0,2,1,4.9,12,清远众望仓
2010310304214,氢氧化钠(滨化)中文99%-珠(W),GY25kg/袋,,其他,KG,108947,109021,25,4,0,2,1,4.9,4395,超力仓
2010310304214,氢氧化钠(滨化)中文99%-珠(W),GY25kg/袋,,其他,KG,108947,109021,25,4,0,2,1,4.9,4109,广州和发仓
2010310304214,氢氧化钠(滨化)中文99%-珠(W),GY25kg/袋,,其他,KG,108947,109021,25,4,0,2,1,4.9,4475,直运仓
2010310304214,氢氧化钠(滨化)中文99%-珠(W),GY25kg/袋,,其他,KG,108948,109022,25,4,0,2,1,4.9,28,平台仓
2010310304214,氢氧化钠(滨化)中文99%-珠(W),GY25kg/袋,,其他,KG,108948,109022,25,4,0,2,1,4.9,4,精细佛山仓
2010310304214,氢氧化钠(滨化)中文99%-珠(W),GY25kg/袋,,其他,KG,108948,109022,25,4,0,2,1,4.9,1,和发远洋仓
2010310304214,氢氧化钠(滨化)中文99%-珠(W),GY25kg/袋,,其他,KG,108948,109022,25,4,0,2,1,4.9,52,汕头直运仓
2010310304214,氢氧化钠(滨化)中文99%-珠(W),GY25kg/袋,,其他,KG,108948,109022,25,4,0,2,1,4.9,40,直运2仓
2010310304214,氢氧化钠(滨化)中文99%-珠(W),GY25kg/袋,,其他,KG,108948,109022,25,4,0,2,1,4.9,706,东莞和发仓
2010310304214,氢氧化钠(滨化)中文99%-珠(W),GY25kg/袋,,其他,KG,108948,109022,25,4,0,2,1,4.9,2,穗杰新仓
2010310304214,氢氧化钠(滨化)中文99%-珠(W),GY25kg/袋,,其他,KG,108948,109022,25,4,0,2,1,4.9,23,上海青浦仓
2010310304214,氢氧化钠(滨化)中文99%-珠(W),GY25kg/袋,,其他,KG,108948,109022,25,4,0,2,1,4.9,13,直运仓
2010310304214,氢氧化钠(滨化)中文99%-珠(W),GY25kg/袋,,其他,KG,108948,109022,25,4,0,2,1,4.9,6,上海同发仓
2010310304214,氢氧化钠(滨化)中文99%-珠(W),GY25kg/袋,,其他,KG,108948,109022,25,4,0,2,1,4.9,765,汕头海力仓
2010310304214,氢氧化钠(滨化)中文99%-珠(W),GY25kg/袋,,其他,KG,108948,109022,25,4,0,2,1,4.9,78,佛山销售原料仓
2010310304214,氢氧化钠(滨化)中文99%-珠(W),GY25kg/袋,,其他,KG,108948,109022,25,4,0,2,1,4.9,47,股份销售原料仓
2010310304214,氢氧化钠(滨化)中文99%-珠(W),GY25kg/袋,,其他,KG,108948,109022,25,4,0,2,1,4.9,67,四川原料库（固）
2010310304214,氢氧化钠(滨化)中文99%-珠(W),GY25kg/袋,,其他,KG,108948,109022,25,4,0,2,1,4.9,12,清远众望仓
2010310304214,氢氧化钠(滨化)中文99%-珠(W),GY25kg/袋,,其他,KG,108948,109022,25,4,0,2,1,4.9,4395,超力仓
2010310304214,氢氧化钠(滨化)中文99%-珠(W),GY25kg/袋,,其他,KG,108948,109022,25,4,0,2,1,4.9,4109,广州和发仓
2010310304214,氢氧化钠(滨化)中文99%-珠(W),GY25kg/袋,,其他,KG,108948,109022,25,4,0,2,1,4.9,4475,直运仓
2010310304214,氢氧化钠(滨化)中文99%-珠(W),GY25kg/袋,,其他,KG,108950,109024,25,4,0,2,1,4.9,77,平台仓
2010310304214,氢氧化钠(滨化)中文99%-珠(W),GY25kg/袋,,其他,KG,108950,109024,25,4,0,2,1,4.9,4,精细佛山仓
2010310304214,氢氧化钠(滨化)中文99%-珠(W),GY25kg/袋,,其他,KG,108950,109024,25,4,0,2,1,4.9,1,和发远洋仓
2010310304214,氢氧化钠(滨化)中文99%-珠(W),GY25kg/袋,,其他,KG,108950,109024,25,4,0,2,1,4.9,52,汕头直运仓
2010310304214,氢氧化钠(滨化)中文99%-珠(W),GY25kg/袋,,其他,KG,108950,109024,25,4,0,2,1,4.9,40,直运2仓
2010310304214,氢氧化钠(滨化)中文99%-珠(W),GY25kg/袋,,其他,KG,108950,109024,25,4,0,2,1,4.9,706,东莞和发仓
2010310304214,氢氧化钠(滨化)中文99%-珠(W),GY25kg/袋,,其他,KG,108950,109024,25,4,0,2,1,4.9,2,穗杰新仓
2010310304214,氢氧化钠(滨化)中文99%-珠(W),GY25kg/袋,,其他,KG,108950,109024,25,4,0,2,1,4.9,23,上海青浦仓
2010310304214,氢氧化钠(滨化)中文99%-珠(W),GY25kg/袋,,其他,KG,108950,109024,25,4,0,2,1,4.9,13,直运仓
2010310304214,氢氧化钠(滨化)中文99%-珠(W),GY25kg/袋,,其他,KG,108950,109024,25,4,0,2,1,4.9,6,上海同发仓
2010310304214,氢氧化钠(滨化)中文99%-珠(W),GY25kg/袋,,其他,KG,108950,109024,25,4,0,2,1,4.9,765,汕头海力仓
2010310304214,氢氧化钠(滨化)中文99%-珠(W),GY25kg/袋,,其他,KG,108950,109024,25,4,0,2,1,4.9,78,佛山销售原料仓
2010310304214,氢氧化钠(滨化)中文99%-珠(W),GY25kg/袋,,其他,KG,108950,109024,25,4,0,2,1,4.9,47,股份销售原料仓
2010310304214,氢氧化钠(滨化)中文99%-珠(W),GY25kg/袋,,其他,KG,108950,109024,25,4,0,2,1,4.9,67,四川原料库（固）
2010310304214,氢氧化钠(滨化)中文99%-珠(W),GY25kg/袋,,其他,KG,108950,109024,25,4,0,2,1,4.9,12,清远众望仓
2010310304214,氢氧化钠(滨化)中文99%-珠(W),GY25kg/袋,,其他,KG,108950,109024,25,4,0,2,1,4.9,4395,超力仓
2010310304214,氢氧化钠(滨化)中文99%-珠(W),GY25kg/袋,,其他,KG,108950,109024,25,4,0,2,1,4.9,4109,广州和发仓
2010310304214,氢氧化钠(滨化)中文99%-珠(W),GY25kg/袋,,其他,KG,108950,109024,25,4,0,2,1,4.9,4475,直运仓
1320040101600M,石油醚(30~60),AR500ml/瓶,,西化,瓶,1569,1569,1,4,0,2,0,15.0,17,平台佛山仓
1320040101600M,石油醚(30~60),AR500ml/瓶,,西化,瓶,1569,1569,1,4,0,2,0,15.0,50,股份佛山成品（液）
1320040101600M,石油醚(30~60),AR500ml/瓶,,西化,瓶,1569,1569,1,4,0,2,0,15.0,4,精细佛山仓
1320040101600M,石油醚(30~60),AR500ml/瓶,,西化,瓶,1569,1569,1,4,0,2,0,15.0,90,成品库（NN）
1320040101600M,石油醚(30~60),AR500ml/瓶,,西化,瓶,1569,1569,1,4,0,2,0,15.0,61,四川小成品（液）
1320040101600M,石油醚(30~60),AR500ml/瓶,,西化,瓶,1569,1569,1,4,0,2,0,15.0,2536,佛山天津仓
1320040101600M,石油醚(30~60),AR500ml/瓶,,西化,瓶,1569,1569,1,4,0,2,0,15.0,82,佛山外寄仓
1320040101600M,石油醚(30~60),AR500ml/瓶,,西化,瓶,1569,1569,1,4,0,2,0,15.0,75,zyc_sc
1320040101600M,石油醚(30~60),AR500ml/瓶,,西化,瓶,1569,1569,1,4,0,2,0,15.0,57,股份成品仓（厂标)
1320040101600M,石油醚(30~60),AR500ml/瓶,,西化,瓶,1569,1569,1,4,0,2,0,15.0,80,佛山西陇成品(液)
1320040101600M,石油醚(30~60),AR500ml/瓶,,西化,瓶,1569,1569,1,4,0,2,0,15.0,2533,佛山成品（液）
1320040101600M,石油醚(30~60),AR500ml/瓶,,西化,瓶,1569,1569,1,4,0,2,0,15.0,4481,冲单仓
1320040101600M,石油醚(30~60),AR500ml/瓶,,西化,瓶,1569,1569,1,4,0,2,0,15.0,4479,佛山直运仓
1320040101600M,石油醚(30~60),AR500ml/瓶,AR,西化,瓶,6705,6705,1,4,0,2,1,21.4,29,平台仓
1320040101600M,石油醚(30~60),AR500ml/瓶,AR,西化,瓶,6705,6705,1,4,0,2,1,21.4,50,股份佛山成品（液）
1320040101600M,石油醚(30~60),AR500ml/瓶,AR,西化,瓶,6705,6705,1,4,0,2,1,21.4,4,精细佛山仓
1320040101600M,石油醚(30~60),AR500ml/瓶,AR,西化,瓶,6705,6705,1,4,0,2,1,21.4,90,成品库（NN）
1320040101600M,石油醚(30~60),AR500ml/瓶,AR,西化,瓶,6705,6705,1,4,0,2,1,21.4,61,四川小成品（液）
1320040101600M,石油醚(30~60),AR500ml/瓶,AR,西化,瓶,6705,6705,1,4,0,2,1,21.4,2536,佛山天津仓
1320040101600M,石油醚(30~60),AR500ml/瓶,AR,西化,瓶,6705,6705,1,4,0,2,1,21.4,82,佛山外寄仓
1320040101600M,石油醚(30~60),AR500ml/瓶,AR,西化,瓶,6705,6705,1,4,0,2,1,21.4,75,zyc_sc
1320040101600M,石油醚(30~60),AR500ml/瓶,AR,西化,瓶,6705,6705,1,4,0,2,1,21.4,57,股份成品仓（厂标)
1320040101600M,石油醚(30~60),AR500ml/瓶,AR,西化,瓶,6705,6705,1,4,0,2,1,21.4,80,佛山西陇成品(液)
1320040101600M,石油醚(30~60),AR500ml/瓶,AR,西化,瓶,6705,6705,1,4,0,2,1,21.4,2533,佛山成品（液）
1320040101600M,石油醚(30~60),AR500ml/瓶,AR,西化,瓶,6705,6705,1,4,0,2,1,21.4,4481,冲单仓
1320040101600M,石油醚(30~60),AR500ml/瓶,AR,西化,瓶,6705,6705,1,4,0,2,1,21.4,4479,佛山直运仓
1320040101600M,石油醚(30~60),AR500ml/瓶,AR,西化,瓶,11970,12015,1,4,0,2,1,21.4,30,平台仓
1320040101600M,石油醚(30~60),AR500ml/瓶,AR,西化,瓶,11970,12015,1,4,0,2,1,21.4,50,股份佛山成品（液）
1320040101600M,石油醚(30~60),AR500ml/瓶,AR,西化,瓶,11970,12015,1,4,0,2,1,21.4,4,精细佛山仓
1320040101600M,石油醚(30~60),AR500ml/瓶,AR,西化,瓶,11970,12015,1,4,0,2,1,21.4,90,成品库（NN）
1320040101600M,石油醚(30~60),AR500ml/瓶,AR,西化,瓶,11970,12015,1,4,0,2,1,21.4,61,四川小成品（液）
1320040101600M,石油醚(30~60),AR500ml/瓶,AR,西化,瓶,11970,12015,1,4,0,2,1,21.4,2536,佛山天津仓
1320040101600M,石油醚(30~60),AR500ml/瓶,AR,西化,瓶,11970,12015,1,4,0,2,1,21.4,82,佛山外寄仓
1320040101600M,石油醚(30~60),AR500ml/瓶,AR,西化,瓶,11970,12015,1,4,0,2,1,21.4,75,zyc_sc
1320040101600M,石油醚(30~60),AR500ml/瓶,AR,西化,瓶,11970,12015,1,4,0,2,1,21.4,57,股份成品仓（厂标)
1320040101600M,石油醚(30~60),AR500ml/瓶,AR,西化,瓶,11970,12015,1,4,0,2,1,21.4,80,佛山西陇成品(液)
1320040101600M,石油醚(30~60),AR500ml/瓶,AR,西化,瓶,11970,12015,1,4,0,2,1,21.4,2533,佛山成品（液）
1320040101600M,石油醚(30~60),AR500ml/瓶,AR,西化,瓶,11970,12015,1,4,0,2,1,21.4,4481,冲单仓
1320040101600M,石油醚(30~60),AR500ml/瓶,AR,西化,瓶,11970,12015,1,4,0,2,1,21.4,4479,佛山直运仓
1320040101600M,石油醚(30~60),AR500ml/瓶,AR,西化,瓶,83905,83975,1,4,0,2,1,21.4,77,平台仓
1320040101600M,石油醚(30~60),AR500ml/瓶,AR,西化,瓶,83905,83975,1,4,0,2,1,21.4,50,股份佛山成品（液）
1320040101600M,石油醚(30~60),AR500ml/瓶,AR,西化,瓶,83905,83975,1,4,0,2,1,21.4,4,精细佛山仓
1320040101600M,石油醚(30~60),AR500ml/瓶,AR,西化,瓶,83905,83975,1,4,0,2,1,21.4,90,成品库（NN）
1320040101600M,石油醚(30~60),AR500ml/瓶,AR,西化,瓶,83905,83975,1,4,0,2,1,21.4,61,四川小成品（液）
1320040101600M,石油醚(30~60),AR500ml/瓶,AR,西化,瓶,83905,83975,1,4,0,2,1,21.4,2536,佛山天津仓
1320040101600M,石油醚(30~60),AR500ml/瓶,AR,西化,瓶,83905,83975,1,4,0,2,1,21.4,82,佛山外寄仓
1320040101600M,石油醚(30~60),AR500ml/瓶,AR,西化,瓶,83905,83975,1,4,0,2,1,21.4,75,zyc_sc
1320040101600M,石油醚(30~60),AR500ml/瓶,AR,西化,瓶,83905,83975,1,4,0,2,1,21.4,57,股份成品仓（厂标)
1320040101600M,石油醚(30~60),AR500ml/瓶,AR,西化,瓶,83905,83975,1,4,0,2,1,21.4,80,佛山西陇成品(液)
1320040101600M,石油醚(30~60),AR500ml/瓶,AR,西化,瓶,83905,83975,1,4,0,2,1,21.4,2533,佛山成品（液）
1320040101600M,石油醚(30~60),AR500ml/瓶,AR,西化,瓶,83905,83975,1,4,0,2,1,21.4,4481,冲单仓
1320040101600M,石油醚(30~60),AR500ml/瓶,AR,西化,瓶,83905,83975,1,4,0,2,1,21.4,4479,佛山直运仓
1010160101700,二水合碘化钠,AR500g/瓶,,西化,瓶,1146,1146,1,0,0,2,0,504.0,17,平台佛山仓
1010160101700,二水合碘化钠,AR500g/瓶,,西化,瓶,1146,1146,1,0,0,2,0,504.0,48,股份佛山成品（固）
1010160101700,二水合碘化钠,AR500g/瓶,,西化,瓶,1146,1146,1,0,0,2,0,504.0,1370,中基仓(上海仓)
1010160101700,二水合碘化钠,AR500g/瓶,,西化,瓶,1146,1146,1,0,0,2,0,504.0,90,成品库（NN）
1010160101700,二水合碘化钠,AR500g/瓶,,西化,瓶,1146,1146,1,0,0,2,0,504.0,2536,佛山天津仓
1010160101700,二水合碘化钠,AR500g/瓶,,西化,瓶,1146,1146,1,0,0,2,0,504.0,13,直运仓
1010160101700,二水合碘化钠,AR500g/瓶,,西化,瓶,1146,1146,1,0,0,2,0,504.0,4,精细佛山仓
1010160101700,二水合碘化钠,AR500g/瓶,,西化,瓶,1146,1146,1,0,0,2,0,504.0,85,四川小成品（固）
1010160101700,二水合碘化钠,AR500g/瓶,,西化,瓶,1146,1146,1,0,0,2,0,504.0,79,佛山西陇成品(固)
1010160101700,二水合碘化钠,AR500g/瓶,,西化,瓶,1146,1146,1,0,0,2,0,504.0,57,股份成品仓（厂标)
1010160101700,二水合碘化钠,AR500g/瓶,AR,西化,瓶,221835,221279,1,0,0,2,12,720.0,29,平台仓
1010160101700,二水合碘化钠,AR500g/瓶,AR,西化,瓶,221835,221279,1,0,0,2,12,720.0,48,股份佛山成品（固）
1010160101700,二水合碘化钠,AR500g/瓶,AR,西化,瓶,221835,221279,1,0,0,2,12,720.0,1370,中基仓(上海仓)
1010160101700,二水合碘化钠,AR500g/瓶,AR,西化,瓶,221835,221279,1,0,0,2,12,720.0,90,成品库（NN）
1010160101700,二水合碘化钠,AR500g/瓶,AR,西化,瓶,221835,221279,1,0,0,2,12,720.0,2536,佛山天津仓
1010160101700,二水合碘化钠,AR500g/瓶,AR,西化,瓶,221835,221279,1,0,0,2,12,720.0,13,直运仓
1010160101700,二水合碘化钠,AR500g/瓶,AR,西化,瓶,221835,221279,1,0,0,2,12,720.0,4,精细佛山仓
1010160101700,二水合碘化钠,AR500g/瓶,AR,西化,瓶,221835,221279,1,0,0,2,12,720.0,85,四川小成品（固）
1010160101700,二水合碘化钠,AR500g/瓶,AR,西化,瓶,221835,221279,1,0,0,2,12,720.0,79,佛山西陇成品(固)
1010160101700,二水合碘化钠,AR500g/瓶,AR,西化,瓶,221835,221279,1,0,0,2,12,720.0,57,股份成品仓（厂标)
1010160101700,二水合碘化钠,AR500g/瓶,AR,西化,瓶,225930,223326,1,0,0,2,12,720.0,30,平台仓
1010160101700,二水合碘化钠,AR500g/瓶,AR,西化,瓶,225930,223326,1,0,0,2,12,720.0,48,股份佛山成品（固）
1010160101700,二水合碘化钠,AR500g/瓶,AR,西化,瓶,225930,223326,1,0,0,2,12,720.0,1370,中基仓(上海仓)
1010160101700,二水合碘化钠,AR500g/瓶,AR,西化,瓶,225930,223326,1,0,0,2,12,720.0,90,成品库（NN）
1010160101700,二水合碘化钠,AR500g/瓶,AR,西化,瓶,225930,223326,1,0,0,2,12,720.0,2536,佛山天津仓
1010160101700,二水合碘化钠,AR500g/瓶,AR,西化,瓶,225930,223326,1,0,0,2,12,720.0,13,直运仓
1010160101700,二水合碘化钠,AR500g/瓶,AR,西化,瓶,225930,223326,1,0,0,2,12,720.0,4,精细佛山仓
1010160101700,二水合碘化钠,AR500g/瓶,AR,西化,瓶,225930,223326,1,0,0,2,12,720.0,85,四川小成品（固）
1010160101700,二水合碘化钠,AR500g/瓶,AR,西化,瓶,225930,223326,1,0,0,2,12,720.0,79,佛山西陇成品(固)
1010160101700,二水合碘化钠,AR500g/瓶,AR,西化,瓶,225930,223326,1,0,0,2,12,720.0,57,股份成品仓（厂标)
1010160101700,二水合碘化钠,AR500g/瓶,AR,西化,瓶,230025,225373,1,0,0,2,12,720.0,28,平台仓
1010160101700,二水合碘化钠,AR500g/瓶,AR,西化,瓶,230025,225373,1,0,0,2,12,720.0,48,股份佛山成品（固）
1010160101700,二水合碘化钠,AR500g/瓶,AR,西化,瓶,230025,225373,1,0,0,2,12,720.0,1370,中基仓(上海仓)
1010160101700,二水合碘化钠,AR500g/瓶,AR,西化,瓶,230025,225373,1,0,0,2,12,720.0,90,成品库（NN）
1010160101700,二水合碘化钠,AR500g/瓶,AR,西化,瓶,230025,225373,1,0,0,2,12,720.0,2536,佛山天津仓
1010160101700,二水合碘化钠,AR500g/瓶,AR,西化,瓶,230025,225373,1,0,0,2,12,720.0,13,直运仓
1010160101700,二水合碘化钠,AR500g/瓶,AR,西化,瓶,230025,225373,1,0,0,2,12,720.0,4,精细佛山仓
1010160101700,二水合碘化钠,AR500g/瓶,AR,西化,瓶,230025,225373,1,0,0,2,12,720.0,85,四川小成品（固）
1010160101700,二水合碘化钠,AR500g/瓶,AR,西化,瓶,230025,225373,1,0,0,2,12,720.0,79,佛山西陇成品(固)
1010160101700,二水合碘化钠,AR500g/瓶,AR,西化,瓶,230025,225373,1,0,0,2,12,720.0,57,股份成品仓（厂标)
1010160101700,二水合碘化钠,AR500g/瓶,AR,西化,瓶,234120,227420,1,0,0,2,12,720.0,77,平台仓
1010160101700,二水合碘化钠,AR500g/瓶,AR,西化,瓶,234120,227420,1,0,0,2,12,720.0,48,股份佛山成品（固）
1010160101700,二水合碘化钠,AR500g/瓶,AR,西化,瓶,234120,227420,1,0,0,2,12,720.0,1370,中基仓(上海仓)
1010160101700,二水合碘化钠,AR500g/瓶,AR,西化,瓶,234120,227420,1,0,0,2,12,720.0,90,成品库（NN）
1010160101700,二水合碘化钠,AR500g/瓶,AR,西化,瓶,234120,227420,1,0,0,2,12,720.0,2536,佛山天津仓
1010160101700,二水合碘化钠,AR500g/瓶,AR,西化,瓶,234120,227420,1,0,0,2,12,720.0,13,直运仓
1010160101700,二水合碘化钠,AR500g/瓶,AR,西化,瓶,234120,227420,1,0,0,2,12,720.0,4,精细佛山仓
1010160101700,二水合碘化钠,AR500g/瓶,AR,西化,瓶,234120,227420,1,0,0,2,12,720.0,85,四川小成品（固）
1010160101700,二水合碘化钠,AR500g/瓶,AR,西化,瓶,234120,227420,1,0,0,2,12,720.0,79,佛山西陇成品(固)
1010160101700,二水合碘化钠,AR500g/瓶,AR,西化,瓶,234120,227420,1,0,0,2,12,720.0,57,股份成品仓（厂标)
1270180104202,硅酸,AR25kg/桶,AR,西化,KG,72235,72292,25,0,0,2,1,68.0,29,平台仓
1270180104202,硅酸,AR25kg/桶,AR,西化,KG,72235,72292,25,0,0,2,1,68.0,58,股份成品库（二）
1270180104202,硅酸,AR25kg/桶,AR,西化,KG,72235,72292,25,0,0,2,1,68.0,81,佛山西陇成品(二)
1270180104202,硅酸,AR25kg/桶,AR,西化,KG,72235,72292,25,0,0,2,1,68.0,65,四川大成品（固）
1270180104202,硅酸,AR25kg/桶,AR,西化,KG,72236,72293,25,0,0,2,1,68.0,30,平台仓
1270180104202,硅酸,AR25kg/桶,AR,西化,KG,72236,72293,25,0,0,2,1,68.0,58,股份成品库（二）
1270180104202,硅酸,AR25kg/桶,AR,西化,KG,72236,72293,25,0,0,2,1,68.0,81,佛山西陇成品(二)
1270180104202,硅酸,AR25kg/桶,AR,西化,KG,72236,72293,25,0,0,2,1,68.0,65,四川大成品（固）
1270180104202,硅酸,AR25kg/桶,AR,西化,KG,72237,72294,25,0,0,2,1,68.0,28,平台仓
1270180104202,硅酸,AR25kg/桶,AR,西化,KG,72237,72294,25,0,0,2,1,68.0,58,股份成品库（二）
1270180104202,硅酸,AR25kg/桶,AR,西化,KG,72237,72294,25,0,0,2,1,68.0,81,佛山西陇成品(二)
1270180104202,硅酸,AR25kg/桶,AR,西化,KG,72237,72294,25,0,0,2,1,68.0,65,四川大成品（固）
1270180104202,硅酸,AR25kg/桶,AR,西化,KG,84854,84924,25,0,0,2,1,68.0,77,平台仓
1270180104202,硅酸,AR25kg/桶,AR,西化,KG,84854,84924,25,0,0,2,1,68.0,58,股份成品库（二）
1270180104202,硅酸,AR25kg/桶,AR,西化,KG,84854,84924,25,0,0,2,1,68.0,81,佛山西陇成品(二)
1270180104202,硅酸,AR25kg/桶,AR,西化,KG,84854,84924,25,0,0,2,1,68.0,65,四川大成品（固）
1010470101700,无水碳酸钠,AR500g/瓶,,西化,瓶,1649,1649,1,0,0,2,0,13.2,17,平台佛山仓
1010470101700,无水碳酸钠,AR500g/瓶,,西化,瓶,1649,1649,1,0,0,2,0,13.2,90,成品库（NN）
1010470101700,无水碳酸钠,AR500g/瓶,,西化,瓶,1649,1649,1,0,0,2,0,13.2,2536,佛山天津仓
1010470101700,无水碳酸钠,AR500g/瓶,,西化,瓶,1649,1649,1,0,0,2,0,13.2,79,佛山西陇成品(固)
1010470101700,无水碳酸钠,AR500g/瓶,,西化,瓶,1649,1649,1,0,0,2,0,13.2,2533,佛山成品（液）
1010470101700,无水碳酸钠,AR500g/瓶,,西化,瓶,1649,1649,1,0,0,2,0,13.2,56,股份出口仓
1010470101700,无水碳酸钠,AR500g/瓶,,西化,瓶,1649,1649,1,0,0,2,0,13.2,1370,中基仓(上海仓)
1010470101700,无水碳酸钠,AR500g/瓶,,西化,瓶,1649,1649,1,0,0,2,0,13.2,48,股份佛山成品（固）
1010470101700,无水碳酸钠,AR500g/瓶,,西化,瓶,1649,1649,1,0,0,2,0,13.2,4,精细佛山仓
1010470101700,无水碳酸钠,AR500g/瓶,,西化,瓶,1649,1649,1,0,0,2,0,13.2,57,股份成品仓（厂标)
1010470101700,无水碳酸钠,AR500g/瓶,,西化,瓶,1649,1649,1,0,0,2,0,13.2,4481,冲单仓
1010470101700,无水碳酸钠,AR500g/瓶,,西化,瓶,1649,1649,1,0,0,2,0,13.2,4476,平账仓
1010470101700,无水碳酸钠,AR500g/瓶,AR,西化,瓶,222245,221537,1,0,0,2,7,18.8,29,平台仓
1010470101700,无水碳酸钠,AR500g/瓶,AR,西化,瓶,222245,221537,1,0,0,2,7,18.8,91,平台实体仓
1010470101700,无水碳酸钠,AR500g/瓶,AR,西化,瓶,222245,221537,1,0,0,2,7,18.8,90,成品库（NN）
1010470101700,无水碳酸钠,AR500g/瓶,AR,西化,瓶,222245,221537,1,0,0,2,7,18.8,2536,佛山天津仓
1010470101700,无水碳酸钠,AR500g/瓶,AR,西化,瓶,222245,221537,1,0,0,2,7,18.8,79,佛山西陇成品(固)
1010470101700,无水碳酸钠,AR500g/瓶,AR,西化,瓶,222245,221537,1,0,0,2,7,18.8,2533,佛山成品（液）
1010470101700,无水碳酸钠,AR500g/瓶,AR,西化,瓶,222245,221537,1,0,0,2,7,18.8,56,股份出口仓
1010470101700,无水碳酸钠,AR500g/瓶,AR,西化,瓶,222245,221537,1,0,0,2,7,18.8,1370,中基仓(上海仓)
1010470101700,无水碳酸钠,AR500g/瓶,AR,西化,瓶,222245,221537,1,0,0,2,7,18.8,48,股份佛山成品（固）
1010470101700,无水碳酸钠,AR500g/瓶,AR,西化,瓶,222245,221537,1,0,0,2,7,18.8,4,精细佛山仓
1010470101700,无水碳酸钠,AR500g/瓶,AR,西化,瓶,222245,221537,1,0,0,2,7,18.8,57,股份成品仓（厂标)
1010470101700,无水碳酸钠,AR500g/瓶,AR,西化,瓶,222245,221537,1,0,0,2,7,18.8,4481,冲单仓
1010470101700,无水碳酸钠,AR500g/瓶,AR,西化,瓶,222245,221537,1,0,0,2,7,18.8,4476,平账仓
1010470101700,无水碳酸钠,AR500g/瓶,AR,西化,瓶,226340,223584,1,0,0,2,7,18.8,30,平台仓
1010470101700,无水碳酸钠,AR500g/瓶,AR,西化,瓶,226340,223584,1,0,0,2,7,18.8,90,成品库（NN）
1010470101700,无水碳酸钠,AR500g/瓶,AR,西化,瓶,226340,223584,1,0,0,2,7,18.8,2536,佛山天津仓
1010470101700,无水碳酸钠,AR500g/瓶,AR,西化,瓶,226340,223584,1,0,0,2,7,18.8,79,佛山西陇成品(固)
1010470101700,无水碳酸钠,AR500g/瓶,AR,西化,瓶,226340,223584,1,0,0,2,7,18.8,2533,佛山成品（液）
1010470101700,无水碳酸钠,AR500g/瓶,AR,西化,瓶,226340,223584,1,0,0,2,7,18.8,56,股份出口仓
1010470101700,无水碳酸钠,AR500g/瓶,AR,西化,瓶,226340,223584,1,0,0,2,7,18.8,1370,中基仓(上海仓)
1010470101700,无水碳酸钠,AR500g/瓶,AR,西化,瓶,226340,223584,1,0,0,2,7,18.8,48,股份佛山成品（固）
1010470101700,无水碳酸钠,AR500g/瓶,AR,西化,瓶,226340,223584,1,0,0,2,7,18.8,4,精细佛山仓
1010470101700,无水碳酸钠,AR500g/瓶,AR,西化,瓶,226340,223584,1,0,0,2,7,18.8,57,股份成品仓（厂标)
1010470101700,无水碳酸钠,AR500g/瓶,AR,西化,瓶,226340,223584,1,0,0,2,7,18.8,4481,冲单仓
1010470101700,无水碳酸钠,AR500g/瓶,AR,西化,瓶,226340,223584,1,0,0,2,7,18.8,4476,平账仓
1010470101700,无水碳酸钠,AR500g/瓶,AR,西化,瓶,230435,225631,1,0,0,2,7,18.8,28,平台仓
1010470101700,无水碳酸钠,AR500g/瓶,AR,西化,瓶,230435,225631,1,0,0,2,7,18.8,90,成品库（NN）
1010470101700,无水碳酸钠,AR500g/瓶,AR,西化,瓶,230435,225631,1,0,0,2,7,18.8,2536,佛山天津仓
1010470101700,无水碳酸钠,AR500g/瓶,AR,西化,瓶,230435,225631,1,0,0,2,7,18.8,79,佛山西陇成品(固)
1010470101700,无水碳酸钠,AR500g/瓶,AR,西化,瓶,230435,225631,1,0,0,2,7,18.8,2533,佛山成品（液）
1010470101700,无水碳酸钠,AR500g/瓶,AR,西化,瓶,230435,225631,1,0,0,2,7,18.8,56,股份出口仓
1010470101700,无水碳酸钠,AR500g/瓶,AR,西化,瓶,230435,225631,1,0,0,2,7,18.8,1370,中基仓(上海仓)
1010470101700,无水碳酸钠,AR500g/瓶,AR,西化,瓶,230435,225631,1,0,0,2,7,18.8,48,股份佛山成品（固）
1010470101700,无水碳酸钠,AR500g/瓶,AR,西化,瓶,230435,225631,1,0,0,2,7,18.8,4,精细佛山仓
1010470101700,无水碳酸钠,AR500g/瓶,AR,西化,瓶,230435,225631,1,0,0,2,7,18.8,57,股份成品仓（厂标)
1010470101700,无水碳酸钠,AR500g/瓶,AR,西化,瓶,230435,225631,1,0,0,2,7,18.8,4481,冲单仓
1010470101700,无水碳酸钠,AR500g/瓶,AR,西化,瓶,230435,225631,1,0,0,2,7,18.8,4476,平账仓
1010470101700,无水碳酸钠,AR500g/瓶,AR,西化,瓶,234530,227678,1,0,0,2,7,18.8,77,平台仓
1010470101700,无水碳酸钠,AR500g/瓶,AR,西化,瓶,234530,227678,1,0,0,2,7,18.8,90,成品库（NN）
1010470101700,无水碳酸钠,AR500g/瓶,AR,西化,瓶,234530,227678,1,0,0,2,7,18.8,2536,佛山天津仓
1010470101700,无水碳酸钠,AR500g/瓶,AR,西化,瓶,234530,227678,1,0,0,2,7,18.8,79,佛山西陇成品(固)
1010470101700,无水碳酸钠,AR500g/瓶,AR,西化,瓶,234530,227678,1,0,0,2,7,18.8,2533,佛山成品（液）
1010470101700,无水碳酸钠,AR500g/瓶,AR,西化,瓶,234530,227678,1,0,0,2,7,18.8,56,股份出口仓
1010470101700,无水碳酸钠,AR500g/瓶,AR,西化,瓶,234530,227678,1,0,0,2,7,18.8,1370,中基仓(上海仓)
1010470101700,无水碳酸钠,AR500g/瓶,AR,西化,瓶,234530,227678,1,0,0,2,7,18.8,48,股份佛山成品（固）
1010470101700,无水碳酸钠,AR500g/瓶,AR,西化,瓶,234530,227678,1,0,0,2,7,18.8,4,精细佛山仓
1010470101700,无水碳酸钠,AR500g/瓶,AR,西化,瓶,234530,227678,1,0,0,2,7,18.8,57,股份成品仓（厂标)
1010470101700,无水碳酸钠,AR500g/瓶,AR,西化,瓶,234530,227678,1,0,0,2,7,18.8,4481,冲单仓
1010470101700,无水碳酸钠,AR500g/瓶,AR,西化,瓶,234530,227678,1,0,0,2,7,18.8,4476,平账仓
1010730101700,过硫酸钠,AR500g/瓶,,西化,瓶,1219,1219,1,4,0,2,0,10.9,17,平台佛山仓
1010730101700,过硫酸钠,AR500g/瓶,,西化,瓶,1219,1219,1,4,0,2,0,10.9,79,佛山西陇成品(固)
1010730101700,过硫酸钠,AR500g/瓶,,西化,瓶,1219,1219,1,4,0,2,0,10.9,85,四川小成品（固）
1010730101700,过硫酸钠,AR500g/瓶,,西化,瓶,1219,1219,1,4,0,2,0,10.9,2533,佛山成品（液）
1010730101700,过硫酸钠,AR500g/瓶,,西化,瓶,1219,1219,1,4,0,2,0,10.9,278,甲类成品仓
1010730101700,过硫酸钠,AR500g/瓶,,西化,瓶,1219,1219,1,4,0,2,0,10.9,2996,佛山仓库
1010730101700,过硫酸钠,AR500g/瓶,,西化,瓶,1219,1219,1,4,0,2,0,10.9,82,佛山外寄仓
1010730101700,过硫酸钠,AR500g/瓶,,西化,瓶,1219,1219,1,4,0,2,0,10.9,1370,中基仓(上海仓)
1010730101700,过硫酸钠,AR500g/瓶,,西化,瓶,1219,1219,1,4,0,2,0,10.9,57,股份成品仓（厂标)
1010730101700,过硫酸钠,AR500g/瓶,,西化,瓶,1219,1219,1,4,0,2,0,10.9,4,精细佛山仓
1010730101700,过硫酸钠,AR500g/瓶,,西化,瓶,1219,1219,1,4,0,2,0,10.9,2536,佛山天津仓
1010730101700,过硫酸钠,AR500g/瓶,,西化,瓶,1219,1219,1,4,0,2,0,10.9,4473,冲单仓
1010730101700,过硫酸钠,AR500g/瓶,AR,西化,瓶,223188,222037,1,4,0,2,7,15.6,29,平台仓
1010730101700,过硫酸钠,AR500g/瓶,AR,西化,瓶,223188,222037,1,4,0,2,7,15.6,79,佛山西陇成品(固)
1010730101700,过硫酸钠,AR500g/瓶,AR,西化,瓶,223188,222037,1,4,0,2,7,15.6,85,四川小成品（固）
1010730101700,过硫酸钠,AR500g/瓶,AR,西化,瓶,223188,222037,1,4,0,2,7,15.6,2533,佛山成品（液）
1010730101700,过硫酸钠,AR500g/瓶,AR,西化,瓶,223188,222037,1,4,0,2,7,15.6,278,甲类成品仓
1010730101700,过硫酸钠,AR500g/瓶,AR,西化,瓶,223188,222037,1,4,0,2,7,15.6,2996,佛山仓库
1010730101700,过硫酸钠,AR500g/瓶,AR,西化,瓶,223188,222037,1,4,0,2,7,15.6,82,佛山外寄仓
1010730101700,过硫酸钠,AR500g/瓶,AR,西化,瓶,223188,222037,1,4,0,2,7,15.6,1370,中基仓(上海仓)
1010730101700,过硫酸钠,AR500g/瓶,AR,西化,瓶,223188,222037,1,4,0,2,7,15.6,57,股份成品仓（厂标)
1010730101700,过硫酸钠,AR500g/瓶,AR,西化,瓶,223188,222037,1,4,0,2,7,15.6,4,精细佛山仓
1010730101700,过硫酸钠,AR500g/瓶,AR,西化,瓶,223188,222037,1,4,0,2,7,15.6,2536,佛山天津仓
1010730101700,过硫酸钠,AR500g/瓶,AR,西化,瓶,223188,222037,1,4,0,2,7,15.6,4473,冲单仓
1010730101700,过硫酸钠,AR500g/瓶,AR,西化,瓶,227283,224084,1,4,0,2,7,15.6,30,平台仓
1010730101700,过硫酸钠,AR500g/瓶,AR,西化,瓶,227283,224084,1,4,0,2,7,15.6,79,佛山西陇成品(固)
1010730101700,过硫酸钠,AR500g/瓶,AR,西化,瓶,227283,224084,1,4,0,2,7,15.6,85,四川小成品（固）
1010730101700,过硫酸钠,AR500g/瓶,AR,西化,瓶,227283,224084,1,4,0,2,7,15.6,2533,佛山成品（液）
1010730101700,过硫酸钠,AR500g/瓶,AR,西化,瓶,227283,224084,1,4,0,2,7,15.6,278,甲类成品仓
1010730101700,过硫酸钠,AR500g/瓶,AR,西化,瓶,227283,224084,1,4,0,2,7,15.6,2996,佛山仓库
1010730101700,过硫酸钠,AR500g/瓶,AR,西化,瓶,227283,224084,1,4,0,2,7,15.6,82,佛山外寄仓
1010730101700,过硫酸钠,AR500g/瓶,AR,西化,瓶,227283,224084,1,4,0,2,7,15.6,1370,中基仓(上海仓)
1010730101700,过硫酸钠,AR500g/瓶,AR,西化,瓶,227283,224084,1,4,0,2,7,15.6,57,股份成品仓（厂标)
1010730101700,过硫酸钠,AR500g/瓶,AR,西化,瓶,227283,224084,1,4,0,2,7,15.6,4,精细佛山仓
1010730101700,过硫酸钠,AR500g/瓶,AR,西化,瓶,227283,224084,1,4,0,2,7,15.6,2536,佛山天津仓
1010730101700,过硫酸钠,AR500g/瓶,AR,西化,瓶,227283,224084,1,4,0,2,7,15.6,4473,冲单仓
1010730101700,过硫酸钠,AR500g/瓶,AR,西化,瓶,231378,226131,1,4,0,2,7,15.6,28,平台仓
1010730101700,过硫酸钠,AR500g/瓶,AR,西化,瓶,231378,226131,1,4,0,2,7,15.6,79,佛山西陇成品(固)
1010730101700,过硫酸钠,AR500g/瓶,AR,西化,瓶,231378,226131,1,4,0,2,7,15.6,85,四川小成品（固）
1010730101700,过硫酸钠,AR500g/瓶,AR,西化,瓶,231378,226131,1,4,0,2,7,15.6,2533,佛山成品（液）
1010730101700,过硫酸钠,AR500g/瓶,AR,西化,瓶,231378,226131,1,4,0,2,7,15.6,278,甲类成品仓
1010730101700,过硫酸钠,AR500g/瓶,AR,西化,瓶,231378,226131,1,4,0,2,7,15.6,2996,佛山仓库
1010730101700,过硫酸钠,AR500g/瓶,AR,西化,瓶,231378,226131,1,4,0,2,7,15.6,82,佛山外寄仓
1010730101700,过硫酸钠,AR500g/瓶,AR,西化,瓶,231378,226131,1,4,0,2,7,15.6,1370,中基仓(上海仓)
1010730101700,过硫酸钠,AR500g/瓶,AR,西化,瓶,231378,226131,1,4,0,2,7,15.6,57,股份成品仓（厂标)
1010730101700,过硫酸钠,AR500g/瓶,AR,西化,瓶,231378,226131,1,4,0,2,7,15.6,4,精细佛山仓
1010730101700,过硫酸钠,AR500g/瓶,AR,西化,瓶,231378,226131,1,4,0,2,7,15.6,2536,佛山天津仓
1010730101700,过硫酸钠,AR500g/瓶,AR,西化,瓶,231378,226131,1,4,0,2,7,15.6,4473,冲单仓
1010730101700,过硫酸钠,AR500g/瓶,AR,西化,瓶,235473,228178,1,4,0,2,7,15.6,77,平台仓
1010730101700,过硫酸钠,AR500g/瓶,AR,西化,瓶,235473,228178,1,4,0,2,7,15.6,79,佛山西陇成品(固)
1010730101700,过硫酸钠,AR500g/瓶,AR,西化,瓶,235473,228178,1,4,0,2,7,15.6,85,四川小成品（固）
1010730101700,过硫酸钠,AR500g/瓶,AR,西化,瓶,235473,228178,1,4,0,2,7,15.6,2533,佛山成品（液）
1010730101700,过硫酸钠,AR500g/瓶,AR,西化,瓶,235473,228178,1,4,0,2,7,15.6,278,甲类成品仓
1010730101700,过硫酸钠,AR500g/瓶,AR,西化,瓶,235473,228178,1,4,0,2,7,15.6,2996,佛山仓库
1010730101700,过硫酸钠,AR500g/瓶,AR,西化,瓶,235473,228178,1,4,0,2,7,15.6,82,佛山外寄仓
1010730101700,过硫酸钠,AR500g/瓶,AR,西化,瓶,235473,228178,1,4,0,2,7,15.6,1370,中基仓(上海仓)
1010730101700,过硫酸钠,AR500g/瓶,AR,西化,瓶,235473,228178,1,4,0,2,7,15.6,57,股份成品仓（厂标)
1010730101700,过硫酸钠,AR500g/瓶,AR,西化,瓶,235473,228178,1,4,0,2,7,15.6,4,精细佛山仓
1010730101700,过硫酸钠,AR500g/瓶,AR,西化,瓶,235473,228178,1,4,0,2,7,15.6,2536,佛山天津仓
1010730101700,过硫酸钠,AR500g/瓶,AR,西化,瓶,235473,228178,1,4,0,2,7,15.6,4473,冲单仓
1280340101601,乙醇（无水乙醇）,AR500ml/玻瓶,,西化,瓶,1768,1768,1,4,0,2,0,9.8,17,平台佛山仓
1280340101601,乙醇（无水乙醇）,AR500ml/玻瓶,,西化,瓶,1768,1768,1,4,0,2,0,9.8,2536,佛山天津仓
1280340101601,乙醇（无水乙醇）,AR500ml/玻瓶,,西化,瓶,1768,1768,1,4,0,2,0,9.8,13,直运仓
1280340101601,乙醇（无水乙醇）,AR500ml/玻瓶,,西化,瓶,1768,1768,1,4,0,2,0,9.8,57,股份成品仓（厂标)
1280340101601,乙醇（无水乙醇）,AR500ml/玻瓶,,西化,瓶,1768,1768,1,4,0,2,0,9.8,278,甲类成品仓
1280340101601,乙醇（无水乙醇）,AR500ml/玻瓶,,西化,瓶,1768,1768,1,4,0,2,0,9.8,50,股份佛山成品（液）
1280340101601,乙醇（无水乙醇）,AR500ml/玻瓶,,西化,瓶,1768,1768,1,4,0,2,0,9.8,4,精细佛山仓
1280340101601,乙醇（无水乙醇）,AR500ml/玻瓶,,西化,瓶,1768,1768,1,4,0,2,0,9.8,82,佛山外寄仓
1280340101601,乙醇（无水乙醇）,AR500ml/玻瓶,,西化,瓶,1768,1768,1,4,0,2,0,9.8,2996,佛山仓库
1280340101601,乙醇（无水乙醇）,AR500ml/玻瓶,,西化,瓶,1768,1768,1,4,0,2,0,9.8,1370,中基仓(上海仓)
1280340101601,乙醇（无水乙醇）,AR500ml/玻瓶,,西化,瓶,1768,1768,1,4,0,2,0,9.8,2996,佛山仓库
1280340101601,乙醇（无水乙醇）,AR500ml/玻瓶,,西化,瓶,1768,1768,1,4,0,2,0,9.8,90,成品库（NN）
1280340101601,乙醇（无水乙醇）,AR500ml/玻瓶,,西化,瓶,1768,1768,1,4,0,2,0,9.8,4481,冲单仓
1280340101601,乙醇（无水乙醇）,AR500ml/玻瓶,,西化,瓶,1768,1768,1,4,0,2,0,9.8,4473,冲单仓
1280340101601,乙醇(无水乙醇),AR500ml/玻瓶,AR,西化,瓶,221709,491823,1,4,0,2,0,14.0,29,平台仓
1280340101601,乙醇(无水乙醇),AR500ml/玻瓶,AR,西化,瓶,221709,491823,1,4,0,2,0,14.0,91,平台实体仓
1280340101601,乙醇(无水乙醇),AR500ml/玻瓶,AR,西化,瓶,221709,491823,1,4,0,2,0,14.0,2536,佛山天津仓
1280340101601,乙醇(无水乙醇),AR500ml/玻瓶,AR,西化,瓶,221709,491823,1,4,0,2,0,14.0,13,直运仓
1280340101601,乙醇(无水乙醇),AR500ml/玻瓶,AR,西化,瓶,221709,491823,1,4,0,2,0,14.0,57,股份成品仓（厂标)
1280340101601,乙醇(无水乙醇),AR500ml/玻瓶,AR,西化,瓶,221709,491823,1,4,0,2,0,14.0,278,甲类成品仓
1280340101601,乙醇(无水乙醇),AR500ml/玻瓶,AR,西化,瓶,221709,491823,1,4,0,2,0,14.0,50,股份佛山成品（液）
1280340101601,乙醇(无水乙醇),AR500ml/玻瓶,AR,西化,瓶,221709,491823,1,4,0,2,0,14.0,4,精细佛山仓
1280340101601,乙醇(无水乙醇),AR500ml/玻瓶,AR,西化,瓶,221709,491823,1,4,0,2,0,14.0,82,佛山外寄仓
1280340101601,乙醇(无水乙醇),AR500ml/玻瓶,AR,西化,瓶,221709,491823,1,4,0,2,0,14.0,2996,佛山仓库
1280340101601,乙醇(无水乙醇),AR500ml/玻瓶,AR,西化,瓶,221709,491823,1,4,0,2,0,14.0,1370,中基仓(上海仓)
1280340101601,乙醇(无水乙醇),AR500ml/玻瓶,AR,西化,瓶,221709,491823,1,4,0,2,0,14.0,2996,佛山仓库
1280340101601,乙醇(无水乙醇),AR500ml/玻瓶,AR,西化,瓶,221709,491823,1,4,0,2,0,14.0,90,成品库（NN）
1280340101601,乙醇(无水乙醇),AR500ml/玻瓶,AR,西化,瓶,221709,491823,1,4,0,2,0,14.0,4481,冲单仓
1280340101601,乙醇(无水乙醇),AR500ml/玻瓶,AR,西化,瓶,221709,491823,1,4,0,2,0,14.0,4473,冲单仓
1280340101601,乙醇(无水乙醇),AR500ml/玻瓶,AR,西化,瓶,225804,498748,1,4,0,2,0,14.0,30,平台仓
1280340101601,乙醇(无水乙醇),AR500ml/玻瓶,AR,西化,瓶,225804,498748,1,4,0,2,0,14.0,2536,佛山天津仓
1280340101601,乙醇(无水乙醇),AR500ml/玻瓶,AR,西化,瓶,225804,498748,1,4,0,2,0,14.0,13,直运仓
1280340101601,乙醇(无水乙醇),AR500ml/玻瓶,AR,西化,瓶,225804,498748,1,4,0,2,0,14.0,57,股份成品仓（厂标)
1280340101601,乙醇(无水乙醇),AR500ml/玻瓶,AR,西化,瓶,225804,498748,1,4,0,2,0,14.0,278,甲类成品仓
1280340101601,乙醇(无水乙醇),AR500ml/玻瓶,AR,西化,瓶,225804,498748,1,4,0,2,0,14.0,50,股份佛山成品（液）
1280340101601,乙醇(无水乙醇),AR500ml/玻瓶,AR,西化,瓶,225804,498748,1,4,0,2,0,14.0,4,精细佛山仓
1280340101601,乙醇(无水乙醇),AR500ml/玻瓶,AR,西化,瓶,225804,498748,1,4,0,2,0,14.0,82,佛山外寄仓
1280340101601,乙醇(无水乙醇),AR500ml/玻瓶,AR,西化,瓶,225804,498748,1,4,0,2,0,14.0,2996,佛山仓库
1280340101601,乙醇(无水乙醇),AR500ml/玻瓶,AR,西化,瓶,225804,498748,1,4,0,2,0,14.0,1370,中基仓(上海仓)
1280340101601,乙醇(无水乙醇),AR500ml/玻瓶,AR,西化,瓶,225804,498748,1,4,0,2,0,14.0,2996,佛山仓库
1280340101601,乙醇(无水乙醇),AR500ml/玻瓶,AR,西化,瓶,225804,498748,1,4,0,2,0,14.0,90,成品库（NN）
1280340101601,乙醇(无水乙醇),AR500ml/玻瓶,AR,西化,瓶,225804,498748,1,4,0,2,0,14.0,4481,冲单仓
1280340101601,乙醇(无水乙醇),AR500ml/玻瓶,AR,西化,瓶,225804,498748,1,4,0,2,0,14.0,4473,冲单仓
1280340101601,乙醇(无水乙醇),AR500ml/玻瓶,AR,西化,瓶,229899,499656,1,4,0,2,0,14.0,28,平台仓
1280340101601,乙醇(无水乙醇),AR500ml/玻瓶,AR,西化,瓶,229899,499656,1,4,0,2,0,14.0,2536,佛山天津仓
1280340101601,乙醇(无水乙醇),AR500ml/玻瓶,AR,西化,瓶,229899,499656,1,4,0,2,0,14.0,13,直运仓
1280340101601,乙醇(无水乙醇),AR500ml/玻瓶,AR,西化,瓶,229899,499656,1,4,0,2,0,14.0,57,股份成品仓（厂标)
1280340101601,乙醇(无水乙醇),AR500ml/玻瓶,AR,西化,瓶,229899,499656,1,4,0,2,0,14.0,278,甲类成品仓
1280340101601,乙醇(无水乙醇),AR500ml/玻瓶,AR,西化,瓶,229899,499656,1,4,0,2,0,14.0,50,股份佛山成品（液）
1280340101601,乙醇(无水乙醇),AR500ml/玻瓶,AR,西化,瓶,229899,499656,1,4,0,2,0,14.0,4,精细佛山仓
1280340101601,乙醇(无水乙醇),AR500ml/玻瓶,AR,西化,瓶,229899,499656,1,4,0,2,0,14.0,82,佛山外寄仓
1280340101601,乙醇(无水乙醇),AR500ml/玻瓶,AR,西化,瓶,229899,499656,1,4,0,2,0,14.0,2996,佛山仓库
1280340101601,乙醇(无水乙醇),AR500ml/玻瓶,AR,西化,瓶,229899,499656,1,4,0,2,0,14.0,1370,中基仓(上海仓)
1280340101601,乙醇(无水乙醇),AR500ml/玻瓶,AR,西化,瓶,229899,499656,1,4,0,2,0,14.0,2996,佛山仓库
1280340101601,乙醇(无水乙醇),AR500ml/玻瓶,AR,西化,瓶,229899,499656,1,4,0,2,0,14.0,90,成品库（NN）
1280340101601,乙醇(无水乙醇),AR500ml/玻瓶,AR,西化,瓶,229899,499656,1,4,0,2,0,14.0,4481,冲单仓
1280340101601,乙醇(无水乙醇),AR500ml/玻瓶,AR,西化,瓶,229899,499656,1,4,0,2,0,14.0,4473,冲单仓
1280340101601,乙醇(无水乙醇),AR500ml/玻瓶,AR,西化,瓶,233994,500551,1,4,0,2,0,14.0,77,平台仓
1280340101601,乙醇(无水乙醇),AR500ml/玻瓶,AR,西化,瓶,233994,500551,1,4,0,2,0,14.0,2536,佛山天津仓
1280340101601,乙醇(无水乙醇),AR500ml/玻瓶,AR,西化,瓶,233994,500551,1,4,0,2,0,14.0,13,直运仓
1280340101601,乙醇(无水乙醇),AR500ml/玻瓶,AR,西化,瓶,233994,500551,1,4,0,2,0,14.0,57,股份成品仓（厂标)
1280340101601,乙醇(无水乙醇),AR500ml/玻瓶,AR,西化,瓶,233994,500551,1,4,0,2,0,14.0,278,甲类成品仓
1280340101601,乙醇(无水乙醇),AR500ml/玻瓶,AR,西化,瓶,233994,500551,1,4,0,2,0,14.0,50,股份佛山成品（液）
1280340101601,乙醇(无水乙醇),AR500ml/玻瓶,AR,西化,瓶,233994,500551,1,4,0,2,0,14.0,4,精细佛山仓
1280340101601,乙醇(无水乙醇),AR500ml/玻瓶,AR,西化,瓶,233994,500551,1,4,0,2,0,14.0,82,佛山外寄仓
1280340101601,乙醇(无水乙醇),AR500ml/玻瓶,AR,西化,瓶,233994,500551,1,4,0,2,0,14.0,2996,佛山仓库
1280340101601,乙醇(无水乙醇),AR500ml/玻瓶,AR,西化,瓶,233994,500551,1,4,0,2,0,14.0,1370,中基仓(上海仓)
1280340101601,乙醇(无水乙醇),AR500ml/玻瓶,AR,西化,瓶,233994,500551,1,4,0,2,0,14.0,2996,佛山仓库
1280340101601,乙醇(无水乙醇),AR500ml/玻瓶,AR,西化,瓶,233994,500551,1,4,0,2,0,14.0,90,成品库（NN）
1280340101601,乙醇(无水乙醇),AR500ml/玻瓶,AR,西化,瓶,233994,500551,1,4,0,2,0,14.0,4481,冲单仓
1280340101601,乙醇(无水乙醇),AR500ml/玻瓶,AR,西化,瓶,233994,500551,1,4,0,2,0,14.0,4473,冲单仓
1560010704201,35%过氧化氢,FA25kg/桶,FA,西化,KG,221292,220968,25,1,0,2,12,26.1,29,平台仓
1560010704201,35%过氧化氢,FA25kg/桶,FA,西化,KG,221292,220968,25,1,0,2,12,26.1,49,股份佛山成品（二）
1560010704201,35%过氧化氢,FA25kg/桶,FA,西化,KG,221292,220968,25,1,0,2,12,26.1,81,佛山西陇成品(二)
1560010704201,35%过氧化氢,FA25kg/桶,FA,西化,KG,221292,220968,25,1,0,2,12,26.1,50,股份佛山成品（液）
1560010704201,35%过氧化氢,FA25kg/桶,FA,西化,KG,221292,220968,25,1,0,2,12,26.1,2536,佛山天津仓
1560010704201,35%过氧化氢,FA25kg/桶,FA,西化,KG,221292,220968,25,1,0,2,12,26.1,58,股份成品库（二）
1560010704201,35%过氧化氢,FA25kg/桶,FA,西化,KG,221292,220968,25,1,0,2,12,26.1,278,甲类成品仓
1560010704201,35%过氧化氢,FA25kg/桶,FA,西化,KG,221292,220968,25,1,0,2,12,26.1,4,精细佛山仓
1560010704201,35%过氧化氢,FA25kg/桶,FA,西化,KG,221292,220968,25,1,0,2,12,26.1,4468,过氧化氢专库
1560010704201,35%过氧化氢,FA25kg/桶,FA,西化,KG,221292,220968,25,1,0,2,12,26.1,4473,冲单仓
1560010704201,35%过氧化氢,FA25kg/桶,FA,西化,KG,225387,223015,25,1,0,2,12,26.1,30,平台仓
1560010704201,35%过氧化氢,FA25kg/桶,FA,西化,KG,225387,223015,25,1,0,2,12,26.1,49,股份佛山成品（二）
1560010704201,35%过氧化氢,FA25kg/桶,FA,西化,KG,225387,223015,25,1,0,2,12,26.1,81,佛山西陇成品(二)
1560010704201,35%过氧化氢,FA25kg/桶,FA,西化,KG,225387,223015,25,1,0,2,12,26.1,50,股份佛山成品（液）
1560010704201,35%过氧化氢,FA25kg/桶,FA,西化,KG,225387,223015,25,1,0,2,12,26.1,2536,佛山天津仓
1560010704201,35%过氧化氢,FA25kg/桶,FA,西化,KG,225387,223015,25,1,0,2,12,26.1,58,股份成品库（二）
1560010704201,35%过氧化氢,FA25kg/桶,FA,西化,KG,225387,223015,25,1,0,2,12,26.1,278,甲类成品仓
1560010704201,35%过氧化氢,FA25kg/桶,FA,西化,KG,225387,223015,25,1,0,2,12,26.1,4,精细佛山仓
1560010704201,35%过氧化氢,FA25kg/桶,FA,西化,KG,225387,223015,25,1,0,2,12,26.1,4468,过氧化氢专库
1560010704201,35%过氧化氢,FA25kg/桶,FA,西化,KG,225387,223015,25,1,0,2,12,26.1,4473,冲单仓
1560010704201,35%过氧化氢,FA25kg/桶,FA,西化,KG,229482,225062,25,1,0,2,12,26.1,28,平台仓
1560010704201,35%过氧化氢,FA25kg/桶,FA,西化,KG,229482,225062,25,1,0,2,12,26.1,49,股份佛山成品（二）
1560010704201,35%过氧化氢,FA25kg/桶,FA,西化,KG,229482,225062,25,1,0,2,12,26.1,81,佛山西陇成品(二)
1560010704201,35%过氧化氢,FA25kg/桶,FA,西化,KG,229482,225062,25,1,0,2,12,26.1,50,股份佛山成品（液）
1560010704201,35%过氧化氢,FA25kg/桶,FA,西化,KG,229482,225062,25,1,0,2,12,26.1,2536,佛山天津仓
1560010704201,35%过氧化氢,FA25kg/桶,FA,西化,KG,229482,225062,25,1,0,2,12,26.1,58,股份成品库（二）
1560010704201,35%过氧化氢,FA25kg/桶,FA,西化,KG,229482,225062,25,1,0,2,12,26.1,278,甲类成品仓
1560010704201,35%过氧化氢,FA25kg/桶,FA,西化,KG,229482,225062,25,1,0,2,12,26.1,4,精细佛山仓
1560010704201,35%过氧化氢,FA25kg/桶,FA,西化,KG,229482,225062,25,1,0,2,12,26.1,4468,过氧化氢专库
1560010704201,35%过氧化氢,FA25kg/桶,FA,西化,KG,229482,225062,25,1,0,2,12,26.1,4473,冲单仓
1560010704201,35%过氧化氢,FA25kg/桶,FA,西化,KG,233577,227109,25,1,0,2,12,26.1,77,平台仓
1560010704201,35%过氧化氢,FA25kg/桶,FA,西化,KG,233577,227109,25,1,0,2,12,26.1,49,股份佛山成品（二）
1560010704201,35%过氧化氢,FA25kg/桶,FA,西化,KG,233577,227109,25,1,0,2,12,26.1,81,佛山西陇成品(二)
1560010704201,35%过氧化氢,FA25kg/桶,FA,西化,KG,233577,227109,25,1,0,2,12,26.1,50,股份佛山成品（液）
1560010704201,35%过氧化氢,FA25kg/桶,FA,西化,KG,233577,227109,25,1,0,2,12,26.1,2536,佛山天津仓
1560010704201,35%过氧化氢,FA25kg/桶,FA,西化,KG,233577,227109,25,1,0,2,12,26.1,58,股份成品库（二）
1560010704201,35%过氧化氢,FA25kg/桶,FA,西化,KG,233577,227109,25,1,0,2,12,26.1,278,甲类成品仓
1560010704201,35%过氧化氢,FA25kg/桶,FA,西化,KG,233577,227109,25,1,0,2,12,26.1,4,精细佛山仓
1560010704201,35%过氧化氢,FA25kg/桶,FA,西化,KG,233577,227109,25,1,0,2,12,26.1,4468,过氧化氢专库
1560010704201,35%过氧化氢,FA25kg/桶,FA,西化,KG,233577,227109,25,1,0,2,12,26.1,4473,冲单仓
1560010704201,35%过氧化氢,FA25kg/桶,,西化,KG,461289,452329,25,1,0,2,0,18.27,17,平台佛山仓
1560010704201,35%过氧化氢,FA25kg/桶,,西化,KG,461289,452329,25,1,0,2,0,18.27,49,股份佛山成品（二）
1560010704201,35%过氧化氢,FA25kg/桶,,西化,KG,461289,452329,25,1,0,2,0,18.27,81,佛山西陇成品(二)
1560010704201,35%过氧化氢,FA25kg/桶,,西化,KG,461289,452329,25,1,0,2,0,18.27,50,股份佛山成品（液）
1560010704201,35%过氧化氢,FA25kg/桶,,西化,KG,461289,452329,25,1,0,2,0,18.27,2536,佛山天津仓
1560010704201,35%过氧化氢,FA25kg/桶,,西化,KG,461289,452329,25,1,0,2,0,18.27,58,股份成品库（二）
1560010704201,35%过氧化氢,FA25kg/桶,,西化,KG,461289,452329,25,1,0,2,0,18.27,278,甲类成品仓
1560010704201,35%过氧化氢,FA25kg/桶,,西化,KG,461289,452329,25,1,0,2,0,18.27,4,精细佛山仓
1560010704201,35%过氧化氢,FA25kg/桶,,西化,KG,461289,452329,25,1,0,2,0,18.27,4468,过氧化氢专库
1560010704201,35%过氧化氢,FA25kg/桶,,西化,KG,461289,452329,25,1,0,2,0,18.27,4473,冲单仓
1270190204702,硝酸,CP2500ml/塑瓶,CP,西化,瓶,222780,492297,1,1,0,2,0,73.2,29,平台仓
1270190204702,硝酸,CP2500ml/塑瓶,CP,西化,瓶,222780,492297,1,1,0,2,0,73.2,278,甲类成品仓
1270190204702,硝酸,CP2500ml/塑瓶,CP,西化,瓶,222780,492297,1,1,0,2,0,73.2,80,佛山西陇成品(液)
1270190204702,硝酸,CP2500ml/塑瓶,CP,西化,瓶,222780,492297,1,1,0,2,0,73.2,57,股份成品仓（厂标)
1270190204702,硝酸,CP2500ml/塑瓶,CP,西化,瓶,222780,492297,1,1,0,2,0,73.2,63,四川三酸一水（瓶）
1270190204702,硝酸,CP2500ml/塑瓶,CP,西化,瓶,226875,499217,1,1,0,2,0,73.2,30,平台仓
1270190204702,硝酸,CP2500ml/塑瓶,CP,西化,瓶,226875,499217,1,1,0,2,0,73.2,278,甲类成品仓
1270190204702,硝酸,CP2500ml/塑瓶,CP,西化,瓶,226875,499217,1,1,0,2,0,73.2,80,佛山西陇成品(液)
1270190204702,硝酸,CP2500ml/塑瓶,CP,西化,瓶,226875,499217,1,1,0,2,0,73.2,57,股份成品仓（厂标)
1270190204702,硝酸,CP2500ml/塑瓶,CP,西化,瓶,226875,499217,1,1,0,2,0,73.2,63,四川三酸一水（瓶）
1270190204702,硝酸,CP2500ml/塑瓶,CP,西化,瓶,230970,500117,1,1,0,2,0,73.2,28,平台仓
1270190204702,硝酸,CP2500ml/塑瓶,CP,西化,瓶,230970,500117,1,1,0,2,0,73.2,278,甲类成品仓
1270190204702,硝酸,CP2500ml/塑瓶,CP,西化,瓶,230970,500117,1,1,0,2,0,73.2,80,佛山西陇成品(液)
1270190204702,硝酸,CP2500ml/塑瓶,CP,西化,瓶,230970,500117,1,1,0,2,0,73.2,57,股份成品仓（厂标)
1270190204702,硝酸,CP2500ml/塑瓶,CP,西化,瓶,230970,500117,1,1,0,2,0,73.2,63,四川三酸一水（瓶）
1270190204702,硝酸,CP2500ml/塑瓶,CP,西化,瓶,235065,501028,1,1,0,2,0,73.2,77,平台仓
1270190204702,硝酸,CP2500ml/塑瓶,CP,西化,瓶,235065,501028,1,1,0,2,0,73.2,278,甲类成品仓
1270190204702,硝酸,CP2500ml/塑瓶,CP,西化,瓶,235065,501028,1,1,0,2,0,73.2,80,佛山西陇成品(液)
1270190204702,硝酸,CP2500ml/塑瓶,CP,西化,瓶,235065,501028,1,1,0,2,0,73.2,57,股份成品仓（厂标)
1270190204702,硝酸,CP2500ml/塑瓶,CP,西化,瓶,235065,501028,1,1,0,2,0,73.2,63,四川三酸一水（瓶）
1260090104202,硫酸铵,AR25kg/桶,,西化,KG,1355,1355,25,0,0,2,0,13.3,17,平台佛山仓
1260090104202,硫酸铵,AR25kg/桶,,西化,KG,1355,1355,25,0,0,2,0,13.3,34,平台汕头仓
1260090104202,硫酸铵,AR25kg/桶,,西化,KG,1355,1355,25,0,0,2,0,13.3,49,股份佛山成品（二）
1260090104202,硫酸铵,AR25kg/桶,,西化,KG,1355,1355,25,0,0,2,0,13.3,2536,佛山天津仓
1260090104202,硫酸铵,AR25kg/桶,,西化,KG,1355,1355,25,0,0,2,0,13.3,1370,中基仓(上海仓)
1260090104202,硫酸铵,AR25kg/桶,,西化,KG,1355,1355,25,0,0,2,0,13.3,65,四川大成品（固）
1260090104202,硫酸铵,AR25kg/桶,,西化,KG,1355,1355,25,0,0,2,0,13.3,58,股份成品库（二）
1260090104202,硫酸铵,AR25kg/桶,,西化,KG,1355,1355,25,0,0,2,0,13.3,9,汕头工厂仓
1260090104202,硫酸铵,AR25kg/桶,,西化,KG,1355,1355,25,0,0,2,0,13.3,81,佛山西陇成品(二)
1260090104202,硫酸铵,AR25kg/桶,,西化,KG,1355,1355,25,0,0,2,0,13.3,4,精细佛山仓
1260090104202,硫酸铵,AR25kg/桶,,西化,KG,1355,1355,25,0,0,2,0,13.3,4481,冲单仓
1260090104202,硫酸铵,AR25kg/桶,AR,西化,KG,222894,492351,25,0,0,2,0,19.0,29,平台仓
1260090104202,硫酸铵,AR25kg/桶,AR,西化,KG,222894,492351,25,0,0,2,0,19.0,49,股份佛山成品（二）
1260090104202,硫酸铵,AR25kg/桶,AR,西化,KG,222894,492351,25,0,0,2,0,19.0,2536,佛山天津仓
1260090104202,硫酸铵,AR25kg/桶,AR,西化,KG,222894,492351,25,0,0,2,0,19.0,1370,中基仓(上海仓)
1260090104202,硫酸铵,AR25kg/桶,AR,西化,KG,222894,492351,25,0,0,2,0,19.0,65,四川大成品（固）
1260090104202,硫酸铵,AR25kg/桶,AR,西化,KG,222894,492351,25,0,0,2,0,19.0,58,股份成品库（二）
1260090104202,硫酸铵,AR25kg/桶,AR,西化,KG,222894,492351,25,0,0,2,0,19.0,9,汕头工厂仓
1260090104202,硫酸铵,AR25kg/桶,AR,西化,KG,222894,492351,25,0,0,2,0,19.0,81,佛山西陇成品(二)
1260090104202,硫酸铵,AR25kg/桶,AR,西化,KG,222894,492351,25,0,0,2,0,19.0,4,精细佛山仓
1260090104202,硫酸铵,AR25kg/桶,AR,西化,KG,222894,492351,25,0,0,2,0,19.0,4481,冲单仓
1260090104202,硫酸铵,AR25kg/桶,AR,西化,KG,226989,499273,25,0,0,2,0,19.0,30,平台仓
1260090104202,硫酸铵,AR25kg/桶,AR,西化,KG,226989,499273,25,0,0,2,0,19.0,49,股份佛山成品（二）
1260090104202,硫酸铵,AR25kg/桶,AR,西化,KG,226989,499273,25,0,0,2,0,19.0,2536,佛山天津仓
1260090104202,硫酸铵,AR25kg/桶,AR,西化,KG,226989,499273,25,0,0,2,0,19.0,1370,中基仓(上海仓)
1260090104202,硫酸铵,AR25kg/桶,AR,西化,KG,226989,499273,25,0,0,2,0,19.0,65,四川大成品（固）
1260090104202,硫酸铵,AR25kg/桶,AR,西化,KG,226989,499273,25,0,0,2,0,19.0,58,股份成品库（二）
1260090104202,硫酸铵,AR25kg/桶,AR,西化,KG,226989,499273,25,0,0,2,0,19.0,9,汕头工厂仓
1260090104202,硫酸铵,AR25kg/桶,AR,西化,KG,226989,499273,25,0,0,2,0,19.0,81,佛山西陇成品(二)
1260090104202,硫酸铵,AR25kg/桶,AR,西化,KG,226989,499273,25,0,0,2,0,19.0,4,精细佛山仓
1260090104202,硫酸铵,AR25kg/桶,AR,西化,KG,226989,499273,25,0,0,2,0,19.0,4481,冲单仓
1260090104202,硫酸铵,AR25kg/桶,AR,西化,KG,231084,500173,25,0,0,2,0,19.0,28,平台仓
1260090104202,硫酸铵,AR25kg/桶,AR,西化,KG,231084,500173,25,0,0,2,0,19.0,49,股份佛山成品（二）
1260090104202,硫酸铵,AR25kg/桶,AR,西化,KG,231084,500173,25,0,0,2,0,19.0,2536,佛山天津仓
1260090104202,硫酸铵,AR25kg/桶,AR,西化,KG,231084,500173,25,0,0,2,0,19.0,1370,中基仓(上海仓)
1260090104202,硫酸铵,AR25kg/桶,AR,西化,KG,231084,500173,25,0,0,2,0,19.0,65,四川大成品（固）
1260090104202,硫酸铵,AR25kg/桶,AR,西化,KG,231084,500173,25,0,0,2,0,19.0,58,股份成品库（二）
1260090104202,硫酸铵,AR25kg/桶,AR,西化,KG,231084,500173,25,0,0,2,0,19.0,9,汕头工厂仓
1260090104202,硫酸铵,AR25kg/桶,AR,西化,KG,231084,500173,25,0,0,2,0,19.0,81,佛山西陇成品(二)
1260090104202,硫酸铵,AR25kg/桶,AR,西化,KG,231084,500173,25,0,0,2,0,19.0,4,精细佛山仓
1260090104202,硫酸铵,AR25kg/桶,AR,西化,KG,231084,500173,25,0,0,2,0,19.0,4481,冲单仓
1260090104202,硫酸铵,AR25kg/桶,AR,西化,KG,235179,501085,25,0,0,2,0,19.0,77,平台仓
1260090104202,硫酸铵,AR25kg/桶,AR,西化,KG,235179,501085,25,0,0,2,0,19.0,49,股份佛山成品（二）
1260090104202,硫酸铵,AR25kg/桶,AR,西化,KG,235179,501085,25,0,0,2,0,19.0,2536,佛山天津仓
1260090104202,硫酸铵,AR25kg/桶,AR,西化,KG,235179,501085,25,0,0,2,0,19.0,1370,中基仓(上海仓)
1260090104202,硫酸铵,AR25kg/桶,AR,西化,KG,235179,501085,25,0,0,2,0,19.0,65,四川大成品（固）
1260090104202,硫酸铵,AR25kg/桶,AR,西化,KG,235179,501085,25,0,0,2,0,19.0,58,股份成品库（二）
1260090104202,硫酸铵,AR25kg/桶,AR,西化,KG,235179,501085,25,0,0,2,0,19.0,9,汕头工厂仓
1260090104202,硫酸铵,AR25kg/桶,AR,西化,KG,235179,501085,25,0,0,2,0,19.0,81,佛山西陇成品(二)
1260090104202,硫酸铵,AR25kg/桶,AR,西化,KG,235179,501085,25,0,0,2,0,19.0,4,精细佛山仓
1260090104202,硫酸铵,AR25kg/桶,AR,西化,KG,235179,501085,25,0,0,2,0,19.0,4481,冲单仓
1010110104202,氯化钠,AR25kg/桶,,西化,KG,1430,1430,25,0,0,2,0,8.5,17,平台佛山仓
1010110104202,氯化钠,AR25kg/桶,,西化,KG,1430,1430,25,0,0,2,0,8.5,2536,佛山天津仓
1010110104202,氯化钠,AR25kg/桶,,西化,KG,1430,1430,25,0,0,2,0,8.5,4,精细佛山仓
1010110104202,氯化钠,AR25kg/桶,,西化,KG,1430,1430,25,0,0,2,0,8.5,9,汕头工厂仓
1010110104202,氯化钠,AR25kg/桶,,西化,KG,1430,1430,25,0,0,2,0,8.5,65,四川大成品（固）
1010110104202,氯化钠,AR25kg/桶,,西化,KG,1430,1430,25,0,0,2,0,8.5,1370,中基仓(上海仓)
1010110104202,氯化钠,AR25kg/桶,,西化,KG,1430,1430,25,0,0,2,0,8.5,49,股份佛山成品（二）
1010110104202,氯化钠,AR25kg/桶,,西化,KG,1430,1430,25,0,0,2,0,8.5,40,直运2仓
1010110104202,氯化钠,AR25kg/桶,,西化,KG,1430,1430,25,0,0,2,0,8.5,58,股份成品库（二）
1010110104202,氯化钠,AR25kg/桶,,西化,KG,1430,1430,25,0,0,2,0,8.5,56,股份出口仓
1010110104202,氯化钠,AR25kg/桶,,西化,KG,1430,1430,25,0,0,2,0,8.5,81,佛山西陇成品(二)
1010110104202,氯化钠,AR25kg/桶,,西化,KG,1430,1430,25,0,0,2,0,8.5,4476,平账仓
1010110104202,氯化钠,AR25kg/桶,AR,西化,KG,222509,478741,25,0,0,2,0,12.2,29,平台仓
1010110104202,氯化钠,AR25kg/桶,AR,西化,KG,222509,478741,25,0,0,2,0,12.2,91,平台实体仓
1010110104202,氯化钠,AR25kg/桶,AR,西化,KG,222509,478741,25,0,0,2,0,12.2,2536,佛山天津仓
1010110104202,氯化钠,AR25kg/桶,AR,西化,KG,222509,478741,25,0,0,2,0,12.2,4,精细佛山仓
1010110104202,氯化钠,AR25kg/桶,AR,西化,KG,222509,478741,25,0,0,2,0,12.2,9,汕头工厂仓
1010110104202,氯化钠,AR25kg/桶,AR,西化,KG,222509,478741,25,0,0,2,0,12.2,65,四川大成品（固）
1010110104202,氯化钠,AR25kg/桶,AR,西化,KG,222509,478741,25,0,0,2,0,12.2,1370,中基仓(上海仓)
1010110104202,氯化钠,AR25kg/桶,AR,西化,KG,222509,478741,25,0,0,2,0,12.2,49,股份佛山成品（二）
1010110104202,氯化钠,AR25kg/桶,AR,西化,KG,222509,478741,25,0,0,2,0,12.2,40,直运2仓
1010110104202,氯化钠,AR25kg/桶,AR,西化,KG,222509,478741,25,0,0,2,0,12.2,58,股份成品库（二）
1010110104202,氯化钠,AR25kg/桶,AR,西化,KG,222509,478741,25,0,0,2,0,12.2,56,股份出口仓
1010110104202,氯化钠,AR25kg/桶,AR,西化,KG,222509,478741,25,0,0,2,0,12.2,81,佛山西陇成品(二)
1010110104202,氯化钠,AR25kg/桶,AR,西化,KG,222509,478741,25,0,0,2,0,12.2,4476,平账仓
1010110104202,氯化钠,AR25kg/桶,AR,西化,KG,226604,499093,25,0,0,2,0,12.2,30,平台仓
1010110104202,氯化钠,AR25kg/桶,AR,西化,KG,226604,499093,25,0,0,2,0,12.2,2536,佛山天津仓
1010110104202,氯化钠,AR25kg/桶,AR,西化,KG,226604,499093,25,0,0,2,0,12.2,4,精细佛山仓
1010110104202,氯化钠,AR25kg/桶,AR,西化,KG,226604,499093,25,0,0,2,0,12.2,9,汕头工厂仓
1010110104202,氯化钠,AR25kg/桶,AR,西化,KG,226604,499093,25,0,0,2,0,12.2,65,四川大成品（固）
1010110104202,氯化钠,AR25kg/桶,AR,西化,KG,226604,499093,25,0,0,2,0,12.2,1370,中基仓(上海仓)
1010110104202,氯化钠,AR25kg/桶,AR,西化,KG,226604,499093,25,0,0,2,0,12.2,49,股份佛山成品（二）
1010110104202,氯化钠,AR25kg/桶,AR,西化,KG,226604,499093,25,0,0,2,0,12.2,40,直运2仓
1010110104202,氯化钠,AR25kg/桶,AR,西化,KG,226604,499093,25,0,0,2,0,12.2,58,股份成品库（二）
1010110104202,氯化钠,AR25kg/桶,AR,西化,KG,226604,499093,25,0,0,2,0,12.2,56,股份出口仓
1010110104202,氯化钠,AR25kg/桶,AR,西化,KG,226604,499093,25,0,0,2,0,12.2,81,佛山西陇成品(二)
1010110104202,氯化钠,AR25kg/桶,AR,西化,KG,226604,499093,25,0,0,2,0,12.2,4476,平账仓
1010110104202,氯化钠,AR25kg/桶,AR,西化,KG,230699,499993,25,0,0,2,0,12.2,28,平台仓
1010110104202,氯化钠,AR25kg/桶,AR,西化,KG,230699,499993,25,0,0,2,0,12.2,2536,佛山天津仓
1010110104202,氯化钠,AR25kg/桶,AR,西化,KG,230699,499993,25,0,0,2,0,12.2,4,精细佛山仓
1010110104202,氯化钠,AR25kg/桶,AR,西化,KG,230699,499993,25,0,0,2,0,12.2,9,汕头工厂仓
1010110104202,氯化钠,AR25kg/桶,AR,西化,KG,230699,499993,25,0,0,2,0,12.2,65,四川大成品（固）
1010110104202,氯化钠,AR25kg/桶,AR,西化,KG,230699,499993,25,0,0,2,0,12.2,1370,中基仓(上海仓)
1010110104202,氯化钠,AR25kg/桶,AR,西化,KG,230699,499993,25,0,0,2,0,12.2,49,股份佛山成品（二）
1010110104202,氯化钠,AR25kg/桶,AR,西化,KG,230699,499993,25,0,0,2,0,12.2,40,直运2仓
1010110104202,氯化钠,AR25kg/桶,AR,西化,KG,230699,499993,25,0,0,2,0,12.2,58,股份成品库（二）
1010110104202,氯化钠,AR25kg/桶,AR,西化,KG,230699,499993,25,0,0,2,0,12.2,56,股份出口仓
1010110104202,氯化钠,AR25kg/桶,AR,西化,KG,230699,499993,25,0,0,2,0,12.2,81,佛山西陇成品(二)
1010110104202,氯化钠,AR25kg/桶,AR,西化,KG,230699,499993,25,0,0,2,0,12.2,4476,平账仓
1010110104202,氯化钠,AR25kg/桶,AR,西化,KG,234794,500896,25,0,0,2,0,12.2,77,平台仓
1010110104202,氯化钠,AR25kg/桶,AR,西化,KG,234794,500896,25,0,0,2,0,12.2,2536,佛山天津仓
1010110104202,氯化钠,AR25kg/桶,AR,西化,KG,234794,500896,25,0,0,2,0,12.2,4,精细佛山仓
1010110104202,氯化钠,AR25kg/桶,AR,西化,KG,234794,500896,25,0,0,2,0,12.2,9,汕头工厂仓
1010110104202,氯化钠,AR25kg/桶,AR,西化,KG,234794,500896,25,0,0,2,0,12.2,65,四川大成品（固）
1010110104202,氯化钠,AR25kg/桶,AR,西化,KG,234794,500896,25,0,0,2,0,12.2,1370,中基仓(上海仓)
1010110104202,氯化钠,AR25kg/桶,AR,西化,KG,234794,500896,25,0,0,2,0,12.2,49,股份佛山成品（二）
1010110104202,氯化钠,AR25kg/桶,AR,西化,KG,234794,500896,25,0,0,2,0,12.2,40,直运2仓
1010110104202,氯化钠,AR25kg/桶,AR,西化,KG,234794,500896,25,0,0,2,0,12.2,58,股份成品库（二）
1010110104202,氯化钠,AR25kg/桶,AR,西化,KG,234794,500896,25,0,0,2,0,12.2,56,股份出口仓
1010110104202,氯化钠,AR25kg/桶,AR,西化,KG,234794,500896,25,0,0,2,0,12.2,81,佛山西陇成品(二)
1010110104202,氯化钠,AR25kg/桶,AR,西化,KG,234794,500896,25,0,0,2,0,12.2,4476,平账仓
1010590104202,十二水合磷酸氢二钠（磷酸氢二钠）,AR25kg/桶;,,西化,KG,1550,1550,25,0,0,2,0,19.2,17,平台佛山仓
1010590104202,十二水合磷酸氢二钠（磷酸氢二钠）,AR25kg/桶;,,西化,KG,1550,1550,25,0,0,2,0,19.2,40,直运2仓
1010590104202,十二水合磷酸氢二钠（磷酸氢二钠）,AR25kg/桶;,,西化,KG,1550,1550,25,0,0,2,0,19.2,1370,中基仓(上海仓)
1010590104202,十二水合磷酸氢二钠（磷酸氢二钠）,AR25kg/桶;,,西化,KG,1550,1550,25,0,0,2,0,19.2,81,佛山西陇成品(二)
1010590104202,十二水合磷酸氢二钠（磷酸氢二钠）,AR25kg/桶;,,西化,KG,1550,1550,25,0,0,2,0,19.2,58,股份成品库（二）
1010590104202,十二水合磷酸氢二钠（磷酸氢二钠）,AR25kg/桶;,,西化,KG,1550,1550,25,0,0,2,0,19.2,4,精细佛山仓
1010590104202,十二水合磷酸氢二钠（磷酸氢二钠）,AR25kg/桶;,,西化,KG,1550,1550,25,0,0,2,0,19.2,2536,佛山天津仓
1010590104202,十二水合磷酸氢二钠（磷酸氢二钠）,AR25kg/桶;,,西化,KG,1550,1550,25,0,0,2,0,19.2,9,汕头工厂仓
1010590104202,十二水合磷酸氢二钠（磷酸氢二钠）,AR25kg/桶;,,西化,KG,1550,1550,25,0,0,2,0,19.2,49,股份佛山成品（二）
1010590104202,十二水合磷酸氢二钠（磷酸氢二钠）,AR25kg/桶;,,西化,KG,1550,1550,25,0,0,2,0,19.2,4473,冲单仓
1010590104202,十二水合磷酸氢二钠(磷酸氢二钠),AR25kg/桶,AR,西化,KG,222007,491932,25,0,0,2,0,27.4,29,平台仓
1010590104202,十二水合磷酸氢二钠(磷酸氢二钠),AR25kg/桶,AR,西化,KG,222007,491932,25,0,0,2,0,27.4,40,直运2仓
1010590104202,十二水合磷酸氢二钠(磷酸氢二钠),AR25kg/桶,AR,西化,KG,222007,491932,25,0,0,2,0,27.4,1370,中基仓(上海仓)
1010590104202,十二水合磷酸氢二钠(磷酸氢二钠),AR25kg/桶,AR,西化,KG,222007,491932,25,0,0,2,0,27.4,81,佛山西陇成品(二)
1010590104202,十二水合磷酸氢二钠(磷酸氢二钠),AR25kg/桶,AR,西化,KG,222007,491932,25,0,0,2,0,27.4,58,股份成品库（二）
1010590104202,十二水合磷酸氢二钠(磷酸氢二钠),AR25kg/桶,AR,西化,KG,222007,491932,25,0,0,2,0,27.4,4,精细佛山仓
1010590104202,十二水合磷酸氢二钠(磷酸氢二钠),AR25kg/桶,AR,西化,KG,222007,491932,25,0,0,2,0,27.4,2536,佛山天津仓
1010590104202,十二水合磷酸氢二钠(磷酸氢二钠),AR25kg/桶,AR,西化,KG,222007,491932,25,0,0,2,0,27.4,9,汕头工厂仓
1010590104202,十二水合磷酸氢二钠(磷酸氢二钠),AR25kg/桶,AR,西化,KG,222007,491932,25,0,0,2,0,27.4,49,股份佛山成品（二）
1010590104202,十二水合磷酸氢二钠(磷酸氢二钠),AR25kg/桶,AR,西化,KG,222007,491932,25,0,0,2,0,27.4,4473,冲单仓
1010590104202,十二水合磷酸氢二钠(磷酸氢二钠),AR25kg/桶,AR,西化,KG,226102,498856,25,0,0,2,0,27.4,30,平台仓
1010590104202,十二水合磷酸氢二钠(磷酸氢二钠),AR25kg/桶,AR,西化,KG,226102,498856,25,0,0,2,0,27.4,40,直运2仓
1010590104202,十二水合磷酸氢二钠(磷酸氢二钠),AR25kg/桶,AR,西化,KG,226102,498856,25,0,0,2,0,27.4,1370,中基仓(上海仓)
1010590104202,十二水合磷酸氢二钠(磷酸氢二钠),AR25kg/桶,AR,西化,KG,226102,498856,25,0,0,2,0,27.4,81,佛山西陇成品(二)
1010590104202,十二水合磷酸氢二钠(磷酸氢二钠),AR25kg/桶,AR,西化,KG,226102,498856,25,0,0,2,0,27.4,58,股份成品库（二）
1010590104202,十二水合磷酸氢二钠(磷酸氢二钠),AR25kg/桶,AR,西化,KG,226102,498856,25,0,0,2,0,27.4,4,精细佛山仓
1010590104202,十二水合磷酸氢二钠(磷酸氢二钠),AR25kg/桶,AR,西化,KG,226102,498856,25,0,0,2,0,27.4,2536,佛山天津仓
1010590104202,十二水合磷酸氢二钠(磷酸氢二钠),AR25kg/桶,AR,西化,KG,226102,498856,25,0,0,2,0,27.4,9,汕头工厂仓
1010590104202,十二水合磷酸氢二钠(磷酸氢二钠),AR25kg/桶,AR,西化,KG,226102,498856,25,0,0,2,0,27.4,49,股份佛山成品（二）
1010590104202,十二水合磷酸氢二钠(磷酸氢二钠),AR25kg/桶,AR,西化,KG,226102,498856,25,0,0,2,0,27.4,4473,冲单仓
1010590104202,十二水合磷酸氢二钠(磷酸氢二钠),AR25kg/桶,AR,西化,KG,230197,499764,25,0,0,2,0,27.4,28,平台仓
1010590104202,十二水合磷酸氢二钠(磷酸氢二钠),AR25kg/桶,AR,西化,KG,230197,499764,25,0,0,2,0,27.4,40,直运2仓
1010590104202,十二水合磷酸氢二钠(磷酸氢二钠),AR25kg/桶,AR,西化,KG,230197,499764,25,0,0,2,0,27.4,1370,中基仓(上海仓)
1010590104202,十二水合磷酸氢二钠(磷酸氢二钠),AR25kg/桶,AR,西化,KG,230197,499764,25,0,0,2,0,27.4,81,佛山西陇成品(二)
1010590104202,十二水合磷酸氢二钠(磷酸氢二钠),AR25kg/桶,AR,西化,KG,230197,499764,25,0,0,2,0,27.4,58,股份成品库（二）
1010590104202,十二水合磷酸氢二钠(磷酸氢二钠),AR25kg/桶,AR,西化,KG,230197,499764,25,0,0,2,0,27.4,4,精细佛山仓
1010590104202,十二水合磷酸氢二钠(磷酸氢二钠),AR25kg/桶,AR,西化,KG,230197,499764,25,0,0,2,0,27.4,2536,佛山天津仓
1010590104202,十二水合磷酸氢二钠(磷酸氢二钠),AR25kg/桶,AR,西化,KG,230197,499764,25,0,0,2,0,27.4,9,汕头工厂仓
1010590104202,十二水合磷酸氢二钠(磷酸氢二钠),AR25kg/桶,AR,西化,KG,230197,499764,25,0,0,2,0,27.4,49,股份佛山成品（二）
1010590104202,十二水合磷酸氢二钠(磷酸氢二钠),AR25kg/桶,AR,西化,KG,230197,499764,25,0,0,2,0,27.4,4473,冲单仓
1010590104202,十二水合磷酸氢二钠(磷酸氢二钠),AR25kg/桶,AR,西化,KG,234292,500663,25,0,0,2,0,27.4,77,平台仓
1010590104202,十二水合磷酸氢二钠(磷酸氢二钠),AR25kg/桶,AR,西化,KG,234292,500663,25,0,0,2,0,27.4,40,直运2仓
1010590104202,十二水合磷酸氢二钠(磷酸氢二钠),AR25kg/桶,AR,西化,KG,234292,500663,25,0,0,2,0,27.4,1370,中基仓(上海仓)
1010590104202,十二水合磷酸氢二钠(磷酸氢二钠),AR25kg/桶,AR,西化,KG,234292,500663,25,0,0,2,0,27.4,81,佛山西陇成品(二)
1010590104202,十二水合磷酸氢二钠(磷酸氢二钠),AR25kg/桶,AR,西化,KG,234292,500663,25,0,0,2,0,27.4,58,股份成品库（二）
1010590104202,十二水合磷酸氢二钠(磷酸氢二钠),AR25kg/桶,AR,西化,KG,234292,500663,25,0,0,2,0,27.4,4,精细佛山仓
1010590104202,十二水合磷酸氢二钠(磷酸氢二钠),AR25kg/桶,AR,西化,KG,234292,500663,25,0,0,2,0,27.4,2536,佛山天津仓
1010590104202,十二水合磷酸氢二钠(磷酸氢二钠),AR25kg/桶,AR,西化,KG,234292,500663,25,0,0,2,0,27.4,9,汕头工厂仓
1010590104202,十二水合磷酸氢二钠(磷酸氢二钠),AR25kg/桶,AR,西化,KG,234292,500663,25,0,0,2,0,27.4,49,股份佛山成品（二）
1010590104202,十二水合磷酸氢二钠(磷酸氢二钠),AR25kg/桶,AR,西化,KG,234292,500663,25,0,0,2,0,27.4,4473,冲单仓
1280340104702,乙醇（无水乙醇）,AR2500ml/塑瓶,,西化,瓶,1773,1773,1,4,0,2,0,42.0,17,平台佛山仓
1280340104702,乙醇（无水乙醇）,AR2500ml/塑瓶,,西化,瓶,1773,1773,1,4,0,2,0,42.0,34,平台汕头仓
1280340104702,乙醇（无水乙醇）,AR2500ml/塑瓶,,西化,瓶,1773,1773,1,4,0,2,0,42.0,2533,佛山成品（液）
1280340104702,乙醇（无水乙醇）,AR2500ml/塑瓶,,西化,瓶,1773,1773,1,4,0,2,0,42.0,2536,佛山天津仓
1280340104702,乙醇（无水乙醇）,AR2500ml/塑瓶,,西化,瓶,1773,1773,1,4,0,2,0,42.0,4,精细佛山仓
1280340104702,乙醇（无水乙醇）,AR2500ml/塑瓶,,西化,瓶,1773,1773,1,4,0,2,0,42.0,50,股份佛山成品（液）
1280340104702,乙醇（无水乙醇）,AR2500ml/塑瓶,,西化,瓶,1773,1773,1,4,0,2,0,42.0,1370,中基仓(上海仓)
1280340104702,乙醇（无水乙醇）,AR2500ml/塑瓶,,西化,瓶,1773,1773,1,4,0,2,0,42.0,278,甲类成品仓
1280340104702,乙醇（无水乙醇）,AR2500ml/塑瓶,,西化,瓶,1773,1773,1,4,0,2,0,42.0,90,成品库（NN）
1280340104702,乙醇（无水乙醇）,AR2500ml/塑瓶,,西化,瓶,1773,1773,1,4,0,2,0,42.0,2996,佛山仓库
1280340104702,乙醇（无水乙醇）,AR2500ml/塑瓶,,西化,瓶,1773,1773,1,4,0,2,0,42.0,2996,佛山仓库
1280340104702,乙醇（无水乙醇）,AR2500ml/塑瓶,,西化,瓶,1773,1773,1,4,0,2,0,42.0,82,佛山外寄仓
1280340104702,乙醇（无水乙醇）,AR2500ml/塑瓶,,西化,瓶,1773,1773,1,4,0,2,0,42.0,61,四川小成品（液）
1280340104702,乙醇（无水乙醇）,AR2500ml/塑瓶,,西化,瓶,1773,1773,1,4,0,2,0,42.0,57,股份成品仓（厂标)
1280340104702,乙醇（无水乙醇）,AR2500ml/塑瓶,,西化,瓶,1773,1773,1,4,0,2,0,42.0,4481,冲单仓
1280340104702,乙醇（无水乙醇）,AR2500ml/塑瓶,,西化,瓶,1773,1773,1,4,0,2,0,42.0,4473,冲单仓
1280340104702,乙醇（无水乙醇）,AR2500ml/塑瓶,,西化,瓶,1773,1773,1,4,0,2,0,42.0,4476,平账仓
1280340104702,乙醇(无水乙醇),AR2500ml/塑瓶,AR,西化,瓶,221713,491826,1,4,0,2,0,60.0,29,平台仓
1280340104702,乙醇(无水乙醇),AR2500ml/塑瓶,AR,西化,瓶,221713,491826,1,4,0,2,0,60.0,91,平台实体仓
1280340104702,乙醇(无水乙醇),AR2500ml/塑瓶,AR,西化,瓶,221713,491826,1,4,0,2,0,60.0,2533,佛山成品（液）
1280340104702,乙醇(无水乙醇),AR2500ml/塑瓶,AR,西化,瓶,221713,491826,1,4,0,2,0,60.0,2536,佛山天津仓
1280340104702,乙醇(无水乙醇),AR2500ml/塑瓶,AR,西化,瓶,221713,491826,1,4,0,2,0,60.0,4,精细佛山仓
1280340104702,乙醇(无水乙醇),AR2500ml/塑瓶,AR,西化,瓶,221713,491826,1,4,0,2,0,60.0,50,股份佛山成品（液）
1280340104702,乙醇(无水乙醇),AR2500ml/塑瓶,AR,西化,瓶,221713,491826,1,4,0,2,0,60.0,1370,中基仓(上海仓)
1280340104702,乙醇(无水乙醇),AR2500ml/塑瓶,AR,西化,瓶,221713,491826,1,4,0,2,0,60.0,278,甲类成品仓
1280340104702,乙醇(无水乙醇),AR2500ml/塑瓶,AR,西化,瓶,221713,491826,1,4,0,2,0,60.0,90,成品库（NN）
1280340104702,乙醇(无水乙醇),AR2500ml/塑瓶,AR,西化,瓶,221713,491826,1,4,0,2,0,60.0,2996,佛山仓库
1280340104702,乙醇(无水乙醇),AR2500ml/塑瓶,AR,西化,瓶,221713,491826,1,4,0,2,0,60.0,2996,佛山仓库
1280340104702,乙醇(无水乙醇),AR2500ml/塑瓶,AR,西化,瓶,221713,491826,1,4,0,2,0,60.0,82,佛山外寄仓
1280340104702,乙醇(无水乙醇),AR2500ml/塑瓶,AR,西化,瓶,221713,491826,1,4,0,2,0,60.0,61,四川小成品（液）
1280340104702,乙醇(无水乙醇),AR2500ml/塑瓶,AR,西化,瓶,221713,491826,1,4,0,2,0,60.0,57,股份成品仓（厂标)
1280340104702,乙醇(无水乙醇),AR2500ml/塑瓶,AR,西化,瓶,221713,491826,1,4,0,2,0,60.0,4481,冲单仓
1280340104702,乙醇(无水乙醇),AR2500ml/塑瓶,AR,西化,瓶,221713,491826,1,4,0,2,0,60.0,4473,冲单仓
1280340104702,乙醇(无水乙醇),AR2500ml/塑瓶,AR,西化,瓶,221713,491826,1,4,0,2,0,60.0,4476,平账仓
1280340104702,乙醇(无水乙醇),AR2500ml/塑瓶,AR,西化,瓶,225808,498751,1,4,0,2,0,60.0,30,平台仓
1280340104702,乙醇(无水乙醇),AR2500ml/塑瓶,AR,西化,瓶,225808,498751,1,4,0,2,0,60.0,2533,佛山成品（液）
1280340104702,乙醇(无水乙醇),AR2500ml/塑瓶,AR,西化,瓶,225808,498751,1,4,0,2,0,60.0,2536,佛山天津仓
1280340104702,乙醇(无水乙醇),AR2500ml/塑瓶,AR,西化,瓶,225808,498751,1,4,0,2,0,60.0,4,精细佛山仓
1280340104702,乙醇(无水乙醇),AR2500ml/塑瓶,AR,西化,瓶,225808,498751,1,4,0,2,0,60.0,50,股份佛山成品（液）
1280340104702,乙醇(无水乙醇),AR2500ml/塑瓶,AR,西化,瓶,225808,498751,1,4,0,2,0,60.0,1370,中基仓(上海仓)
1280340104702,乙醇(无水乙醇),AR2500ml/塑瓶,AR,西化,瓶,225808,498751,1,4,0,2,0,60.0,278,甲类成品仓
1280340104702,乙醇(无水乙醇),AR2500ml/塑瓶,AR,西化,瓶,225808,498751,1,4,0,2,0,60.0,90,成品库（NN）
1280340104702,乙醇(无水乙醇),AR2500ml/塑瓶,AR,西化,瓶,225808,498751,1,4,0,2,0,60.0,2996,佛山仓库
1280340104702,乙醇(无水乙醇),AR2500ml/塑瓶,AR,西化,瓶,225808,498751,1,4,0,2,0,60.0,2996,佛山仓库
1280340104702,乙醇(无水乙醇),AR2500ml/塑瓶,AR,西化,瓶,225808,498751,1,4,0,2,0,60.0,82,佛山外寄仓
1280340104702,乙醇(无水乙醇),AR2500ml/塑瓶,AR,西化,瓶,225808,498751,1,4,0,2,0,60.0,61,四川小成品（液）
1280340104702,乙醇(无水乙醇),AR2500ml/塑瓶,AR,西化,瓶,225808,498751,1,4,0,2,0,60.0,57,股份成品仓（厂标)
1280340104702,乙醇(无水乙醇),AR2500ml/塑瓶,AR,西化,瓶,225808,498751,1,4,0,2,0,60.0,4481,冲单仓
1280340104702,乙醇(无水乙醇),AR2500ml/塑瓶,AR,西化,瓶,225808,498751,1,4,0,2,0,60.0,4473,冲单仓
1280340104702,乙醇(无水乙醇),AR2500ml/塑瓶,AR,西化,瓶,225808,498751,1,4,0,2,0,60.0,4476,平账仓
1280340104702,乙醇(无水乙醇),AR2500ml/塑瓶,AR,西化,瓶,229903,499659,1,4,0,2,0,60.0,28,平台仓
1280340104702,乙醇(无水乙醇),AR2500ml/塑瓶,AR,西化,瓶,229903,499659,1,4,0,2,0,60.0,2533,佛山成品（液）
1280340104702,乙醇(无水乙醇),AR2500ml/塑瓶,AR,西化,瓶,229903,499659,1,4,0,2,0,60.0,2536,佛山天津仓
1280340104702,乙醇(无水乙醇),AR2500ml/塑瓶,AR,西化,瓶,229903,499659,1,4,0,2,0,60.0,4,精细佛山仓
1280340104702,乙醇(无水乙醇),AR2500ml/塑瓶,AR,西化,瓶,229903,499659,1,4,0,2,0,60.0,50,股份佛山成品（液）
1280340104702,乙醇(无水乙醇),AR2500ml/塑瓶,AR,西化,瓶,229903,499659,1,4,0,2,0,60.0,1370,中基仓(上海仓)
1280340104702,乙醇(无水乙醇),AR2500ml/塑瓶,AR,西化,瓶,229903,499659,1,4,0,2,0,60.0,278,甲类成品仓
1280340104702,乙醇(无水乙醇),AR2500ml/塑瓶,AR,西化,瓶,229903,499659,1,4,0,2,0,60.0,90,成品库（NN）
1280340104702,乙醇(无水乙醇),AR2500ml/塑瓶,AR,西化,瓶,229903,499659,1,4,0,2,0,60.0,2996,佛山仓库
1280340104702,乙醇(无水乙醇),AR2500ml/塑瓶,AR,西化,瓶,229903,499659,1,4,0,2,0,60.0,2996,佛山仓库
1280340104702,乙醇(无水乙醇),AR2500ml/塑瓶,AR,西化,瓶,229903,499659,1,4,0,2,0,60.0,82,佛山外寄仓
1280340104702,乙醇(无水乙醇),AR2500ml/塑瓶,AR,西化,瓶,229903,499659,1,4,0,2,0,60.0,61,四川小成品（液）
1280340104702,乙醇(无水乙醇),AR2500ml/塑瓶,AR,西化,瓶,229903,499659,1,4,0,2,0,60.0,57,股份成品仓（厂标)
1280340104702,乙醇(无水乙醇),AR2500ml/塑瓶,AR,西化,瓶,229903,499659,1,4,0,2,0,60.0,4481,冲单仓
1280340104702,乙醇(无水乙醇),AR2500ml/塑瓶,AR,西化,瓶,229903,499659,1,4,0,2,0,60.0,4473,冲单仓
1280340104702,乙醇(无水乙醇),AR2500ml/塑瓶,AR,西化,瓶,229903,499659,1,4,0,2,0,60.0,4476,平账仓
1280340104702,乙醇(无水乙醇),AR2500ml/塑瓶,AR,西化,瓶,233998,500554,1,4,0,2,0,60.0,77,平台仓
1280340104702,乙醇(无水乙醇),AR2500ml/塑瓶,AR,西化,瓶,233998,500554,1,4,0,2,0,60.0,2533,佛山成品（液）
1280340104702,乙醇(无水乙醇),AR2500ml/塑瓶,AR,西化,瓶,233998,500554,1,4,0,2,0,60.0,2536,佛山天津仓
1280340104702,乙醇(无水乙醇),AR2500ml/塑瓶,AR,西化,瓶,233998,500554,1,4,0,2,0,60.0,4,精细佛山仓
1280340104702,乙醇(无水乙醇),AR2500ml/塑瓶,AR,西化,瓶,233998,500554,1,4,0,2,0,60.0,50,股份佛山成品（液）
1280340104702,乙醇(无水乙醇),AR2500ml/塑瓶,AR,西化,瓶,233998,500554,1,4,0,2,0,60.0,1370,中基仓(上海仓)
1280340104702,乙醇(无水乙醇),AR2500ml/塑瓶,AR,西化,瓶,233998,500554,1,4,0,2,0,60.0,278,甲类成品仓
1280340104702,乙醇(无水乙醇),AR2500ml/塑瓶,AR,西化,瓶,233998,500554,1,4,0,2,0,60.0,90,成品库（NN）
1280340104702,乙醇(无水乙醇),AR2500ml/塑瓶,AR,西化,瓶,233998,500554,1,4,0,2,0,60.0,2996,佛山仓库
1280340104702,乙醇(无水乙醇),AR2500ml/塑瓶,AR,西化,瓶,233998,500554,1,4,0,2,0,60.0,2996,佛山仓库
1280340104702,乙醇(无水乙醇),AR2500ml/塑瓶,AR,西化,瓶,233998,500554,1,4,0,2,0,60.0,82,佛山外寄仓
1280340104702,乙醇(无水乙醇),AR2500ml/塑瓶,AR,西化,瓶,233998,500554,1,4,0,2,0,60.0,61,四川小成品（液）
1280340104702,乙醇(无水乙醇),AR2500ml/塑瓶,AR,西化,瓶,233998,500554,1,4,0,2,0,60.0,57,股份成品仓（厂标)
1280340104702,乙醇(无水乙醇),AR2500ml/塑瓶,AR,西化,瓶,233998,500554,1,4,0,2,0,60.0,4481,冲单仓
1280340104702,乙醇(无水乙醇),AR2500ml/塑瓶,AR,西化,瓶,233998,500554,1,4,0,2,0,60.0,4473,冲单仓
1280340104702,乙醇(无水乙醇),AR2500ml/塑瓶,AR,西化,瓶,233998,500554,1,4,0,2,0,60.0,4476,平账仓
1160090101700,七水合硫酸亚铁（硫酸亚铁）,AR500g/瓶,,西化,瓶,1479,1479,1,0,0,2,0,8.5,17,平台佛山仓
1160090101700,七水合硫酸亚铁（硫酸亚铁）,AR500g/瓶,,西化,瓶,1479,1479,1,0,0,2,0,8.5,4,精细佛山仓
1160090101700,七水合硫酸亚铁（硫酸亚铁）,AR500g/瓶,,西化,瓶,1479,1479,1,0,0,2,0,8.5,2536,佛山天津仓
1160090101700,七水合硫酸亚铁（硫酸亚铁）,AR500g/瓶,,西化,瓶,1479,1479,1,0,0,2,0,8.5,1370,中基仓(上海仓)
1160090101700,七水合硫酸亚铁（硫酸亚铁）,AR500g/瓶,,西化,瓶,1479,1479,1,0,0,2,0,8.5,9,汕头工厂仓
1160090101700,七水合硫酸亚铁（硫酸亚铁）,AR500g/瓶,,西化,瓶,1479,1479,1,0,0,2,0,8.5,85,四川小成品（固）
1160090101700,七水合硫酸亚铁（硫酸亚铁）,AR500g/瓶,,西化,瓶,1479,1479,1,0,0,2,0,8.5,83,佛山出口仓
1160090101700,七水合硫酸亚铁（硫酸亚铁）,AR500g/瓶,,西化,瓶,1479,1479,1,0,0,2,0,8.5,79,佛山西陇成品(固)
1160090101700,七水合硫酸亚铁（硫酸亚铁）,AR500g/瓶,,西化,瓶,1479,1479,1,0,0,2,0,8.5,48,股份佛山成品（固）
1160090101700,七水合硫酸亚铁（硫酸亚铁）,AR500g/瓶,,西化,瓶,1479,1479,1,0,0,2,0,8.5,57,股份成品仓（厂标)
1160090101700,七水合硫酸亚铁（硫酸亚铁）,AR500g/瓶,,西化,瓶,1479,1479,1,0,0,2,0,8.5,56,股份出口仓
1160090101700,七水合硫酸亚铁（硫酸亚铁）,AR500g/瓶,,西化,瓶,1479,1479,1,0,0,2,0,8.5,90,成品库（NN）
1160090101700,七水合硫酸亚铁（硫酸亚铁）,AR500g/瓶,,西化,瓶,1479,1479,1,0,0,2,0,8.5,4476,平账仓
1160090101700,七水合硫酸亚铁（硫酸亚铁）,AR500g/瓶,,西化,瓶,1479,1479,1,0,0,2,0,8.5,4473,冲单仓
1160090101700,七水合硫酸亚铁(硫酸亚铁),AR500g/瓶,AR,西化,瓶,221417,221046,1,0,0,2,7,12.2,29,平台仓
1160090101700,七水合硫酸亚铁(硫酸亚铁),AR500g/瓶,AR,西化,瓶,221417,221046,1,0,0,2,7,12.2,4,精细佛山仓
1160090101700,七水合硫酸亚铁(硫酸亚铁),AR500g/瓶,AR,西化,瓶,221417,221046,1,0,0,2,7,12.2,2536,佛山天津仓
1160090101700,七水合硫酸亚铁(硫酸亚铁),AR500g/瓶,AR,西化,瓶,221417,221046,1,0,0,2,7,12.2,1370,中基仓(上海仓)
1160090101700,七水合硫酸亚铁(硫酸亚铁),AR500g/瓶,AR,西化,瓶,221417,221046,1,0,0,2,7,12.2,9,汕头工厂仓
1160090101700,七水合硫酸亚铁(硫酸亚铁),AR500g/瓶,AR,西化,瓶,221417,221046,1,0,0,2,7,12.2,85,四川小成品（固）
1160090101700,七水合硫酸亚铁(硫酸亚铁),AR500g/瓶,AR,西化,瓶,221417,221046,1,0,0,2,7,12.2,83,佛山出口仓
1160090101700,七水合硫酸亚铁(硫酸亚铁),AR500g/瓶,AR,西化,瓶,221417,221046,1,0,0,2,7,12.2,79,佛山西陇成品(固)
1160090101700,七水合硫酸亚铁(硫酸亚铁),AR500g/瓶,AR,西化,瓶,221417,221046,1,0,0,2,7,12.2,48,股份佛山成品（固）
1160090101700,七水合硫酸亚铁(硫酸亚铁),AR500g/瓶,AR,西化,瓶,221417,221046,1,0,0,2,7,12.2,57,股份成品仓（厂标)
1160090101700,七水合硫酸亚铁(硫酸亚铁),AR500g/瓶,AR,西化,瓶,221417,221046,1,0,0,2,7,12.2,56,股份出口仓
1160090101700,七水合硫酸亚铁(硫酸亚铁),AR500g/瓶,AR,西化,瓶,221417,221046,1,0,0,2,7,12.2,90,成品库（NN）
1160090101700,七水合硫酸亚铁(硫酸亚铁),AR500g/瓶,AR,西化,瓶,221417,221046,1,0,0,2,7,12.2,4476,平账仓
1160090101700,七水合硫酸亚铁(硫酸亚铁),AR500g/瓶,AR,西化,瓶,221417,221046,1,0,0,2,7,12.2,4473,冲单仓
1160090101700,七水合硫酸亚铁(硫酸亚铁),AR500g/瓶,AR,西化,瓶,225512,223093,1,0,0,2,7,12.2,30,平台仓
1160090101700,七水合硫酸亚铁(硫酸亚铁),AR500g/瓶,AR,西化,瓶,225512,223093,1,0,0,2,7,12.2,4,精细佛山仓
1160090101700,七水合硫酸亚铁(硫酸亚铁),AR500g/瓶,AR,西化,瓶,225512,223093,1,0,0,2,7,12.2,2536,佛山天津仓
1160090101700,七水合硫酸亚铁(硫酸亚铁),AR500g/瓶,AR,西化,瓶,225512,223093,1,0,0,2,7,12.2,1370,中基仓(上海仓)
1160090101700,七水合硫酸亚铁(硫酸亚铁),AR500g/瓶,AR,西化,瓶,225512,223093,1,0,0,2,7,12.2,9,汕头工厂仓
1160090101700,七水合硫酸亚铁(硫酸亚铁),AR500g/瓶,AR,西化,瓶,225512,223093,1,0,0,2,7,12.2,85,四川小成品（固）
1160090101700,七水合硫酸亚铁(硫酸亚铁),AR500g/瓶,AR,西化,瓶,225512,223093,1,0,0,2,7,12.2,83,佛山出口仓
1160090101700,七水合硫酸亚铁(硫酸亚铁),AR500g/瓶,AR,西化,瓶,225512,223093,1,0,0,2,7,12.2,79,佛山西陇成品(固)
1160090101700,七水合硫酸亚铁(硫酸亚铁),AR500g/瓶,AR,西化,瓶,225512,223093,1,0,0,2,7,12.2,48,股份佛山成品（固）
1160090101700,七水合硫酸亚铁(硫酸亚铁),AR500g/瓶,AR,西化,瓶,225512,223093,1,0,0,2,7,12.2,57,股份成品仓（厂标)
1160090101700,七水合硫酸亚铁(硫酸亚铁),AR500g/瓶,AR,西化,瓶,225512,223093,1,0,0,2,7,12.2,56,股份出口仓
1160090101700,七水合硫酸亚铁(硫酸亚铁),AR500g/瓶,AR,西化,瓶,225512,223093,1,0,0,2,7,12.2,90,成品库（NN）
1160090101700,七水合硫酸亚铁(硫酸亚铁),AR500g/瓶,AR,西化,瓶,225512,223093,1,0,0,2,7,12.2,4476,平账仓
1160090101700,七水合硫酸亚铁(硫酸亚铁),AR500g/瓶,AR,西化,瓶,225512,223093,1,0,0,2,7,12.2,4473,冲单仓
1160090101700,七水合硫酸亚铁(硫酸亚铁),AR500g/瓶,AR,西化,瓶,229607,225140,1,0,0,2,7,12.2,28,平台仓
1160090101700,七水合硫酸亚铁(硫酸亚铁),AR500g/瓶,AR,西化,瓶,229607,225140,1,0,0,2,7,12.2,4,精细佛山仓
1160090101700,七水合硫酸亚铁(硫酸亚铁),AR500g/瓶,AR,西化,瓶,229607,225140,1,0,0,2,7,12.2,2536,佛山天津仓
1160090101700,七水合硫酸亚铁(硫酸亚铁),AR500g/瓶,AR,西化,瓶,229607,225140,1,0,0,2,7,12.2,1370,中基仓(上海仓)
1160090101700,七水合硫酸亚铁(硫酸亚铁),AR500g/瓶,AR,西化,瓶,229607,225140,1,0,0,2,7,12.2,9,汕头工厂仓
1160090101700,七水合硫酸亚铁(硫酸亚铁),AR500g/瓶,AR,西化,瓶,229607,225140,1,0,0,2,7,12.2,85,四川小成品（固）
1160090101700,七水合硫酸亚铁(硫酸亚铁),AR500g/瓶,AR,西化,瓶,229607,225140,1,0,0,2,7,12.2,83,佛山出口仓
1160090101700,七水合硫酸亚铁(硫酸亚铁),AR500g/瓶,AR,西化,瓶,229607,225140,1,0,0,2,7,12.2,79,佛山西陇成品(固)
1160090101700,七水合硫酸亚铁(硫酸亚铁),AR500g/瓶,AR,西化,瓶,229607,225140,1,0,0,2,7,12.2,48,股份佛山成品（固）
1160090101700,七水合硫酸亚铁(硫酸亚铁),AR500g/瓶,AR,西化,瓶,229607,225140,1,0,0,2,7,12.2,57,股份成品仓（厂标)
1160090101700,七水合硫酸亚铁(硫酸亚铁),AR500g/瓶,AR,西化,瓶,229607,225140,1,0,0,2,7,12.2,56,股份出口仓
1160090101700,七水合硫酸亚铁(硫酸亚铁),AR500g/瓶,AR,西化,瓶,229607,225140,1,0,0,2,7,12.2,90,成品库（NN）
1160090101700,七水合硫酸亚铁(硫酸亚铁),AR500g/瓶,AR,西化,瓶,229607,225140,1,0,0,2,7,12.2,4476,平账仓
1160090101700,七水合硫酸亚铁(硫酸亚铁),AR500g/瓶,AR,西化,瓶,229607,225140,1,0,0,2,7,12.2,4473,冲单仓
1160090101700,七水合硫酸亚铁(硫酸亚铁),AR500g/瓶,AR,西化,瓶,233702,227187,1,0,0,2,7,12.2,77,平台仓
1160090101700,七水合硫酸亚铁(硫酸亚铁),AR500g/瓶,AR,西化,瓶,233702,227187,1,0,0,2,7,12.2,4,精细佛山仓
1160090101700,七水合硫酸亚铁(硫酸亚铁),AR500g/瓶,AR,西化,瓶,233702,227187,1,0,0,2,7,12.2,2536,佛山天津仓
1160090101700,七水合硫酸亚铁(硫酸亚铁),AR500g/瓶,AR,西化,瓶,233702,227187,1,0,0,2,7,12.2,1370,中基仓(上海仓)
1160090101700,七水合硫酸亚铁(硫酸亚铁),AR500g/瓶,AR,西化,瓶,233702,227187,1,0,0,2,7,12.2,9,汕头工厂仓
1160090101700,七水合硫酸亚铁(硫酸亚铁),AR500g/瓶,AR,西化,瓶,233702,227187,1,0,0,2,7,12.2,85,四川小成品（固）
1160090101700,七水合硫酸亚铁(硫酸亚铁),AR500g/瓶,AR,西化,瓶,233702,227187,1,0,0,2,7,12.2,83,佛山出口仓
1160090101700,七水合硫酸亚铁(硫酸亚铁),AR500g/瓶,AR,西化,瓶,233702,227187,1,0,0,2,7,12.2,79,佛山西陇成品(固)
1160090101700,七水合硫酸亚铁(硫酸亚铁),AR500g/瓶,AR,西化,瓶,233702,227187,1,0,0,2,7,12.2,48,股份佛山成品（固）
1160090101700,七水合硫酸亚铁(硫酸亚铁),AR500g/瓶,AR,西化,瓶,233702,227187,1,0,0,2,7,12.2,57,股份成品仓（厂标)
1160090101700,七水合硫酸亚铁(硫酸亚铁),AR500g/瓶,AR,西化,瓶,233702,227187,1,0,0,2,7,12.2,56,股份出口仓
1160090101700,七水合硫酸亚铁(硫酸亚铁),AR500g/瓶,AR,西化,瓶,233702,227187,1,0,0,2,7,12.2,90,成品库（NN）
1160090101700,七水合硫酸亚铁(硫酸亚铁),AR500g/瓶,AR,西化,瓶,233702,227187,1,0,0,2,7,12.2,4476,平账仓
1160090101700,七水合硫酸亚铁(硫酸亚铁),AR500g/瓶,AR,西化,瓶,233702,227187,1,0,0,2,7,12.2,4473,冲单仓
1270060204200,甲酸,CP25kg/桶,CP,西化,KG,222678,221761,25,4,0,2,7,29.2,29,平台仓
1270060204200,甲酸,CP25kg/桶,CP,西化,KG,222678,221761,25,4,0,2,7,29.2,49,股份佛山成品（二）
1270060204200,甲酸,CP25kg/桶,CP,西化,KG,222678,221761,25,4,0,2,7,29.2,58,股份成品库（二）
1270060204200,甲酸,CP25kg/桶,CP,西化,KG,222678,221761,25,4,0,2,7,29.2,57,股份成品仓（厂标)
1270060204200,甲酸,CP25kg/桶,CP,西化,KG,222678,221761,25,4,0,2,7,29.2,81,佛山西陇成品(二)
1270060204200,甲酸,CP25kg/桶,CP,西化,KG,226773,223808,25,4,0,2,7,29.2,30,平台仓
1270060204200,甲酸,CP25kg/桶,CP,西化,KG,226773,223808,25,4,0,2,7,29.2,49,股份佛山成品（二）
1270060204200,甲酸,CP25kg/桶,CP,西化,KG,226773,223808,25,4,0,2,7,29.2,58,股份成品库（二）
1270060204200,甲酸,CP25kg/桶,CP,西化,KG,226773,223808,25,4,0,2,7,29.2,57,股份成品仓（厂标)
1270060204200,甲酸,CP25kg/桶,CP,西化,KG,226773,223808,25,4,0,2,7,29.2,81,佛山西陇成品(二)
1270060204200,甲酸,CP25kg/桶,CP,西化,KG,230868,225855,25,4,0,2,7,29.2,28,平台仓
1270060204200,甲酸,CP25kg/桶,CP,西化,KG,230868,225855,25,4,0,2,7,29.2,49,股份佛山成品（二）
1270060204200,甲酸,CP25kg/桶,CP,西化,KG,230868,225855,25,4,0,2,7,29.2,58,股份成品库（二）
1270060204200,甲酸,CP25kg/桶,CP,西化,KG,230868,225855,25,4,0,2,7,29.2,57,股份成品仓（厂标)
1270060204200,甲酸,CP25kg/桶,CP,西化,KG,230868,225855,25,4,0,2,7,29.2,81,佛山西陇成品(二)
1270060204200,甲酸,CP25kg/桶,CP,西化,KG,234963,227902,25,4,0,2,7,29.2,77,平台仓
1270060204200,甲酸,CP25kg/桶,CP,西化,KG,234963,227902,25,4,0,2,7,29.2,49,股份佛山成品（二）
1270060204200,甲酸,CP25kg/桶,CP,西化,KG,234963,227902,25,4,0,2,7,29.2,58,股份成品库（二）
1270060204200,甲酸,CP25kg/桶,CP,西化,KG,234963,227902,25,4,0,2,7,29.2,57,股份成品仓（厂标)
1270060204200,甲酸,CP25kg/桶,CP,西化,KG,234963,227902,25,4,0,2,7,29.2,81,佛山西陇成品(二)
1270400204202,硼酸,CP25kg/桶,CP,西化,KG,222932,492366,25,4,0,2,0,32.8,29,平台仓
1270400204202,硼酸,CP25kg/桶,CP,西化,KG,222932,492366,25,4,0,2,0,32.8,91,平台实体仓
1270400204202,硼酸,CP25kg/桶,CP,西化,KG,222932,492366,25,4,0,2,0,32.8,81,佛山西陇成品(二)
1270400204202,硼酸,CP25kg/桶,CP,西化,KG,222932,492366,25,4,0,2,0,32.8,58,股份成品库（二）
1270400204202,硼酸,CP25kg/桶,CP,西化,KG,227027,499290,25,4,0,2,0,32.8,30,平台仓
1270400204202,硼酸,CP25kg/桶,CP,西化,KG,227027,499290,25,4,0,2,0,32.8,81,佛山西陇成品(二)
1270400204202,硼酸,CP25kg/桶,CP,西化,KG,227027,499290,25,4,0,2,0,32.8,58,股份成品库（二）
1270400204202,硼酸,CP25kg/桶,CP,西化,KG,231122,500190,25,4,0,2,0,32.8,28,平台仓
1270400204202,硼酸,CP25kg/桶,CP,西化,KG,231122,500190,25,4,0,2,0,32.8,81,佛山西陇成品(二)
1270400204202,硼酸,CP25kg/桶,CP,西化,KG,231122,500190,25,4,0,2,0,32.8,58,股份成品库（二）
1270400204202,硼酸,CP25kg/桶,CP,西化,KG,235217,501102,25,4,0,2,0,32.8,77,平台仓
1270400204202,硼酸,CP25kg/桶,CP,西化,KG,235217,501102,25,4,0,2,0,32.8,81,佛山西陇成品(二)
1270400204202,硼酸,CP25kg/桶,CP,西化,KG,235217,501102,25,4,0,2,0,32.8,58,股份成品库（二）
1340040106000,甲醛溶液,AR20L/桶,AR,西化,升,222708,492256,20,4,0,2,0,11.4,29,平台仓
1340040106000,甲醛溶液,AR20L/桶,AR,西化,升,222708,492256,20,4,0,2,0,11.4,91,平台实体仓
1340040106000,甲醛溶液,AR20L/桶,AR,西化,升,222708,492256,20,4,0,2,0,11.4,58,股份成品库（二）
1340040106000,甲醛溶液,AR20L/桶,AR,西化,升,222708,492256,20,4,0,2,0,11.4,81,佛山西陇成品(二)
1340040106000,甲醛溶液,AR20L/桶,AR,西化,升,222708,492256,20,4,0,2,0,11.4,49,股份佛山成品（二）
1340040106000,甲醛溶液,AR20L/桶,AR,西化,升,222708,492256,20,4,0,2,0,11.4,4466,丙类液体成品(大)
1340040106000,甲醛溶液,AR20L/桶,AR,西化,升,226803,499178,20,4,0,2,0,11.4,30,平台仓
1340040106000,甲醛溶液,AR20L/桶,AR,西化,升,226803,499178,20,4,0,2,0,11.4,58,股份成品库（二）
1340040106000,甲醛溶液,AR20L/桶,AR,西化,升,226803,499178,20,4,0,2,0,11.4,81,佛山西陇成品(二)
1340040106000,甲醛溶液,AR20L/桶,AR,西化,升,226803,499178,20,4,0,2,0,11.4,49,股份佛山成品（二）
1340040106000,甲醛溶液,AR20L/桶,AR,西化,升,226803,499178,20,4,0,2,0,11.4,4466,丙类液体成品(大)
1340040106000,甲醛溶液,AR20L/桶,AR,西化,升,230898,500078,20,4,0,2,0,11.4,28,平台仓
1340040106000,甲醛溶液,AR20L/桶,AR,西化,升,230898,500078,20,4,0,2,0,11.4,58,股份成品库（二）
1340040106000,甲醛溶液,AR20L/桶,AR,西化,升,230898,500078,20,4,0,2,0,11.4,81,佛山西陇成品(二)
1340040106000,甲醛溶液,AR20L/桶,AR,西化,升,230898,500078,20,4,0,2,0,11.4,49,股份佛山成品（二）
1340040106000,甲醛溶液,AR20L/桶,AR,西化,升,230898,500078,20,4,0,2,0,11.4,4466,丙类液体成品(大)
1340040106000,甲醛溶液,AR20L/桶,AR,西化,升,234993,500989,20,4,0,2,0,11.4,77,平台仓
1340040106000,甲醛溶液,AR20L/桶,AR,西化,升,234993,500989,20,4,0,2,0,11.4,58,股份成品库（二）
1340040106000,甲醛溶液,AR20L/桶,AR,西化,升,234993,500989,20,4,0,2,0,11.4,81,佛山西陇成品(二)
1340040106000,甲醛溶液,AR20L/桶,AR,西化,升,234993,500989,20,4,0,2,0,11.4,49,股份佛山成品（二）
1340040106000,甲醛溶液,AR20L/桶,AR,西化,升,234993,500989,20,4,0,2,0,11.4,4466,丙类液体成品(大)
1260180104700,氨水,AR2500ml/瓶,AR,西化,瓶,222485,492160,1,4,0,2,0,30.0,29,平台仓
1260180104700,氨水,AR2500ml/瓶,AR,西化,瓶,222485,492160,1,4,0,2,0,30.0,91,平台实体仓
1260180104700,氨水,AR2500ml/瓶,AR,西化,瓶,222485,492160,1,4,0,2,0,30.0,80,佛山西陇成品(液)
1260180104700,氨水,AR2500ml/瓶,AR,西化,瓶,222485,492160,1,4,0,2,0,30.0,2536,佛山天津仓
1260180104700,氨水,AR2500ml/瓶,AR,西化,瓶,222485,492160,1,4,0,2,0,30.0,57,股份成品仓（厂标)
1260180104700,氨水,AR2500ml/瓶,AR,西化,瓶,222485,492160,1,4,0,2,0,30.0,1370,中基仓(上海仓)
1260180104700,氨水,AR2500ml/瓶,AR,西化,瓶,222485,492160,1,4,0,2,0,30.0,50,股份佛山成品（液）
1260180104700,氨水,AR2500ml/瓶,AR,西化,瓶,222485,492160,1,4,0,2,0,30.0,4473,冲单仓
1260180104700,氨水,AR2500ml/瓶,AR,西化,瓶,222485,492160,1,4,0,2,0,30.0,4470,京汕仓库
1260180104700,氨水,AR2500ml/瓶,AR,西化,瓶,222485,492160,1,4,0,2,0,30.0,4476,平账仓
1260180104700,氨水,AR2500ml/瓶,AR,西化,瓶,226580,499076,1,4,0,2,0,30.0,30,平台仓
1260180104700,氨水,AR2500ml/瓶,AR,西化,瓶,226580,499076,1,4,0,2,0,30.0,80,佛山西陇成品(液)
1260180104700,氨水,AR2500ml/瓶,AR,西化,瓶,226580,499076,1,4,0,2,0,30.0,2536,佛山天津仓
1260180104700,氨水,AR2500ml/瓶,AR,西化,瓶,226580,499076,1,4,0,2,0,30.0,57,股份成品仓（厂标)
1260180104700,氨水,AR2500ml/瓶,AR,西化,瓶,226580,499076,1,4,0,2,0,30.0,1370,中基仓(上海仓)
1260180104700,氨水,AR2500ml/瓶,AR,西化,瓶,226580,499076,1,4,0,2,0,30.0,50,股份佛山成品（液）
1260180104700,氨水,AR2500ml/瓶,AR,西化,瓶,226580,499076,1,4,0,2,0,30.0,4473,冲单仓
1260180104700,氨水,AR2500ml/瓶,AR,西化,瓶,226580,499076,1,4,0,2,0,30.0,4470,京汕仓库
1260180104700,氨水,AR2500ml/瓶,AR,西化,瓶,226580,499076,1,4,0,2,0,30.0,4476,平账仓
1260180104700,氨水,AR2500ml/瓶,AR,西化,瓶,230675,499976,1,4,0,2,0,30.0,28,平台仓
1260180104700,氨水,AR2500ml/瓶,AR,西化,瓶,230675,499976,1,4,0,2,0,30.0,80,佛山西陇成品(液)
1260180104700,氨水,AR2500ml/瓶,AR,西化,瓶,230675,499976,1,4,0,2,0,30.0,2536,佛山天津仓
1260180104700,氨水,AR2500ml/瓶,AR,西化,瓶,230675,499976,1,4,0,2,0,30.0,57,股份成品仓（厂标)
1260180104700,氨水,AR2500ml/瓶,AR,西化,瓶,230675,499976,1,4,0,2,0,30.0,1370,中基仓(上海仓)
1260180104700,氨水,AR2500ml/瓶,AR,西化,瓶,230675,499976,1,4,0,2,0,30.0,50,股份佛山成品（液）
1260180104700,氨水,AR2500ml/瓶,AR,西化,瓶,230675,499976,1,4,0,2,0,30.0,4473,冲单仓
1260180104700,氨水,AR2500ml/瓶,AR,西化,瓶,230675,499976,1,4,0,2,0,30.0,4470,京汕仓库
1260180104700,氨水,AR2500ml/瓶,AR,西化,瓶,230675,499976,1,4,0,2,0,30.0,4476,平账仓
1260180104700,氨水,AR2500ml/瓶,AR,西化,瓶,234770,500879,1,4,0,2,0,30.0,77,平台仓
1260180104700,氨水,AR2500ml/瓶,AR,西化,瓶,234770,500879,1,4,0,2,0,30.0,80,佛山西陇成品(液)
1260180104700,氨水,AR2500ml/瓶,AR,西化,瓶,234770,500879,1,4,0,2,0,30.0,2536,佛山天津仓
1260180104700,氨水,AR2500ml/瓶,AR,西化,瓶,234770,500879,1,4,0,2,0,30.0,57,股份成品仓（厂标)
1260180104700,氨水,AR2500ml/瓶,AR,西化,瓶,234770,500879,1,4,0,2,0,30.0,1370,中基仓(上海仓)
1260180104700,氨水,AR2500ml/瓶,AR,西化,瓶,234770,500879,1,4,0,2,0,30.0,50,股份佛山成品（液）
1260180104700,氨水,AR2500ml/瓶,AR,西化,瓶,234770,500879,1,4,0,2,0,30.0,4473,冲单仓
1260180104700,氨水,AR2500ml/瓶,AR,西化,瓶,234770,500879,1,4,0,2,0,30.0,4470,京汕仓库
1260180104700,氨水,AR2500ml/瓶,AR,西化,瓶,234770,500879,1,4,0,2,0,30.0,4476,平账仓
1270570104702,乙酸（冰醋酸）,AR2500ml/塑瓶,,西化,瓶,10136,10149,1,4,0,2,0,42.56,17,平台佛山仓
1270570104702,乙酸（冰醋酸）,AR2500ml/塑瓶,,西化,瓶,10136,10149,1,4,0,2,0,42.56,1370,中基仓(上海仓)
1270570104702,乙酸（冰醋酸）,AR2500ml/塑瓶,,西化,瓶,10136,10149,1,4,0,2,0,42.56,57,股份成品仓（厂标)
1270570104702,乙酸（冰醋酸）,AR2500ml/塑瓶,,西化,瓶,10136,10149,1,4,0,2,0,42.56,80,佛山西陇成品(液)
1270570104702,乙酸（冰醋酸）,AR2500ml/塑瓶,,西化,瓶,10136,10149,1,4,0,2,0,42.56,13,直运仓
1270570104702,乙酸（冰醋酸）,AR2500ml/塑瓶,,西化,瓶,10136,10149,1,4,0,2,0,42.56,2536,佛山天津仓
1270570104702,乙酸（冰醋酸）,AR2500ml/塑瓶,,西化,瓶,10136,10149,1,4,0,2,0,42.56,133,沈阳虎石台仓
1270570104702,乙酸（冰醋酸）,AR2500ml/塑瓶,,西化,瓶,10136,10149,1,4,0,2,0,42.56,4,精细佛山仓
1270570104702,乙酸（冰醋酸）,AR2500ml/塑瓶,,西化,瓶,10136,10149,1,4,0,2,0,42.56,50,股份佛山成品（液）
1270570104702,乙酸（冰醋酸）,AR2500ml/塑瓶,,西化,瓶,10136,10149,1,4,0,2,0,42.56,82,佛山外寄仓
1270570104702,乙酸（冰醋酸）,AR2500ml/塑瓶,,西化,瓶,10136,10149,1,4,0,2,0,42.56,2533,佛山成品（液）
1270570104702,乙酸（冰醋酸）,AR2500ml/塑瓶,,西化,瓶,10136,10149,1,4,0,2,0,42.56,4476,平账仓
1270570104702,乙酸（冰醋酸）,AR2500ml/塑瓶,,西化,瓶,10136,10149,1,4,0,2,0,42.56,4481,冲单仓
1270570104702,乙酸（冰醋酸）,AR2500ml/塑瓶,,西化,瓶,10136,10149,1,4,0,2,0,42.56,4459,毛博士虎石台仓
1270570104702,乙酸（冰醋酸）,AR2500ml/塑瓶,,西化,瓶,10136,10149,1,4,0,2,0,42.56,4473,冲单仓
1270570104702,乙酸（冰醋酸）,AR2500ml/塑瓶,,西化,瓶,10136,10149,1,4,0,2,0,42.56,4470,京汕仓库
1270570104702,乙酸(冰醋酸),AR2500ml/塑瓶,AR,西化,瓶,221676,491782,1,4,0,2,0,60.8,29,平台仓
1270570104702,乙酸(冰醋酸),AR2500ml/塑瓶,AR,西化,瓶,221676,491782,1,4,0,2,0,60.8,1370,中基仓(上海仓)
1270570104702,乙酸(冰醋酸),AR2500ml/塑瓶,AR,西化,瓶,221676,491782,1,4,0,2,0,60.8,57,股份成品仓（厂标)
1270570104702,乙酸(冰醋酸),AR2500ml/塑瓶,AR,西化,瓶,221676,491782,1,4,0,2,0,60.8,80,佛山西陇成品(液)
1270570104702,乙酸(冰醋酸),AR2500ml/塑瓶,AR,西化,瓶,221676,491782,1,4,0,2,0,60.8,13,直运仓
1270570104702,乙酸(冰醋酸),AR2500ml/塑瓶,AR,西化,瓶,221676,491782,1,4,0,2,0,60.8,2536,佛山天津仓
1270570104702,乙酸(冰醋酸),AR2500ml/塑瓶,AR,西化,瓶,221676,491782,1,4,0,2,0,60.8,133,沈阳虎石台仓
1270570104702,乙酸(冰醋酸),AR2500ml/塑瓶,AR,西化,瓶,221676,491782,1,4,0,2,0,60.8,4,精细佛山仓
1270570104702,乙酸(冰醋酸),AR2500ml/塑瓶,AR,西化,瓶,221676,491782,1,4,0,2,0,60.8,50,股份佛山成品（液）
1270570104702,乙酸(冰醋酸),AR2500ml/塑瓶,AR,西化,瓶,221676,491782,1,4,0,2,0,60.8,82,佛山外寄仓
1270570104702,乙酸(冰醋酸),AR2500ml/塑瓶,AR,西化,瓶,221676,491782,1,4,0,2,0,60.8,2533,佛山成品（液）
1270570104702,乙酸(冰醋酸),AR2500ml/塑瓶,AR,西化,瓶,221676,491782,1,4,0,2,0,60.8,4476,平账仓
1270570104702,乙酸(冰醋酸),AR2500ml/塑瓶,AR,西化,瓶,221676,491782,1,4,0,2,0,60.8,4481,冲单仓
1270570104702,乙酸(冰醋酸),AR2500ml/塑瓶,AR,西化,瓶,221676,491782,1,4,0,2,0,60.8,4459,毛博士虎石台仓
1270570104702,乙酸(冰醋酸),AR2500ml/塑瓶,AR,西化,瓶,221676,491782,1,4,0,2,0,60.8,4473,冲单仓
1270570104702,乙酸(冰醋酸),AR2500ml/塑瓶,AR,西化,瓶,221676,491782,1,4,0,2,0,60.8,4470,京汕仓库
1270570104702,乙酸(冰醋酸),AR2500ml/塑瓶,AR,西化,瓶,225771,498727,1,4,0,2,0,60.8,30,平台仓
1270570104702,乙酸(冰醋酸),AR2500ml/塑瓶,AR,西化,瓶,225771,498727,1,4,0,2,0,60.8,1370,中基仓(上海仓)
1270570104702,乙酸(冰醋酸),AR2500ml/塑瓶,AR,西化,瓶,225771,498727,1,4,0,2,0,60.8,57,股份成品仓（厂标)
1270570104702,乙酸(冰醋酸),AR2500ml/塑瓶,AR,西化,瓶,225771,498727,1,4,0,2,0,60.8,80,佛山西陇成品(液)
1270570104702,乙酸(冰醋酸),AR2500ml/塑瓶,AR,西化,瓶,225771,498727,1,4,0,2,0,60.8,13,直运仓
1270570104702,乙酸(冰醋酸),AR2500ml/塑瓶,AR,西化,瓶,225771,498727,1,4,0,2,0,60.8,2536,佛山天津仓
1270570104702,乙酸(冰醋酸),AR2500ml/塑瓶,AR,西化,瓶,225771,498727,1,4,0,2,0,60.8,133,沈阳虎石台仓
1270570104702,乙酸(冰醋酸),AR2500ml/塑瓶,AR,西化,瓶,225771,498727,1,4,0,2,0,60.8,4,精细佛山仓
1270570104702,乙酸(冰醋酸),AR2500ml/塑瓶,AR,西化,瓶,225771,498727,1,4,0,2,0,60.8,50,股份佛山成品（液）
1270570104702,乙酸(冰醋酸),AR2500ml/塑瓶,AR,西化,瓶,225771,498727,1,4,0,2,0,60.8,82,佛山外寄仓
1270570104702,乙酸(冰醋酸),AR2500ml/塑瓶,AR,西化,瓶,225771,498727,1,4,0,2,0,60.8,2533,佛山成品（液）
1270570104702,乙酸(冰醋酸),AR2500ml/塑瓶,AR,西化,瓶,225771,498727,1,4,0,2,0,60.8,4476,平账仓
1270570104702,乙酸(冰醋酸),AR2500ml/塑瓶,AR,西化,瓶,225771,498727,1,4,0,2,0,60.8,4481,冲单仓
1270570104702,乙酸(冰醋酸),AR2500ml/塑瓶,AR,西化,瓶,225771,498727,1,4,0,2,0,60.8,4459,毛博士虎石台仓
1270570104702,乙酸(冰醋酸),AR2500ml/塑瓶,AR,西化,瓶,225771,498727,1,4,0,2,0,60.8,4473,冲单仓
1270570104702,乙酸(冰醋酸),AR2500ml/塑瓶,AR,西化,瓶,225771,498727,1,4,0,2,0,60.8,4470,京汕仓库
1270570104702,乙酸(冰醋酸),AR2500ml/塑瓶,AR,西化,瓶,229866,499635,1,4,0,2,0,60.8,28,平台仓
1270570104702,乙酸(冰醋酸),AR2500ml/塑瓶,AR,西化,瓶,229866,499635,1,4,0,2,0,60.8,1370,中基仓(上海仓)
1270570104702,乙酸(冰醋酸),AR2500ml/塑瓶,AR,西化,瓶,229866,499635,1,4,0,2,0,60.8,57,股份成品仓（厂标)
1270570104702,乙酸(冰醋酸),AR2500ml/塑瓶,AR,西化,瓶,229866,499635,1,4,0,2,0,60.8,80,佛山西陇成品(液)
1270570104702,乙酸(冰醋酸),AR2500ml/塑瓶,AR,西化,瓶,229866,499635,1,4,0,2,0,60.8,13,直运仓
1270570104702,乙酸(冰醋酸),AR2500ml/塑瓶,AR,西化,瓶,229866,499635,1,4,0,2,0,60.8,2536,佛山天津仓
1270570104702,乙酸(冰醋酸),AR2500ml/塑瓶,AR,西化,瓶,229866,499635,1,4,0,2,0,60.8,133,沈阳虎石台仓
1270570104702,乙酸(冰醋酸),AR2500ml/塑瓶,AR,西化,瓶,229866,499635,1,4,0,2,0,60.8,4,精细佛山仓
1270570104702,乙酸(冰醋酸),AR2500ml/塑瓶,AR,西化,瓶,229866,499635,1,4,0,2,0,60.8,50,股份佛山成品（液）
1270570104702,乙酸(冰醋酸),AR2500ml/塑瓶,AR,西化,瓶,229866,499635,1,4,0,2,0,60.8,82,佛山外寄仓
1270570104702,乙酸(冰醋酸),AR2500ml/塑瓶,AR,西化,瓶,229866,499635,1,4,0,2,0,60.8,2533,佛山成品（液）
1270570104702,乙酸(冰醋酸),AR2500ml/塑瓶,AR,西化,瓶,229866,499635,1,4,0,2,0,60.8,4476,平账仓
1270570104702,乙酸(冰醋酸),AR2500ml/塑瓶,AR,西化,瓶,229866,499635,1,4,0,2,0,60.8,4481,冲单仓
1270570104702,乙酸(冰醋酸),AR2500ml/塑瓶,AR,西化,瓶,229866,499635,1,4,0,2,0,60.8,4459,毛博士虎石台仓
1270570104702,乙酸(冰醋酸),AR2500ml/塑瓶,AR,西化,瓶,229866,499635,1,4,0,2,0,60.8,4473,冲单仓
1270570104702,乙酸(冰醋酸),AR2500ml/塑瓶,AR,西化,瓶,229866,499635,1,4,0,2,0,60.8,4470,京汕仓库
1270570104702,乙酸(冰醋酸),AR2500ml/塑瓶,AR,西化,瓶,233961,500530,1,4,0,2,0,60.8,77,平台仓
1270570104702,乙酸(冰醋酸),AR2500ml/塑瓶,AR,西化,瓶,233961,500530,1,4,0,2,0,60.8,1370,中基仓(上海仓)
1270570104702,乙酸(冰醋酸),AR2500ml/塑瓶,AR,西化,瓶,233961,500530,1,4,0,2,0,60.8,57,股份成品仓（厂标)
1270570104702,乙酸(冰醋酸),AR2500ml/塑瓶,AR,西化,瓶,233961,500530,1,4,0,2,0,60.8,80,佛山西陇成品(液)
1270570104702,乙酸(冰醋酸),AR2500ml/塑瓶,AR,西化,瓶,233961,500530,1,4,0,2,0,60.8,13,直运仓
1270570104702,乙酸(冰醋酸),AR2500ml/塑瓶,AR,西化,瓶,233961,500530,1,4,0,2,0,60.8,2536,佛山天津仓
1270570104702,乙酸(冰醋酸),AR2500ml/塑瓶,AR,西化,瓶,233961,500530,1,4,0,2,0,60.8,133,沈阳虎石台仓
1270570104702,乙酸(冰醋酸),AR2500ml/塑瓶,AR,西化,瓶,233961,500530,1,4,0,2,0,60.8,4,精细佛山仓
1270570104702,乙酸(冰醋酸),AR2500ml/塑瓶,AR,西化,瓶,233961,500530,1,4,0,2,0,60.8,50,股份佛山成品（液）
1270570104702,乙酸(冰醋酸),AR2500ml/塑瓶,AR,西化,瓶,233961,500530,1,4,0,2,0,60.8,82,佛山外寄仓
1270570104702,乙酸(冰醋酸),AR2500ml/塑瓶,AR,西化,瓶,233961,500530,1,4,0,2,0,60.8,2533,佛山成品（液）
1270570104702,乙酸(冰醋酸),AR2500ml/塑瓶,AR,西化,瓶,233961,500530,1,4,0,2,0,60.8,4476,平账仓
1270570104702,乙酸(冰醋酸),AR2500ml/塑瓶,AR,西化,瓶,233961,500530,1,4,0,2,0,60.8,4481,冲单仓
1270570104702,乙酸(冰醋酸),AR2500ml/塑瓶,AR,西化,瓶,233961,500530,1,4,0,2,0,60.8,4459,毛博士虎石台仓
1270570104702,乙酸(冰醋酸),AR2500ml/塑瓶,AR,西化,瓶,233961,500530,1,4,0,2,0,60.8,4473,冲单仓
1270570104702,乙酸(冰醋酸),AR2500ml/塑瓶,AR,西化,瓶,233961,500530,1,4,0,2,0,60.8,4470,京汕仓库
1280250104702,异丙醇,AR2500ml/塑瓶,,西化,瓶,10248,10281,1,4,0,2,0,51.24,17,平台佛山仓
1280250104702,异丙醇,AR2500ml/塑瓶,,西化,瓶,10248,10281,1,4,0,2,0,51.24,50,股份佛山成品（液）
1280250104702,异丙醇,AR2500ml/塑瓶,,西化,瓶,10248,10281,1,4,0,2,0,51.24,82,佛山外寄仓
1280250104702,异丙醇,AR2500ml/塑瓶,,西化,瓶,10248,10281,1,4,0,2,0,51.24,278,甲类成品仓
1280250104702,异丙醇,AR2500ml/塑瓶,,西化,瓶,10248,10281,1,4,0,2,0,51.24,2536,佛山天津仓
1280250104702,异丙醇,AR2500ml/塑瓶,,西化,瓶,10248,10281,1,4,0,2,0,51.24,57,股份成品仓（厂标)
1280250104702,异丙醇,AR2500ml/塑瓶,,西化,瓶,10248,10281,1,4,0,2,0,51.24,1370,中基仓(上海仓)
1280250104702,异丙醇,AR2500ml/塑瓶,,西化,瓶,10248,10281,1,4,0,2,0,51.24,2533,佛山成品（液）
1280250104702,异丙醇,AR2500ml/塑瓶,,西化,瓶,10248,10281,1,4,0,2,0,51.24,4,精细佛山仓
1280250104702,异丙醇,AR2500ml/塑瓶,,西化,瓶,10248,10281,1,4,0,2,0,51.24,4481,冲单仓
1280250104702,异丙醇,AR2500ml/塑瓶,,西化,瓶,10248,10281,1,4,0,2,0,51.24,4473,冲单仓
1280250104702,异丙醇,AR2500ml/塑瓶,AR,西化,瓶,222168,491987,1,4,0,2,0,73.2,29,平台仓
1280250104702,异丙醇,AR2500ml/塑瓶,AR,西化,瓶,222168,491987,1,4,0,2,0,73.2,50,股份佛山成品（液）
1280250104702,异丙醇,AR2500ml/塑瓶,AR,西化,瓶,222168,491987,1,4,0,2,0,73.2,82,佛山外寄仓
1280250104702,异丙醇,AR2500ml/塑瓶,AR,西化,瓶,222168,491987,1,4,0,2,0,73.2,278,甲类成品仓
1280250104702,异丙醇,AR2500ml/塑瓶,AR,西化,瓶,222168,491987,1,4,0,2,0,73.2,2536,佛山天津仓
1280250104702,异丙醇,AR2500ml/塑瓶,AR,西化,瓶,222168,491987,1,4,0,2,0,73.2,57,股份成品仓（厂标)
1280250104702,异丙醇,AR2500ml/塑瓶,AR,西化,瓶,222168,491987,1,4,0,2,0,73.2,1370,中基仓(上海仓)
1280250104702,异丙醇,AR2500ml/塑瓶,AR,西化,瓶,222168,491987,1,4,0,2,0,73.2,2533,佛山成品（液）
1280250104702,异丙醇,AR2500ml/塑瓶,AR,西化,瓶,222168,491987,1,4,0,2,0,73.2,4,精细佛山仓
1280250104702,异丙醇,AR2500ml/塑瓶,AR,西化,瓶,222168,491987,1,4,0,2,0,73.2,4481,冲单仓
1280250104702,异丙醇,AR2500ml/塑瓶,AR,西化,瓶,222168,491987,1,4,0,2,0,73.2,4473,冲单仓
1280250104702,异丙醇,AR2500ml/塑瓶,AR,西化,瓶,226263,498913,1,4,0,2,0,73.2,30,平台仓
1280250104702,异丙醇,AR2500ml/塑瓶,AR,西化,瓶,226263,498913,1,4,0,2,0,73.2,50,股份佛山成品（液）
1280250104702,异丙醇,AR2500ml/塑瓶,AR,西化,瓶,226263,498913,1,4,0,2,0,73.2,82,佛山外寄仓
1280250104702,异丙醇,AR2500ml/塑瓶,AR,西化,瓶,226263,498913,1,4,0,2,0,73.2,278,甲类成品仓
1280250104702,异丙醇,AR2500ml/塑瓶,AR,西化,瓶,226263,498913,1,4,0,2,0,73.2,2536,佛山天津仓
1280250104702,异丙醇,AR2500ml/塑瓶,AR,西化,瓶,226263,498913,1,4,0,2,0,73.2,57,股份成品仓（厂标)
1280250104702,异丙醇,AR2500ml/塑瓶,AR,西化,瓶,226263,498913,1,4,0,2,0,73.2,1370,中基仓(上海仓)
1280250104702,异丙醇,AR2500ml/塑瓶,AR,西化,瓶,226263,498913,1,4,0,2,0,73.2,2533,佛山成品（液）
1280250104702,异丙醇,AR2500ml/塑瓶,AR,西化,瓶,226263,498913,1,4,0,2,0,73.2,4,精细佛山仓
1280250104702,异丙醇,AR2500ml/塑瓶,AR,西化,瓶,226263,498913,1,4,0,2,0,73.2,4481,冲单仓
1280250104702,异丙醇,AR2500ml/塑瓶,AR,西化,瓶,226263,498913,1,4,0,2,0,73.2,4473,冲单仓
1280250104702,异丙醇,AR2500ml/塑瓶,AR,西化,瓶,230358,499817,1,4,0,2,0,73.2,28,平台仓
1280250104702,异丙醇,AR2500ml/塑瓶,AR,西化,瓶,230358,499817,1,4,0,2,0,73.2,50,股份佛山成品（液）
1280250104702,异丙醇,AR2500ml/塑瓶,AR,西化,瓶,230358,499817,1,4,0,2,0,73.2,82,佛山外寄仓
1280250104702,异丙醇,AR2500ml/塑瓶,AR,西化,瓶,230358,499817,1,4,0,2,0,73.2,278,甲类成品仓
1280250104702,异丙醇,AR2500ml/塑瓶,AR,西化,瓶,230358,499817,1,4,0,2,0,73.2,2536,佛山天津仓
1280250104702,异丙醇,AR2500ml/塑瓶,AR,西化,瓶,230358,499817,1,4,0,2,0,73.2,57,股份成品仓（厂标)
1280250104702,异丙醇,AR2500ml/塑瓶,AR,西化,瓶,230358,499817,1,4,0,2,0,73.2,1370,中基仓(上海仓)
1280250104702,异丙醇,AR2500ml/塑瓶,AR,西化,瓶,230358,499817,1,4,0,2,0,73.2,2533,佛山成品（液）
1280250104702,异丙醇,AR2500ml/塑瓶,AR,西化,瓶,230358,499817,1,4,0,2,0,73.2,4,精细佛山仓
1280250104702,异丙醇,AR2500ml/塑瓶,AR,西化,瓶,230358,499817,1,4,0,2,0,73.2,4481,冲单仓
1280250104702,异丙醇,AR2500ml/塑瓶,AR,西化,瓶,230358,499817,1,4,0,2,0,73.2,4473,冲单仓
1280250104702,异丙醇,AR2500ml/塑瓶,AR,西化,瓶,234453,500716,1,4,0,2,0,73.2,77,平台仓
1280250104702,异丙醇,AR2500ml/塑瓶,AR,西化,瓶,234453,500716,1,4,0,2,0,73.2,50,股份佛山成品（液）
1280250104702,异丙醇,AR2500ml/塑瓶,AR,西化,瓶,234453,500716,1,4,0,2,0,73.2,82,佛山外寄仓
1280250104702,异丙醇,AR2500ml/塑瓶,AR,西化,瓶,234453,500716,1,4,0,2,0,73.2,278,甲类成品仓
1280250104702,异丙醇,AR2500ml/塑瓶,AR,西化,瓶,234453,500716,1,4,0,2,0,73.2,2536,佛山天津仓
1280250104702,异丙醇,AR2500ml/塑瓶,AR,西化,瓶,234453,500716,1,4,0,2,0,73.2,57,股份成品仓（厂标)
1280250104702,异丙醇,AR2500ml/塑瓶,AR,西化,瓶,234453,500716,1,4,0,2,0,73.2,1370,中基仓(上海仓)
1280250104702,异丙醇,AR2500ml/塑瓶,AR,西化,瓶,234453,500716,1,4,0,2,0,73.2,2533,佛山成品（液）
1280250104702,异丙醇,AR2500ml/塑瓶,AR,西化,瓶,234453,500716,1,4,0,2,0,73.2,4,精细佛山仓
1280250104702,异丙醇,AR2500ml/塑瓶,AR,西化,瓶,234453,500716,1,4,0,2,0,73.2,4481,冲单仓
1280250104702,异丙醇,AR2500ml/塑瓶,AR,西化,瓶,234453,500716,1,4,0,2,0,73.2,4473,冲单仓
1270110224000,18%盐酸,CP2.5L/瓶,,西化,瓶,109940,110014,1,2,0,2,0,31.08,17,平台佛山仓
1270110224000,18%盐酸,CP2.5L/瓶,,西化,瓶,109940,110014,1,2,0,2,0,31.08,57,股份成品仓（厂标)
1270110224000,18%盐酸,CP2.5L/瓶,CP,西化,瓶,221264,220956,1,2,0,2,1,44.4,29,平台仓
1270110224000,18%盐酸,CP2.5L/瓶,CP,西化,瓶,221264,220956,1,2,0,2,1,44.4,57,股份成品仓（厂标)
1270110224000,18%盐酸,CP2.5L/瓶,CP,西化,瓶,225359,223003,1,2,0,2,1,44.4,30,平台仓
1270110224000,18%盐酸,CP2.5L/瓶,CP,西化,瓶,225359,223003,1,2,0,2,1,44.4,57,股份成品仓（厂标)
1270110224000,18%盐酸,CP2.5L/瓶,CP,西化,瓶,229454,225050,1,2,0,2,1,44.4,28,平台仓
1270110224000,18%盐酸,CP2.5L/瓶,CP,西化,瓶,229454,225050,1,2,0,2,1,44.4,57,股份成品仓（厂标)
1270110224000,18%盐酸,CP2.5L/瓶,CP,西化,瓶,233549,227097,1,2,0,2,1,44.4,77,平台仓
1270110224000,18%盐酸,CP2.5L/瓶,CP,西化,瓶,233549,227097,1,2,0,2,1,44.4,57,股份成品仓（厂标)
1270060101602,甲酸,AR500ml/塑瓶,,西化,瓶,1266,1266,1,4,0,2,0,15.68,17,平台佛山仓
1270060101602,甲酸,AR500ml/塑瓶,,西化,瓶,1266,1266,1,4,0,2,0,15.68,50,股份佛山成品（液）
1270060101602,甲酸,AR500ml/塑瓶,,西化,瓶,1266,1266,1,4,0,2,0,15.68,1370,中基仓(上海仓)
1270060101602,甲酸,AR500ml/塑瓶,,西化,瓶,1266,1266,1,4,0,2,0,15.68,2536,佛山天津仓
1270060101602,甲酸,AR500ml/塑瓶,,西化,瓶,1266,1266,1,4,0,2,0,15.68,4,精细佛山仓
1270060101602,甲酸,AR500ml/塑瓶,,西化,瓶,1266,1266,1,4,0,2,0,15.68,57,股份成品仓（厂标)
1270060101602,甲酸,AR500ml/塑瓶,,西化,瓶,1266,1266,1,4,0,2,0,15.68,80,佛山西陇成品(液)
1270060101602,甲酸,AR500ml/塑瓶,,西化,瓶,1266,1266,1,4,0,2,0,15.68,61,四川小成品（液）
1270060101602,甲酸,AR500ml/塑瓶,AR,西化,瓶,222673,221760,1,4,0,2,7,22.4,29,平台仓
1270060101602,甲酸,AR500ml/塑瓶,AR,西化,瓶,222673,221760,1,4,0,2,7,22.4,50,股份佛山成品（液）
1270060101602,甲酸,AR500ml/塑瓶,AR,西化,瓶,222673,221760,1,4,0,2,7,22.4,1370,中基仓(上海仓)
1270060101602,甲酸,AR500ml/塑瓶,AR,西化,瓶,222673,221760,1,4,0,2,7,22.4,2536,佛山天津仓
1270060101602,甲酸,AR500ml/塑瓶,AR,西化,瓶,222673,221760,1,4,0,2,7,22.4,4,精细佛山仓
1270060101602,甲酸,AR500ml/塑瓶,AR,西化,瓶,222673,221760,1,4,0,2,7,22.4,57,股份成品仓（厂标)
1270060101602,甲酸,AR500ml/塑瓶,AR,西化,瓶,222673,221760,1,4,0,2,7,22.4,80,佛山西陇成品(液)
1270060101602,甲酸,AR500ml/塑瓶,AR,西化,瓶,222673,221760,1,4,0,2,7,22.4,61,四川小成品（液）
1270060101602,甲酸,AR500ml/塑瓶,AR,西化,瓶,226768,223807,1,4,0,2,7,22.4,30,平台仓
1270060101602,甲酸,AR500ml/塑瓶,AR,西化,瓶,226768,223807,1,4,0,2,7,22.4,50,股份佛山成品（液）
1270060101602,甲酸,AR500ml/塑瓶,AR,西化,瓶,226768,223807,1,4,0,2,7,22.4,1370,中基仓(上海仓)
1270060101602,甲酸,AR500ml/塑瓶,AR,西化,瓶,226768,223807,1,4,0,2,7,22.4,2536,佛山天津仓
1270060101602,甲酸,AR500ml/塑瓶,AR,西化,瓶,226768,223807,1,4,0,2,7,22.4,4,精细佛山仓
1270060101602,甲酸,AR500ml/塑瓶,AR,西化,瓶,226768,223807,1,4,0,2,7,22.4,57,股份成品仓（厂标)
1270060101602,甲酸,AR500ml/塑瓶,AR,西化,瓶,226768,223807,1,4,0,2,7,22.4,80,佛山西陇成品(液)
1270060101602,甲酸,AR500ml/塑瓶,AR,西化,瓶,226768,223807,1,4,0,2,7,22.4,61,四川小成品（液）
1270060101602,甲酸,AR500ml/塑瓶,AR,西化,瓶,230863,225854,1,4,0,2,7,22.4,28,平台仓
1270060101602,甲酸,AR500ml/塑瓶,AR,西化,瓶,230863,225854,1,4,0,2,7,22.4,50,股份佛山成品（液）
1270060101602,甲酸,AR500ml/塑瓶,AR,西化,瓶,230863,225854,1,4,0,2,7,22.4,1370,中基仓(上海仓)
1270060101602,甲酸,AR500ml/塑瓶,AR,西化,瓶,230863,225854,1,4,0,2,7,22.4,2536,佛山天津仓
1270060101602,甲酸,AR500ml/塑瓶,AR,西化,瓶,230863,225854,1,4,0,2,7,22.4,4,精细佛山仓
1270060101602,甲酸,AR500ml/塑瓶,AR,西化,瓶,230863,225854,1,4,0,2,7,22.4,57,股份成品仓（厂标)
1270060101602,甲酸,AR500ml/塑瓶,AR,西化,瓶,230863,225854,1,4,0,2,7,22.4,80,佛山西陇成品(液)
1270060101602,甲酸,AR500ml/塑瓶,AR,西化,瓶,230863,225854,1,4,0,2,7,22.4,61,四川小成品（液）
1270060101602,甲酸,AR500ml/塑瓶,AR,西化,瓶,234958,227901,1,4,0,2,7,22.4,77,平台仓
1270060101602,甲酸,AR500ml/塑瓶,AR,西化,瓶,234958,227901,1,4,0,2,7,22.4,50,股份佛山成品（液）
1270060101602,甲酸,AR500ml/塑瓶,AR,西化,瓶,234958,227901,1,4,0,2,7,22.4,1370,中基仓(上海仓)
1270060101602,甲酸,AR500ml/塑瓶,AR,西化,瓶,234958,227901,1,4,0,2,7,22.4,2536,佛山天津仓
1270060101602,甲酸,AR500ml/塑瓶,AR,西化,瓶,234958,227901,1,4,0,2,7,22.4,4,精细佛山仓
1270060101602,甲酸,AR500ml/塑瓶,AR,西化,瓶,234958,227901,1,4,0,2,7,22.4,57,股份成品仓（厂标)
1270060101602,甲酸,AR500ml/塑瓶,AR,西化,瓶,234958,227901,1,4,0,2,7,22.4,80,佛山西陇成品(液)
1270060101602,甲酸,AR500ml/塑瓶,AR,西化,瓶,234958,227901,1,4,0,2,7,22.4,61,四川小成品（液）
1270320101600,硫酸,AR500ml/玻瓶,,西化,瓶,10159,10185,1,2,0,2,0,19.88,16,华南虚拟仓
1270320101600,硫酸,AR500ml/玻瓶,,西化,瓶,10159,10185,1,2,0,2,0,19.88,17,平台佛山仓
1270320101600,硫酸,AR500ml/玻瓶,,西化,瓶,10159,10185,1,2,0,2,0,19.88,34,平台汕头仓
1270320101600,硫酸,AR500ml/玻瓶,,西化,瓶,10159,10185,1,2,0,2,0,19.88,2539,易制毒仓
1270320101600,硫酸,AR500ml/玻瓶,,西化,瓶,10159,10185,1,2,0,2,0,19.88,56,股份出口仓
1270320101600,硫酸,AR500ml/玻瓶,,西化,瓶,10159,10185,1,2,0,2,0,19.88,63,四川三酸一水（瓶）
1270320101600,硫酸,AR500ml/玻瓶,,西化,瓶,10159,10185,1,2,0,2,0,19.88,57,股份成品仓（厂标)
1270320101600,硫酸,AR500ml/玻瓶,,西化,瓶,10159,10185,1,2,0,2,0,19.88,90,成品库（NN）
1270320101600,硫酸,AR500ml/玻瓶,,西化,瓶,10159,10185,1,2,0,2,0,19.88,58,股份成品库（二）
1270320101600,硫酸,AR500ml/玻瓶,,西化,瓶,10159,10185,1,2,0,2,0,19.88,4,精细佛山仓
1270320101600,硫酸,AR500ml/玻瓶,,西化,瓶,10159,10185,1,2,0,2,0,19.88,50,股份佛山成品（液）
1270320101600,硫酸,AR500ml/玻瓶,,西化,瓶,10159,10185,1,2,0,2,0,19.88,4473,冲单仓
1270320101600,硫酸,AR500ml/玻瓶,AR,西化,瓶,222837,221835,1,2,0,2,1,28.4,29,平台仓
1270320101600,硫酸,AR500ml/玻瓶,AR,西化,瓶,222837,221835,1,2,0,2,1,28.4,2539,易制毒仓
1270320101600,硫酸,AR500ml/玻瓶,AR,西化,瓶,222837,221835,1,2,0,2,1,28.4,56,股份出口仓
1270320101600,硫酸,AR500ml/玻瓶,AR,西化,瓶,222837,221835,1,2,0,2,1,28.4,63,四川三酸一水（瓶）
1270320101600,硫酸,AR500ml/玻瓶,AR,西化,瓶,222837,221835,1,2,0,2,1,28.4,57,股份成品仓（厂标)
1270320101600,硫酸,AR500ml/玻瓶,AR,西化,瓶,222837,221835,1,2,0,2,1,28.4,90,成品库（NN）
1270320101600,硫酸,AR500ml/玻瓶,AR,西化,瓶,222837,221835,1,2,0,2,1,28.4,58,股份成品库（二）
1270320101600,硫酸,AR500ml/玻瓶,AR,西化,瓶,222837,221835,1,2,0,2,1,28.4,4,精细佛山仓
1270320101600,硫酸,AR500ml/玻瓶,AR,西化,瓶,222837,221835,1,2,0,2,1,28.4,50,股份佛山成品（液）
1270320101600,硫酸,AR500ml/玻瓶,AR,西化,瓶,222837,221835,1,2,0,2,1,28.4,4473,冲单仓
1270320101600,硫酸,AR500ml/玻瓶,AR,西化,瓶,226932,223882,1,2,0,2,1,28.4,30,平台仓
1270320101600,硫酸,AR500ml/玻瓶,AR,西化,瓶,226932,223882,1,2,0,2,1,28.4,2539,易制毒仓
1270320101600,硫酸,AR500ml/玻瓶,AR,西化,瓶,226932,223882,1,2,0,2,1,28.4,56,股份出口仓
1270320101600,硫酸,AR500ml/玻瓶,AR,西化,瓶,226932,223882,1,2,0,2,1,28.4,63,四川三酸一水（瓶）
1270320101600,硫酸,AR500ml/玻瓶,AR,西化,瓶,226932,223882,1,2,0,2,1,28.4,57,股份成品仓（厂标)
1270320101600,硫酸,AR500ml/玻瓶,AR,西化,瓶,226932,223882,1,2,0,2,1,28.4,90,成品库（NN）
1270320101600,硫酸,AR500ml/玻瓶,AR,西化,瓶,226932,223882,1,2,0,2,1,28.4,58,股份成品库（二）
1270320101600,硫酸,AR500ml/玻瓶,AR,西化,瓶,226932,223882,1,2,0,2,1,28.4,4,精细佛山仓
1270320101600,硫酸,AR500ml/玻瓶,AR,西化,瓶,226932,223882,1,2,0,2,1,28.4,50,股份佛山成品（液）
1270320101600,硫酸,AR500ml/玻瓶,AR,西化,瓶,226932,223882,1,2,0,2,1,28.4,4473,冲单仓
1270320101600,硫酸,AR500ml/玻瓶,AR,西化,瓶,231027,225929,1,2,0,2,1,28.4,28,平台仓
1270320101600,硫酸,AR500ml/玻瓶,AR,西化,瓶,231027,225929,1,2,0,2,1,28.4,2539,易制毒仓
1270320101600,硫酸,AR500ml/玻瓶,AR,西化,瓶,231027,225929,1,2,0,2,1,28.4,56,股份出口仓
1270320101600,硫酸,AR500ml/玻瓶,AR,西化,瓶,231027,225929,1,2,0,2,1,28.4,63,四川三酸一水（瓶）
1270320101600,硫酸,AR500ml/玻瓶,AR,西化,瓶,231027,225929,1,2,0,2,1,28.4,57,股份成品仓（厂标)
1270320101600,硫酸,AR500ml/玻瓶,AR,西化,瓶,231027,225929,1,2,0,2,1,28.4,90,成品库（NN）
1270320101600,硫酸,AR500ml/玻瓶,AR,西化,瓶,231027,225929,1,2,0,2,1,28.4,58,股份成品库（二）
1270320101600,硫酸,AR500ml/玻瓶,AR,西化,瓶,231027,225929,1,2,0,2,1,28.4,4,精细佛山仓
1270320101600,硫酸,AR500ml/玻瓶,AR,西化,瓶,231027,225929,1,2,0,2,1,28.4,50,股份佛山成品（液）
1270320101600,硫酸,AR500ml/玻瓶,AR,西化,瓶,231027,225929,1,2,0,2,1,28.4,4473,冲单仓
1270320101600,硫酸,AR500ml/玻瓶,AR,西化,瓶,235122,227976,1,2,0,2,1,28.4,77,平台仓
1270320101600,硫酸,AR500ml/玻瓶,AR,西化,瓶,235122,227976,1,2,0,2,1,28.4,2539,易制毒仓
1270320101600,硫酸,AR500ml/玻瓶,AR,西化,瓶,235122,227976,1,2,0,2,1,28.4,56,股份出口仓
1270320101600,硫酸,AR500ml/玻瓶,AR,西化,瓶,235122,227976,1,2,0,2,1,28.4,63,四川三酸一水（瓶）
1270320101600,硫酸,AR500ml/玻瓶,AR,西化,瓶,235122,227976,1,2,0,2,1,28.4,57,股份成品仓（厂标)
1270320101600,硫酸,AR500ml/玻瓶,AR,西化,瓶,235122,227976,1,2,0,2,1,28.4,90,成品库（NN）
1270320101600,硫酸,AR500ml/玻瓶,AR,西化,瓶,235122,227976,1,2,0,2,1,28.4,58,股份成品库（二）
1270320101600,硫酸,AR500ml/玻瓶,AR,西化,瓶,235122,227976,1,2,0,2,1,28.4,4,精细佛山仓
1270320101600,硫酸,AR500ml/玻瓶,AR,西化,瓶,235122,227976,1,2,0,2,1,28.4,50,股份佛山成品（液）
1270320101600,硫酸,AR500ml/玻瓶,AR,西化,瓶,235122,227976,1,2,0,2,1,28.4,4473,冲单仓
1270830110201,氨基磺酸,AR100g/瓶M,AR,西化,瓶,10429,10474,1,4,0,2,7,8.2,29,平台仓
1270830110201,氨基磺酸,AR100g/瓶M,AR,西化,瓶,10429,10474,1,4,0,2,7,8.2,57,股份成品仓（厂标)
1270830110201,氨基磺酸,AR100g/瓶M,AR,西化,瓶,10429,10474,1,4,0,2,7,8.2,1370,中基仓(上海仓)
1270830110201,氨基磺酸,AR100g/瓶M,AR,西化,瓶,10429,10474,1,4,0,2,7,8.2,79,佛山西陇成品(固)
1270830110201,氨基磺酸,AR100g/瓶M,AR,西化,瓶,10429,10474,1,4,0,2,7,8.2,48,股份佛山成品（固）
1270830110201,氨基磺酸,AR100g/瓶M,AR,西化,瓶,12523,12568,1,4,0,2,7,8.2,30,平台仓
1270830110201,氨基磺酸,AR100g/瓶M,AR,西化,瓶,12523,12568,1,4,0,2,7,8.2,57,股份成品仓（厂标)
1270830110201,氨基磺酸,AR100g/瓶M,AR,西化,瓶,12523,12568,1,4,0,2,7,8.2,1370,中基仓(上海仓)
1270830110201,氨基磺酸,AR100g/瓶M,AR,西化,瓶,12523,12568,1,4,0,2,7,8.2,79,佛山西陇成品(固)
1270830110201,氨基磺酸,AR100g/瓶M,AR,西化,瓶,12523,12568,1,4,0,2,7,8.2,48,股份佛山成品（固）
1270830110201,氨基磺酸,AR100g/瓶M,AR,西化,瓶,14591,14636,1,4,0,2,7,8.2,28,平台仓
1270830110201,氨基磺酸,AR100g/瓶M,AR,西化,瓶,14591,14636,1,4,0,2,7,8.2,57,股份成品仓（厂标)
1270830110201,氨基磺酸,AR100g/瓶M,AR,西化,瓶,14591,14636,1,4,0,2,7,8.2,1370,中基仓(上海仓)
1270830110201,氨基磺酸,AR100g/瓶M,AR,西化,瓶,14591,14636,1,4,0,2,7,8.2,79,佛山西陇成品(固)
1270830110201,氨基磺酸,AR100g/瓶M,AR,西化,瓶,14591,14636,1,4,0,2,7,8.2,48,股份佛山成品（固）
1270830110201,氨基磺酸,AR100g/瓶M,AR,西化,瓶,98267,98337,1,4,0,2,7,8.2,77,平台仓
1270830110201,氨基磺酸,AR100g/瓶M,AR,西化,瓶,98267,98337,1,4,0,2,7,8.2,57,股份成品仓（厂标)
1270830110201,氨基磺酸,AR100g/瓶M,AR,西化,瓶,98267,98337,1,4,0,2,7,8.2,1370,中基仓(上海仓)
1270830110201,氨基磺酸,AR100g/瓶M,AR,西化,瓶,98267,98337,1,4,0,2,7,8.2,79,佛山西陇成品(固)
1270830110201,氨基磺酸,AR100g/瓶M,AR,西化,瓶,98267,98337,1,4,0,2,7,8.2,48,股份佛山成品（固）
1280340101602,乙醇（无水乙醇）,AR500ml/塑瓶,,西化,瓶,1769,1769,1,4,0,2,0,9.52,17,平台佛山仓
1280340101602,乙醇（无水乙醇）,AR500ml/塑瓶,,西化,瓶,1769,1769,1,4,0,2,0,9.52,90,成品库（NN）
1280340101602,乙醇（无水乙醇）,AR500ml/塑瓶,,西化,瓶,1769,1769,1,4,0,2,0,9.52,4,精细佛山仓
1280340101602,乙醇（无水乙醇）,AR500ml/塑瓶,,西化,瓶,1769,1769,1,4,0,2,0,9.52,50,股份佛山成品（液）
1280340101602,乙醇（无水乙醇）,AR500ml/塑瓶,,西化,瓶,1769,1769,1,4,0,2,0,9.52,56,股份出口仓
1280340101602,乙醇（无水乙醇）,AR500ml/塑瓶,,西化,瓶,1769,1769,1,4,0,2,0,9.52,2536,佛山天津仓
1280340101602,乙醇（无水乙醇）,AR500ml/塑瓶,,西化,瓶,1769,1769,1,4,0,2,0,9.52,82,佛山外寄仓
1280340101602,乙醇（无水乙醇）,AR500ml/塑瓶,,西化,瓶,1769,1769,1,4,0,2,0,9.52,9,汕头工厂仓
1280340101602,乙醇（无水乙醇）,AR500ml/塑瓶,,西化,瓶,1769,1769,1,4,0,2,0,9.52,1370,中基仓(上海仓)
1280340101602,乙醇（无水乙醇）,AR500ml/塑瓶,,西化,瓶,1769,1769,1,4,0,2,0,9.52,278,甲类成品仓
1280340101602,乙醇（无水乙醇）,AR500ml/塑瓶,,西化,瓶,1769,1769,1,4,0,2,0,9.52,57,股份成品仓（厂标)
1280340101602,乙醇（无水乙醇）,AR500ml/塑瓶,,西化,瓶,1769,1769,1,4,0,2,0,9.52,2533,佛山成品（液）
1280340101602,乙醇（无水乙醇）,AR500ml/塑瓶,,西化,瓶,1769,1769,1,4,0,2,0,9.52,4481,冲单仓
1280340101602,乙醇（无水乙醇）,AR500ml/塑瓶,,西化,瓶,1769,1769,1,4,0,2,0,9.52,4476,平账仓
1280340101602,乙醇（无水乙醇）,AR500ml/塑瓶,,西化,瓶,1769,1769,1,4,0,2,0,9.52,4473,冲单仓
1280340101602,乙醇(无水乙醇),AR500ml/塑瓶,AR,西化,瓶,221710,221203,1,4,0,2,9,13.6,29,平台仓
1280340101602,乙醇(无水乙醇),AR500ml/塑瓶,AR,西化,瓶,221710,221203,1,4,0,2,9,13.6,91,平台实体仓
1280340101602,乙醇(无水乙醇),AR500ml/塑瓶,AR,西化,瓶,221710,221203,1,4,0,2,9,13.6,90,成品库（NN）
1280340101602,乙醇(无水乙醇),AR500ml/塑瓶,AR,西化,瓶,221710,221203,1,4,0,2,9,13.6,4,精细佛山仓
1280340101602,乙醇(无水乙醇),AR500ml/塑瓶,AR,西化,瓶,221710,221203,1,4,0,2,9,13.6,50,股份佛山成品（液）
1280340101602,乙醇(无水乙醇),AR500ml/塑瓶,AR,西化,瓶,221710,221203,1,4,0,2,9,13.6,56,股份出口仓
1280340101602,乙醇(无水乙醇),AR500ml/塑瓶,AR,西化,瓶,221710,221203,1,4,0,2,9,13.6,2536,佛山天津仓
1280340101602,乙醇(无水乙醇),AR500ml/塑瓶,AR,西化,瓶,221710,221203,1,4,0,2,9,13.6,82,佛山外寄仓
1280340101602,乙醇(无水乙醇),AR500ml/塑瓶,AR,西化,瓶,221710,221203,1,4,0,2,9,13.6,9,汕头工厂仓
1280340101602,乙醇(无水乙醇),AR500ml/塑瓶,AR,西化,瓶,221710,221203,1,4,0,2,9,13.6,1370,中基仓(上海仓)
1280340101602,乙醇(无水乙醇),AR500ml/塑瓶,AR,西化,瓶,221710,221203,1,4,0,2,9,13.6,278,甲类成品仓
1280340101602,乙醇(无水乙醇),AR500ml/塑瓶,AR,西化,瓶,221710,221203,1,4,0,2,9,13.6,57,股份成品仓（厂标)
1280340101602,乙醇(无水乙醇),AR500ml/塑瓶,AR,西化,瓶,221710,221203,1,4,0,2,9,13.6,2533,佛山成品（液）
1280340101602,乙醇(无水乙醇),AR500ml/塑瓶,AR,西化,瓶,221710,221203,1,4,0,2,9,13.6,4481,冲单仓
1280340101602,乙醇(无水乙醇),AR500ml/塑瓶,AR,西化,瓶,221710,221203,1,4,0,2,9,13.6,4476,平账仓
1280340101602,乙醇(无水乙醇),AR500ml/塑瓶,AR,西化,瓶,221710,221203,1,4,0,2,9,13.6,4473,冲单仓
1280340101602,乙醇(无水乙醇),AR500ml/塑瓶,AR,西化,瓶,225805,223250,1,4,0,2,9,13.6,30,平台仓
1280340101602,乙醇(无水乙醇),AR500ml/塑瓶,AR,西化,瓶,225805,223250,1,4,0,2,9,13.6,90,成品库（NN）
1280340101602,乙醇(无水乙醇),AR500ml/塑瓶,AR,西化,瓶,225805,223250,1,4,0,2,9,13.6,4,精细佛山仓
1280340101602,乙醇(无水乙醇),AR500ml/塑瓶,AR,西化,瓶,225805,223250,1,4,0,2,9,13.6,50,股份佛山成品（液）
1280340101602,乙醇(无水乙醇),AR500ml/塑瓶,AR,西化,瓶,225805,223250,1,4,0,2,9,13.6,56,股份出口仓
1280340101602,乙醇(无水乙醇),AR500ml/塑瓶,AR,西化,瓶,225805,223250,1,4,0,2,9,13.6,2536,佛山天津仓
1280340101602,乙醇(无水乙醇),AR500ml/塑瓶,AR,西化,瓶,225805,223250,1,4,0,2,9,13.6,82,佛山外寄仓
1280340101602,乙醇(无水乙醇),AR500ml/塑瓶,AR,西化,瓶,225805,223250,1,4,0,2,9,13.6,9,汕头工厂仓
1280340101602,乙醇(无水乙醇),AR500ml/塑瓶,AR,西化,瓶,225805,223250,1,4,0,2,9,13.6,1370,中基仓(上海仓)
1280340101602,乙醇(无水乙醇),AR500ml/塑瓶,AR,西化,瓶,225805,223250,1,4,0,2,9,13.6,278,甲类成品仓
1280340101602,乙醇(无水乙醇),AR500ml/塑瓶,AR,西化,瓶,225805,223250,1,4,0,2,9,13.6,57,股份成品仓（厂标)
1280340101602,乙醇(无水乙醇),AR500ml/塑瓶,AR,西化,瓶,225805,223250,1,4,0,2,9,13.6,2533,佛山成品（液）
1280340101602,乙醇(无水乙醇),AR500ml/塑瓶,AR,西化,瓶,225805,223250,1,4,0,2,9,13.6,4481,冲单仓
1280340101602,乙醇(无水乙醇),AR500ml/塑瓶,AR,西化,瓶,225805,223250,1,4,0,2,9,13.6,4476,平账仓
1280340101602,乙醇(无水乙醇),AR500ml/塑瓶,AR,西化,瓶,225805,223250,1,4,0,2,9,13.6,4473,冲单仓
1280340101602,乙醇(无水乙醇),AR500ml/塑瓶,AR,西化,瓶,229900,225297,1,4,0,2,9,13.6,28,平台仓
1280340101602,乙醇(无水乙醇),AR500ml/塑瓶,AR,西化,瓶,229900,225297,1,4,0,2,9,13.6,90,成品库（NN）
1280340101602,乙醇(无水乙醇),AR500ml/塑瓶,AR,西化,瓶,229900,225297,1,4,0,2,9,13.6,4,精细佛山仓
1280340101602,乙醇(无水乙醇),AR500ml/塑瓶,AR,西化,瓶,229900,225297,1,4,0,2,9,13.6,50,股份佛山成品（液）
1280340101602,乙醇(无水乙醇),AR500ml/塑瓶,AR,西化,瓶,229900,225297,1,4,0,2,9,13.6,56,股份出口仓
1280340101602,乙醇(无水乙醇),AR500ml/塑瓶,AR,西化,瓶,229900,225297,1,4,0,2,9,13.6,2536,佛山天津仓
1280340101602,乙醇(无水乙醇),AR500ml/塑瓶,AR,西化,瓶,229900,225297,1,4,0,2,9,13.6,82,佛山外寄仓
1280340101602,乙醇(无水乙醇),AR500ml/塑瓶,AR,西化,瓶,229900,225297,1,4,0,2,9,13.6,9,汕头工厂仓
1280340101602,乙醇(无水乙醇),AR500ml/塑瓶,AR,西化,瓶,229900,225297,1,4,0,2,9,13.6,1370,中基仓(上海仓)
1280340101602,乙醇(无水乙醇),AR500ml/塑瓶,AR,西化,瓶,229900,225297,1,4,0,2,9,13.6,278,甲类成品仓
1280340101602,乙醇(无水乙醇),AR500ml/塑瓶,AR,西化,瓶,229900,225297,1,4,0,2,9,13.6,57,股份成品仓（厂标)
1280340101602,乙醇(无水乙醇),AR500ml/塑瓶,AR,西化,瓶,229900,225297,1,4,0,2,9,13.6,2533,佛山成品（液）
1280340101602,乙醇(无水乙醇),AR500ml/塑瓶,AR,西化,瓶,229900,225297,1,4,0,2,9,13.6,4481,冲单仓
1280340101602,乙醇(无水乙醇),AR500ml/塑瓶,AR,西化,瓶,229900,225297,1,4,0,2,9,13.6,4476,平账仓
1280340101602,乙醇(无水乙醇),AR500ml/塑瓶,AR,西化,瓶,229900,225297,1,4,0,2,9,13.6,4473,冲单仓
1280340101602,乙醇(无水乙醇),AR500ml/塑瓶,AR,西化,瓶,233995,227344,1,4,0,2,9,13.6,77,平台仓
1280340101602,乙醇(无水乙醇),AR500ml/塑瓶,AR,西化,瓶,233995,227344,1,4,0,2,9,13.6,90,成品库（NN）
1280340101602,乙醇(无水乙醇),AR500ml/塑瓶,AR,西化,瓶,233995,227344,1,4,0,2,9,13.6,4,精细佛山仓
1280340101602,乙醇(无水乙醇),AR500ml/塑瓶,AR,西化,瓶,233995,227344,1,4,0,2,9,13.6,50,股份佛山成品（液）
1280340101602,乙醇(无水乙醇),AR500ml/塑瓶,AR,西化,瓶,233995,227344,1,4,0,2,9,13.6,56,股份出口仓
1280340101602,乙醇(无水乙醇),AR500ml/塑瓶,AR,西化,瓶,233995,227344,1,4,0,2,9,13.6,2536,佛山天津仓
1280340101602,乙醇(无水乙醇),AR500ml/塑瓶,AR,西化,瓶,233995,227344,1,4,0,2,9,13.6,82,佛山外寄仓
1280340101602,乙醇(无水乙醇),AR500ml/塑瓶,AR,西化,瓶,233995,227344,1,4,0,2,9,13.6,9,汕头工厂仓
1280340101602,乙醇(无水乙醇),AR500ml/塑瓶,AR,西化,瓶,233995,227344,1,4,0,2,9,13.6,1370,中基仓(上海仓)
1280340101602,乙醇(无水乙醇),AR500ml/塑瓶,AR,西化,瓶,233995,227344,1,4,0,2,9,13.6,278,甲类成品仓
1280340101602,乙醇(无水乙醇),AR500ml/塑瓶,AR,西化,瓶,233995,227344,1,4,0,2,9,13.6,57,股份成品仓（厂标)
1280340101602,乙醇(无水乙醇),AR500ml/塑瓶,AR,西化,瓶,233995,227344,1,4,0,2,9,13.6,2533,佛山成品（液）
1280340101602,乙醇(无水乙醇),AR500ml/塑瓶,AR,西化,瓶,233995,227344,1,4,0,2,9,13.6,4481,冲单仓
1280340101602,乙醇(无水乙醇),AR500ml/塑瓶,AR,西化,瓶,233995,227344,1,4,0,2,9,13.6,4476,平账仓
1280340101602,乙醇(无水乙醇),AR500ml/塑瓶,AR,西化,瓶,233995,227344,1,4,0,2,9,13.6,4473,冲单仓
1010310101700,氢氧化钠,AR500g/瓶,,西化,瓶,1498,1498,1,4,0,2,0,8.96,17,平台佛山仓
1010310101700,氢氧化钠,AR500g/瓶,,西化,瓶,1498,1498,1,4,0,2,0,8.96,4,精细佛山仓
1010310101700,氢氧化钠,AR500g/瓶,,西化,瓶,1498,1498,1,4,0,2,0,8.96,83,佛山出口仓
1010310101700,氢氧化钠,AR500g/瓶,,西化,瓶,1498,1498,1,4,0,2,0,8.96,75,zyc_sc
1010310101700,氢氧化钠,AR500g/瓶,,西化,瓶,1498,1498,1,4,0,2,0,8.96,40,直运2仓
1010310101700,氢氧化钠,AR500g/瓶,,西化,瓶,1498,1498,1,4,0,2,0,8.96,90,成品库（NN）
1010310101700,氢氧化钠,AR500g/瓶,,西化,瓶,1498,1498,1,4,0,2,0,8.96,2536,佛山天津仓
1010310101700,氢氧化钠,AR500g/瓶,,西化,瓶,1498,1498,1,4,0,2,0,8.96,1370,中基仓(上海仓)
1010310101700,氢氧化钠,AR500g/瓶,,西化,瓶,1498,1498,1,4,0,2,0,8.96,56,股份出口仓
1010310101700,氢氧化钠,AR500g/瓶,,西化,瓶,1498,1498,1,4,0,2,0,8.96,13,直运仓
1010310101700,氢氧化钠,AR500g/瓶,,西化,瓶,1498,1498,1,4,0,2,0,8.96,79,佛山西陇成品(固)
1010310101700,氢氧化钠,AR500g/瓶,,西化,瓶,1498,1498,1,4,0,2,0,8.96,57,股份成品仓（厂标)
1010310101700,氢氧化钠,AR500g/瓶,,西化,瓶,1498,1498,1,4,0,2,0,8.96,48,股份佛山成品（固）
1010310101700,氢氧化钠,AR500g/瓶,,西化,瓶,1498,1498,1,4,0,2,0,8.96,2996,佛山仓库
1010310101700,氢氧化钠,AR500g/瓶,,西化,瓶,1498,1498,1,4,0,2,0,8.96,2996,佛山仓库
1010310101700,氢氧化钠,AR500g/瓶,,西化,瓶,1498,1498,1,4,0,2,0,8.96,133,沈阳虎石台仓
1010310101700,氢氧化钠,AR500g/瓶,,西化,瓶,1498,1498,1,4,0,2,0,8.96,85,四川小成品（固）
1010310101700,氢氧化钠,AR500g/瓶,,西化,瓶,1498,1498,1,4,0,2,0,8.96,4476,平账仓
1010310101700,氢氧化钠,AR500g/瓶,,西化,瓶,1498,1498,1,4,0,2,0,8.96,4459,毛博士虎石台仓
1010310101700,氢氧化钠,AR500g/瓶,,西化,瓶,1498,1498,1,4,0,2,0,8.96,4473,冲单仓
1010310101700,氢氧化钠,AR500g/瓶,,西化,瓶,1498,1498,1,4,0,2,0,8.96,4481,冲单仓
1010310101700,氢氧化钠,AR500g/瓶,AR,西化,瓶,222410,221620,1,4,0,2,7,12.8,29,平台仓
1010310101700,氢氧化钠,AR500g/瓶,AR,西化,瓶,222410,221620,1,4,0,2,7,12.8,4,精细佛山仓
1010310101700,氢氧化钠,AR500g/瓶,AR,西化,瓶,222410,221620,1,4,0,2,7,12.8,83,佛山出口仓
1010310101700,氢氧化钠,AR500g/瓶,AR,西化,瓶,222410,221620,1,4,0,2,7,12.8,75,zyc_sc
1010310101700,氢氧化钠,AR500g/瓶,AR,西化,瓶,222410,221620,1,4,0,2,7,12.8,40,直运2仓
1010310101700,氢氧化钠,AR500g/瓶,AR,西化,瓶,222410,221620,1,4,0,2,7,12.8,90,成品库（NN）
1010310101700,氢氧化钠,AR500g/瓶,AR,西化,瓶,222410,221620,1,4,0,2,7,12.8,2536,佛山天津仓
1010310101700,氢氧化钠,AR500g/瓶,AR,西化,瓶,222410,221620,1,4,0,2,7,12.8,1370,中基仓(上海仓)
1010310101700,氢氧化钠,AR500g/瓶,AR,西化,瓶,222410,221620,1,4,0,2,7,12.8,56,股份出口仓
1010310101700,氢氧化钠,AR500g/瓶,AR,西化,瓶,222410,221620,1,4,0,2,7,12.8,13,直运仓
1010310101700,氢氧化钠,AR500g/瓶,AR,西化,瓶,222410,221620,1,4,0,2,7,12.8,79,佛山西陇成品(固)
1010310101700,氢氧化钠,AR500g/瓶,AR,西化,瓶,222410,221620,1,4,0,2,7,12.8,57,股份成品仓（厂标)
1010310101700,氢氧化钠,AR500g/瓶,AR,西化,瓶,222410,221620,1,4,0,2,7,12.8,48,股份佛山成品（固）
1010310101700,氢氧化钠,AR500g/瓶,AR,西化,瓶,222410,221620,1,4,0,2,7,12.8,2996,佛山仓库
1010310101700,氢氧化钠,AR500g/瓶,AR,西化,瓶,222410,221620,1,4,0,2,7,12.8,2996,佛山仓库
1010310101700,氢氧化钠,AR500g/瓶,AR,西化,瓶,222410,221620,1,4,0,2,7,12.8,133,沈阳虎石台仓
1010310101700,氢氧化钠,AR500g/瓶,AR,西化,瓶,222410,221620,1,4,0,2,7,12.8,85,四川小成品（固）
1010310101700,氢氧化钠,AR500g/瓶,AR,西化,瓶,222410,221620,1,4,0,2,7,12.8,4476,平账仓
1010310101700,氢氧化钠,AR500g/瓶,AR,西化,瓶,222410,221620,1,4,0,2,7,12.8,4459,毛博士虎石台仓
1010310101700,氢氧化钠,AR500g/瓶,AR,西化,瓶,222410,221620,1,4,0,2,7,12.8,4473,冲单仓
1010310101700,氢氧化钠,AR500g/瓶,AR,西化,瓶,222410,221620,1,4,0,2,7,12.8,4481,冲单仓
1010310101700,氢氧化钠,AR500g/瓶,AR,西化,瓶,226505,223667,1,4,0,2,7,12.8,30,平台仓
1010310101700,氢氧化钠,AR500g/瓶,AR,西化,瓶,226505,223667,1,4,0,2,7,12.8,4,精细佛山仓
1010310101700,氢氧化钠,AR500g/瓶,AR,西化,瓶,226505,223667,1,4,0,2,7,12.8,83,佛山出口仓
1010310101700,氢氧化钠,AR500g/瓶,AR,西化,瓶,226505,223667,1,4,0,2,7,12.8,75,zyc_sc
1010310101700,氢氧化钠,AR500g/瓶,AR,西化,瓶,226505,223667,1,4,0,2,7,12.8,40,直运2仓
1010310101700,氢氧化钠,AR500g/瓶,AR,西化,瓶,226505,223667,1,4,0,2,7,12.8,90,成品库（NN）
1010310101700,氢氧化钠,AR500g/瓶,AR,西化,瓶,226505,223667,1,4,0,2,7,12.8,2536,佛山天津仓
1010310101700,氢氧化钠,AR500g/瓶,AR,西化,瓶,226505,223667,1,4,0,2,7,12.8,1370,中基仓(上海仓)
1010310101700,氢氧化钠,AR500g/瓶,AR,西化,瓶,226505,223667,1,4,0,2,7,12.8,56,股份出口仓
1010310101700,氢氧化钠,AR500g/瓶,AR,西化,瓶,226505,223667,1,4,0,2,7,12.8,13,直运仓
1010310101700,氢氧化钠,AR500g/瓶,AR,西化,瓶,226505,223667,1,4,0,2,7,12.8,79,佛山西陇成品(固)
1010310101700,氢氧化钠,AR500g/瓶,AR,西化,瓶,226505,223667,1,4,0,2,7,12.8,57,股份成品仓（厂标)
1010310101700,氢氧化钠,AR500g/瓶,AR,西化,瓶,226505,223667,1,4,0,2,7,12.8,48,股份佛山成品（固）
1010310101700,氢氧化钠,AR500g/瓶,AR,西化,瓶,226505,223667,1,4,0,2,7,12.8,2996,佛山仓库
1010310101700,氢氧化钠,AR500g/瓶,AR,西化,瓶,226505,223667,1,4,0,2,7,12.8,2996,佛山仓库
1010310101700,氢氧化钠,AR500g/瓶,AR,西化,瓶,226505,223667,1,4,0,2,7,12.8,133,沈阳虎石台仓
1010310101700,氢氧化钠,AR500g/瓶,AR,西化,瓶,226505,223667,1,4,0,2,7,12.8,85,四川小成品（固）
1010310101700,氢氧化钠,AR500g/瓶,AR,西化,瓶,226505,223667,1,4,0,2,7,12.8,4476,平账仓
1010310101700,氢氧化钠,AR500g/瓶,AR,西化,瓶,226505,223667,1,4,0,2,7,12.8,4459,毛博士虎石台仓
1010310101700,氢氧化钠,AR500g/瓶,AR,西化,瓶,226505,223667,1,4,0,2,7,12.8,4473,冲单仓
1010310101700,氢氧化钠,AR500g/瓶,AR,西化,瓶,226505,223667,1,4,0,2,7,12.8,4481,冲单仓
1010310101700,氢氧化钠,AR500g/瓶,AR,西化,瓶,230600,225714,1,4,0,2,7,12.8,28,平台仓
1010310101700,氢氧化钠,AR500g/瓶,AR,西化,瓶,230600,225714,1,4,0,2,7,12.8,4,精细佛山仓
1010310101700,氢氧化钠,AR500g/瓶,AR,西化,瓶,230600,225714,1,4,0,2,7,12.8,83,佛山出口仓
1010310101700,氢氧化钠,AR500g/瓶,AR,西化,瓶,230600,225714,1,4,0,2,7,12.8,75,zyc_sc
1010310101700,氢氧化钠,AR500g/瓶,AR,西化,瓶,230600,225714,1,4,0,2,7,12.8,40,直运2仓
1010310101700,氢氧化钠,AR500g/瓶,AR,西化,瓶,230600,225714,1,4,0,2,7,12.8,90,成品库（NN）
1010310101700,氢氧化钠,AR500g/瓶,AR,西化,瓶,230600,225714,1,4,0,2,7,12.8,2536,佛山天津仓
1010310101700,氢氧化钠,AR500g/瓶,AR,西化,瓶,230600,225714,1,4,0,2,7,12.8,1370,中基仓(上海仓)
1010310101700,氢氧化钠,AR500g/瓶,AR,西化,瓶,230600,225714,1,4,0,2,7,12.8,56,股份出口仓
1010310101700,氢氧化钠,AR500g/瓶,AR,西化,瓶,230600,225714,1,4,0,2,7,12.8,13,直运仓
1010310101700,氢氧化钠,AR500g/瓶,AR,西化,瓶,230600,225714,1,4,0,2,7,12.8,79,佛山西陇成品(固)
1010310101700,氢氧化钠,AR500g/瓶,AR,西化,瓶,230600,225714,1,4,0,2,7,12.8,57,股份成品仓（厂标)
1010310101700,氢氧化钠,AR500g/瓶,AR,西化,瓶,230600,225714,1,4,0,2,7,12.8,48,股份佛山成品（固）
1010310101700,氢氧化钠,AR500g/瓶,AR,西化,瓶,230600,225714,1,4,0,2,7,12.8,2996,佛山仓库
1010310101700,氢氧化钠,AR500g/瓶,AR,西化,瓶,230600,225714,1,4,0,2,7,12.8,2996,佛山仓库
1010310101700,氢氧化钠,AR500g/瓶,AR,西化,瓶,230600,225714,1,4,0,2,7,12.8,133,沈阳虎石台仓
1010310101700,氢氧化钠,AR500g/瓶,AR,西化,瓶,230600,225714,1,4,0,2,7,12.8,85,四川小成品（固）
1010310101700,氢氧化钠,AR500g/瓶,AR,西化,瓶,230600,225714,1,4,0,2,7,12.8,4476,平账仓
1010310101700,氢氧化钠,AR500g/瓶,AR,西化,瓶,230600,225714,1,4,0,2,7,12.8,4459,毛博士虎石台仓
1010310101700,氢氧化钠,AR500g/瓶,AR,西化,瓶,230600,225714,1,4,0,2,7,12.8,4473,冲单仓
1010310101700,氢氧化钠,AR500g/瓶,AR,西化,瓶,230600,225714,1,4,0,2,7,12.8,4481,冲单仓
1010310101700,氢氧化钠,AR500g/瓶,AR,西化,瓶,234695,227761,1,4,0,2,7,12.8,77,平台仓
1010310101700,氢氧化钠,AR500g/瓶,AR,西化,瓶,234695,227761,1,4,0,2,7,12.8,4,精细佛山仓
1010310101700,氢氧化钠,AR500g/瓶,AR,西化,瓶,234695,227761,1,4,0,2,7,12.8,83,佛山出口仓
1010310101700,氢氧化钠,AR500g/瓶,AR,西化,瓶,234695,227761,1,4,0,2,7,12.8,75,zyc_sc
1010310101700,氢氧化钠,AR500g/瓶,AR,西化,瓶,234695,227761,1,4,0,2,7,12.8,40,直运2仓
1010310101700,氢氧化钠,AR500g/瓶,AR,西化,瓶,234695,227761,1,4,0,2,7,12.8,90,成品库（NN）
1010310101700,氢氧化钠,AR500g/瓶,AR,西化,瓶,234695,227761,1,4,0,2,7,12.8,2536,佛山天津仓
1010310101700,氢氧化钠,AR500g/瓶,AR,西化,瓶,234695,227761,1,4,0,2,7,12.8,1370,中基仓(上海仓)
1010310101700,氢氧化钠,AR500g/瓶,AR,西化,瓶,234695,227761,1,4,0,2,7,12.8,56,股份出口仓
1010310101700,氢氧化钠,AR500g/瓶,AR,西化,瓶,234695,227761,1,4,0,2,7,12.8,13,直运仓
1010310101700,氢氧化钠,AR500g/瓶,AR,西化,瓶,234695,227761,1,4,0,2,7,12.8,79,佛山西陇成品(固)
1010310101700,氢氧化钠,AR500g/瓶,AR,西化,瓶,234695,227761,1,4,0,2,7,12.8,57,股份成品仓（厂标)
1010310101700,氢氧化钠,AR500g/瓶,AR,西化,瓶,234695,227761,1,4,0,2,7,12.8,48,股份佛山成品（固）
1010310101700,氢氧化钠,AR500g/瓶,AR,西化,瓶,234695,227761,1,4,0,2,7,12.8,2996,佛山仓库
1010310101700,氢氧化钠,AR500g/瓶,AR,西化,瓶,234695,227761,1,4,0,2,7,12.8,2996,佛山仓库
1010310101700,氢氧化钠,AR500g/瓶,AR,西化,瓶,234695,227761,1,4,0,2,7,12.8,133,沈阳虎石台仓
1010310101700,氢氧化钠,AR500g/瓶,AR,西化,瓶,234695,227761,1,4,0,2,7,12.8,85,四川小成品（固）
1010310101700,氢氧化钠,AR500g/瓶,AR,西化,瓶,234695,227761,1,4,0,2,7,12.8,4476,平账仓
1010310101700,氢氧化钠,AR500g/瓶,AR,西化,瓶,234695,227761,1,4,0,2,7,12.8,4459,毛博士虎石台仓
1010310101700,氢氧化钠,AR500g/瓶,AR,西化,瓶,234695,227761,1,4,0,2,7,12.8,4473,冲单仓
1010310101700,氢氧化钠,AR500g/瓶,AR,西化,瓶,234695,227761,1,4,0,2,7,12.8,4481,冲单仓
1270190101601,硝酸,AR500ml/瓶,,西化,瓶,139896,139894,1,1,0,2,0,15.3,17,平台佛山仓
1270190101601,硝酸,AR500ml/瓶,,西化,瓶,139896,139894,1,1,0,2,0,15.3,34,平台汕头仓
1270190101601,硝酸,AR500ml/瓶,,西化,瓶,139896,139894,1,1,0,2,0,15.3,50,股份佛山成品（液）
1270190101601,硝酸,AR500ml/瓶,,西化,瓶,139896,139894,1,1,0,2,0,15.3,57,股份成品仓（厂标)
1270190101601,硝酸,AR500ml/瓶,,西化,瓶,139896,139894,1,1,0,2,0,15.3,278,甲类成品仓
1270190101601,硝酸,AR500ml/瓶,,西化,瓶,139896,139894,1,1,0,2,0,15.3,80,佛山西陇成品(液)
1270190101601,硝酸,AR500ml/瓶,,西化,瓶,139896,139894,1,1,0,2,0,15.3,63,四川三酸一水（瓶）
1270190101601,硝酸,AR500ml/瓶,,西化,瓶,139896,139894,1,1,0,2,0,15.3,4464,硝酸专库
1270190101601,硝酸,AR500ml/瓶,,西化,瓶,139896,139894,1,1,0,2,0,15.3,4473,冲单仓
1270190101601,硝酸,AR500ml/玻瓶,AR,西化,瓶,222769,492288,1,1,0,2,0,21.9,29,平台仓
1270190101601,硝酸,AR500ml/玻瓶,AR,西化,瓶,222769,492288,1,1,0,2,0,21.9,50,股份佛山成品（液）
1270190101601,硝酸,AR500ml/玻瓶,AR,西化,瓶,222769,492288,1,1,0,2,0,21.9,57,股份成品仓（厂标)
1270190101601,硝酸,AR500ml/玻瓶,AR,西化,瓶,222769,492288,1,1,0,2,0,21.9,278,甲类成品仓
1270190101601,硝酸,AR500ml/玻瓶,AR,西化,瓶,222769,492288,1,1,0,2,0,21.9,80,佛山西陇成品(液)
1270190101601,硝酸,AR500ml/玻瓶,AR,西化,瓶,222769,492288,1,1,0,2,0,21.9,63,四川三酸一水（瓶）
1270190101601,硝酸,AR500ml/玻瓶,AR,西化,瓶,222769,492288,1,1,0,2,0,21.9,4464,硝酸专库
1270190101601,硝酸,AR500ml/玻瓶,AR,西化,瓶,222769,492288,1,1,0,2,0,21.9,4473,冲单仓
1270190101601,硝酸,AR500ml/玻瓶,AR,西化,瓶,226864,499208,1,1,0,2,0,21.9,30,平台仓
1270190101601,硝酸,AR500ml/玻瓶,AR,西化,瓶,226864,499208,1,1,0,2,0,21.9,50,股份佛山成品（液）
1270190101601,硝酸,AR500ml/玻瓶,AR,西化,瓶,226864,499208,1,1,0,2,0,21.9,57,股份成品仓（厂标)
1270190101601,硝酸,AR500ml/玻瓶,AR,西化,瓶,226864,499208,1,1,0,2,0,21.9,278,甲类成品仓
1270190101601,硝酸,AR500ml/玻瓶,AR,西化,瓶,226864,499208,1,1,0,2,0,21.9,80,佛山西陇成品(液)
1270190101601,硝酸,AR500ml/玻瓶,AR,西化,瓶,226864,499208,1,1,0,2,0,21.9,63,四川三酸一水（瓶）
1270190101601,硝酸,AR500ml/玻瓶,AR,西化,瓶,226864,499208,1,1,0,2,0,21.9,4464,硝酸专库
1270190101601,硝酸,AR500ml/玻瓶,AR,西化,瓶,226864,499208,1,1,0,2,0,21.9,4473,冲单仓
1270190101601,硝酸,AR500ml/玻瓶,AR,西化,瓶,230959,500108,1,1,0,2,0,21.9,28,平台仓
1270190101601,硝酸,AR500ml/玻瓶,AR,西化,瓶,230959,500108,1,1,0,2,0,21.9,50,股份佛山成品（液）
1270190101601,硝酸,AR500ml/玻瓶,AR,西化,瓶,230959,500108,1,1,0,2,0,21.9,57,股份成品仓（厂标)
1270190101601,硝酸,AR500ml/玻瓶,AR,西化,瓶,230959,500108,1,1,0,2,0,21.9,278,甲类成品仓
1270190101601,硝酸,AR500ml/玻瓶,AR,西化,瓶,230959,500108,1,1,0,2,0,21.9,80,佛山西陇成品(液)
1270190101601,硝酸,AR500ml/玻瓶,AR,西化,瓶,230959,500108,1,1,0,2,0,21.9,63,四川三酸一水（瓶）
1270190101601,硝酸,AR500ml/玻瓶,AR,西化,瓶,230959,500108,1,1,0,2,0,21.9,4464,硝酸专库
1270190101601,硝酸,AR500ml/玻瓶,AR,西化,瓶,230959,500108,1,1,0,2,0,21.9,4473,冲单仓
1270190101601,硝酸,AR500ml/玻瓶,AR,西化,瓶,235054,501019,1,1,0,2,0,21.9,77,平台仓
1270190101601,硝酸,AR500ml/玻瓶,AR,西化,瓶,235054,501019,1,1,0,2,0,21.9,50,股份佛山成品（液）
1270190101601,硝酸,AR500ml/玻瓶,AR,西化,瓶,235054,501019,1,1,0,2,0,21.9,57,股份成品仓（厂标)
1270190101601,硝酸,AR500ml/玻瓶,AR,西化,瓶,235054,501019,1,1,0,2,0,21.9,278,甲类成品仓
1270190101601,硝酸,AR500ml/玻瓶,AR,西化,瓶,235054,501019,1,1,0,2,0,21.9,80,佛山西陇成品(液)
1270190101601,硝酸,AR500ml/玻瓶,AR,西化,瓶,235054,501019,1,1,0,2,0,21.9,63,四川三酸一水（瓶）
1270190101601,硝酸,AR500ml/玻瓶,AR,西化,瓶,235054,501019,1,1,0,2,0,21.9,4464,硝酸专库
1270190101601,硝酸,AR500ml/玻瓶,AR,西化,瓶,235054,501019,1,1,0,2,0,21.9,4473,冲单仓
1270410101602,磷酸,AR500ml/塑瓶,,西化,瓶,1309,1309,1,4,0,2,0,21.4,17,平台佛山仓
1270410101602,磷酸,AR500ml/塑瓶,,西化,瓶,1309,1309,1,4,0,2,0,21.4,50,股份佛山成品（液）
1270410101602,磷酸,AR500ml/塑瓶,,西化,瓶,1309,1309,1,4,0,2,0,21.4,90,成品库（NN）
1270410101602,磷酸,AR500ml/塑瓶,,西化,瓶,1309,1309,1,4,0,2,0,21.4,56,股份出口仓
1270410101602,磷酸,AR500ml/塑瓶,,西化,瓶,1309,1309,1,4,0,2,0,21.4,61,四川小成品（液）
1270410101602,磷酸,AR500ml/塑瓶,,西化,瓶,1309,1309,1,4,0,2,0,21.4,2996,佛山仓库
1270410101602,磷酸,AR500ml/塑瓶,,西化,瓶,1309,1309,1,4,0,2,0,21.4,1370,中基仓(上海仓)
1270410101602,磷酸,AR500ml/塑瓶,,西化,瓶,1309,1309,1,4,0,2,0,21.4,2996,佛山仓库
1270410101602,磷酸,AR500ml/塑瓶,,西化,瓶,1309,1309,1,4,0,2,0,21.4,57,股份成品仓（厂标)
1270410101602,磷酸,AR500ml/塑瓶,,西化,瓶,1309,1309,1,4,0,2,0,21.4,2536,佛山天津仓
1270410101602,磷酸,AR500ml/塑瓶,,西化,瓶,1309,1309,1,4,0,2,0,21.4,4,精细佛山仓
1270410101602,磷酸,AR500ml/塑瓶,,西化,瓶,1309,1309,1,4,0,2,0,21.4,80,佛山西陇成品(液)
1270410101602,磷酸,AR500ml/塑瓶,,西化,瓶,1309,1309,1,4,0,2,0,21.4,4481,冲单仓
1270410101602,磷酸,AR500ml/塑瓶,,西化,瓶,1309,1309,1,4,0,2,0,21.4,4473,冲单仓
1270410101602,磷酸,AR500ml/塑瓶,,西化,瓶,1309,1309,1,4,0,2,0,21.4,4476,平账仓
1270410101602,磷酸,AR500ml/塑瓶,AR,西化,瓶,223007,492396,1,4,0,2,0,30.6,29,平台仓
1270410101602,磷酸,AR500ml/塑瓶,AR,西化,瓶,223007,492396,1,4,0,2,0,30.6,50,股份佛山成品（液）
1270410101602,磷酸,AR500ml/塑瓶,AR,西化,瓶,223007,492396,1,4,0,2,0,30.6,90,成品库（NN）
1270410101602,磷酸,AR500ml/塑瓶,AR,西化,瓶,223007,492396,1,4,0,2,0,30.6,56,股份出口仓
1270410101602,磷酸,AR500ml/塑瓶,AR,西化,瓶,223007,492396,1,4,0,2,0,30.6,61,四川小成品（液）
1270410101602,磷酸,AR500ml/塑瓶,AR,西化,瓶,223007,492396,1,4,0,2,0,30.6,2996,佛山仓库
1270410101602,磷酸,AR500ml/塑瓶,AR,西化,瓶,223007,492396,1,4,0,2,0,30.6,1370,中基仓(上海仓)
1270410101602,磷酸,AR500ml/塑瓶,AR,西化,瓶,223007,492396,1,4,0,2,0,30.6,2996,佛山仓库
1270410101602,磷酸,AR500ml/塑瓶,AR,西化,瓶,223007,492396,1,4,0,2,0,30.6,57,股份成品仓（厂标)
1270410101602,磷酸,AR500ml/塑瓶,AR,西化,瓶,223007,492396,1,4,0,2,0,30.6,2536,佛山天津仓
1270410101602,磷酸,AR500ml/塑瓶,AR,西化,瓶,223007,492396,1,4,0,2,0,30.6,4,精细佛山仓
1270410101602,磷酸,AR500ml/塑瓶,AR,西化,瓶,223007,492396,1,4,0,2,0,30.6,80,佛山西陇成品(液)
1270410101602,磷酸,AR500ml/塑瓶,AR,西化,瓶,223007,492396,1,4,0,2,0,30.6,4481,冲单仓
1270410101602,磷酸,AR500ml/塑瓶,AR,西化,瓶,223007,492396,1,4,0,2,0,30.6,4473,冲单仓
1270410101602,磷酸,AR500ml/塑瓶,AR,西化,瓶,223007,492396,1,4,0,2,0,30.6,4476,平账仓
1270410101602,磷酸,AR500ml/塑瓶,AR,西化,瓶,227102,499323,1,4,0,2,0,30.6,30,平台仓
1270410101602,磷酸,AR500ml/塑瓶,AR,西化,瓶,227102,499323,1,4,0,2,0,30.6,50,股份佛山成品（液）
1270410101602,磷酸,AR500ml/塑瓶,AR,西化,瓶,227102,499323,1,4,0,2,0,30.6,90,成品库（NN）
1270410101602,磷酸,AR500ml/塑瓶,AR,西化,瓶,227102,499323,1,4,0,2,0,30.6,56,股份出口仓
1270410101602,磷酸,AR500ml/塑瓶,AR,西化,瓶,227102,499323,1,4,0,2,0,30.6,61,四川小成品（液）
1270410101602,磷酸,AR500ml/塑瓶,AR,西化,瓶,227102,499323,1,4,0,2,0,30.6,2996,佛山仓库
1270410101602,磷酸,AR500ml/塑瓶,AR,西化,瓶,227102,499323,1,4,0,2,0,30.6,1370,中基仓(上海仓)
1270410101602,磷酸,AR500ml/塑瓶,AR,西化,瓶,227102,499323,1,4,0,2,0,30.6,2996,佛山仓库
1270410101602,磷酸,AR500ml/塑瓶,AR,西化,瓶,227102,499323,1,4,0,2,0,30.6,57,股份成品仓（厂标)
1270410101602,磷酸,AR500ml/塑瓶,AR,西化,瓶,227102,499323,1,4,0,2,0,30.6,2536,佛山天津仓
1270410101602,磷酸,AR500ml/塑瓶,AR,西化,瓶,227102,499323,1,4,0,2,0,30.6,4,精细佛山仓
1270410101602,磷酸,AR500ml/塑瓶,AR,西化,瓶,227102,499323,1,4,0,2,0,30.6,80,佛山西陇成品(液)
1270410101602,磷酸,AR500ml/塑瓶,AR,西化,瓶,227102,499323,1,4,0,2,0,30.6,4481,冲单仓
1270410101602,磷酸,AR500ml/塑瓶,AR,西化,瓶,227102,499323,1,4,0,2,0,30.6,4473,冲单仓
1270410101602,磷酸,AR500ml/塑瓶,AR,西化,瓶,227102,499323,1,4,0,2,0,30.6,4476,平账仓
1270410101602,磷酸,AR500ml/塑瓶,AR,西化,瓶,231197,500223,1,4,0,2,0,30.6,28,平台仓
1270410101602,磷酸,AR500ml/塑瓶,AR,西化,瓶,231197,500223,1,4,0,2,0,30.6,50,股份佛山成品（液）
1270410101602,磷酸,AR500ml/塑瓶,AR,西化,瓶,231197,500223,1,4,0,2,0,30.6,90,成品库（NN）
1270410101602,磷酸,AR500ml/塑瓶,AR,西化,瓶,231197,500223,1,4,0,2,0,30.6,56,股份出口仓
1270410101602,磷酸,AR500ml/塑瓶,AR,西化,瓶,231197,500223,1,4,0,2,0,30.6,61,四川小成品（液）
1270410101602,磷酸,AR500ml/塑瓶,AR,西化,瓶,231197,500223,1,4,0,2,0,30.6,2996,佛山仓库
1270410101602,磷酸,AR500ml/塑瓶,AR,西化,瓶,231197,500223,1,4,0,2,0,30.6,1370,中基仓(上海仓)
1270410101602,磷酸,AR500ml/塑瓶,AR,西化,瓶,231197,500223,1,4,0,2,0,30.6,2996,佛山仓库
1270410101602,磷酸,AR500ml/塑瓶,AR,西化,瓶,231197,500223,1,4,0,2,0,30.6,57,股份成品仓（厂标)
1270410101602,磷酸,AR500ml/塑瓶,AR,西化,瓶,231197,500223,1,4,0,2,0,30.6,2536,佛山天津仓
1270410101602,磷酸,AR500ml/塑瓶,AR,西化,瓶,231197,500223,1,4,0,2,0,30.6,4,精细佛山仓
1270410101602,磷酸,AR500ml/塑瓶,AR,西化,瓶,231197,500223,1,4,0,2,0,30.6,80,佛山西陇成品(液)
1270410101602,磷酸,AR500ml/塑瓶,AR,西化,瓶,231197,500223,1,4,0,2,0,30.6,4481,冲单仓
1270410101602,磷酸,AR500ml/塑瓶,AR,西化,瓶,231197,500223,1,4,0,2,0,30.6,4473,冲单仓
1270410101602,磷酸,AR500ml/塑瓶,AR,西化,瓶,231197,500223,1,4,0,2,0,30.6,4476,平账仓
1270410101602,磷酸,AR500ml/塑瓶,AR,西化,瓶,235292,501147,1,4,0,2,0,30.6,77,平台仓
1270410101602,磷酸,AR500ml/塑瓶,AR,西化,瓶,235292,501147,1,4,0,2,0,30.6,50,股份佛山成品（液）
1270410101602,磷酸,AR500ml/塑瓶,AR,西化,瓶,235292,501147,1,4,0,2,0,30.6,90,成品库（NN）
1270410101602,磷酸,AR500ml/塑瓶,AR,西化,瓶,235292,501147,1,4,0,2,0,30.6,56,股份出口仓
1270410101602,磷酸,AR500ml/塑瓶,AR,西化,瓶,235292,501147,1,4,0,2,0,30.6,61,四川小成品（液）
1270410101602,磷酸,AR500ml/塑瓶,AR,西化,瓶,235292,501147,1,4,0,2,0,30.6,2996,佛山仓库
1270410101602,磷酸,AR500ml/塑瓶,AR,西化,瓶,235292,501147,1,4,0,2,0,30.6,1370,中基仓(上海仓)
1270410101602,磷酸,AR500ml/塑瓶,AR,西化,瓶,235292,501147,1,4,0,2,0,30.6,2996,佛山仓库
1270410101602,磷酸,AR500ml/塑瓶,AR,西化,瓶,235292,501147,1,4,0,2,0,30.6,57,股份成品仓（厂标)
1270410101602,磷酸,AR500ml/塑瓶,AR,西化,瓶,235292,501147,1,4,0,2,0,30.6,2536,佛山天津仓
1270410101602,磷酸,AR500ml/塑瓶,AR,西化,瓶,235292,501147,1,4,0,2,0,30.6,4,精细佛山仓
1270410101602,磷酸,AR500ml/塑瓶,AR,西化,瓶,235292,501147,1,4,0,2,0,30.6,80,佛山西陇成品(液)
1270410101602,磷酸,AR500ml/塑瓶,AR,西化,瓶,235292,501147,1,4,0,2,0,30.6,4481,冲单仓
1270410101602,磷酸,AR500ml/塑瓶,AR,西化,瓶,235292,501147,1,4,0,2,0,30.6,4473,冲单仓
1270410101602,磷酸,AR500ml/塑瓶,AR,西化,瓶,235292,501147,1,4,0,2,0,30.6,4476,平账仓
1270090201700,二水合草酸(草酸),CP500g/瓶,CP,西化,瓶,221845,221285,1,0,0,2,7,14.6,29,平台仓
1270090201700,二水合草酸(草酸),CP500g/瓶,CP,西化,瓶,221845,221285,1,0,0,2,7,14.6,91,平台实体仓
1270090201700,二水合草酸(草酸),CP500g/瓶,CP,西化,瓶,221845,221285,1,0,0,2,7,14.6,57,股份成品仓（厂标)
1270090201700,二水合草酸(草酸),CP500g/瓶,CP,西化,瓶,221845,221285,1,0,0,2,7,14.6,48,股份佛山成品（固）
1270090201700,二水合草酸(草酸),CP500g/瓶,CP,西化,瓶,221845,221285,1,0,0,2,7,14.6,79,佛山西陇成品(固)
1270090201700,二水合草酸(草酸),CP500g/瓶,CP,西化,瓶,221845,221285,1,0,0,2,7,14.6,1370,中基仓(上海仓)
1270090201700,二水合草酸(草酸),CP500g/瓶,CP,西化,瓶,225940,223332,1,0,0,2,7,14.6,30,平台仓
1270090201700,二水合草酸(草酸),CP500g/瓶,CP,西化,瓶,225940,223332,1,0,0,2,7,14.6,57,股份成品仓（厂标)
1270090201700,二水合草酸(草酸),CP500g/瓶,CP,西化,瓶,225940,223332,1,0,0,2,7,14.6,48,股份佛山成品（固）
1270090201700,二水合草酸(草酸),CP500g/瓶,CP,西化,瓶,225940,223332,1,0,0,2,7,14.6,79,佛山西陇成品(固)
1270090201700,二水合草酸(草酸),CP500g/瓶,CP,西化,瓶,225940,223332,1,0,0,2,7,14.6,1370,中基仓(上海仓)
1270090201700,二水合草酸(草酸),CP500g/瓶,CP,西化,瓶,230035,225379,1,0,0,2,7,14.6,28,平台仓
1270090201700,二水合草酸(草酸),CP500g/瓶,CP,西化,瓶,230035,225379,1,0,0,2,7,14.6,57,股份成品仓（厂标)
1270090201700,二水合草酸(草酸),CP500g/瓶,CP,西化,瓶,230035,225379,1,0,0,2,7,14.6,48,股份佛山成品（固）
1270090201700,二水合草酸(草酸),CP500g/瓶,CP,西化,瓶,230035,225379,1,0,0,2,7,14.6,79,佛山西陇成品(固)
1270090201700,二水合草酸(草酸),CP500g/瓶,CP,西化,瓶,230035,225379,1,0,0,2,7,14.6,1370,中基仓(上海仓)
1270090201700,二水合草酸(草酸),CP500g/瓶,CP,西化,瓶,234130,227426,1,0,0,2,7,14.6,77,平台仓
1270090201700,二水合草酸(草酸),CP500g/瓶,CP,西化,瓶,234130,227426,1,0,0,2,7,14.6,57,股份成品仓（厂标)
1270090201700,二水合草酸(草酸),CP500g/瓶,CP,西化,瓶,234130,227426,1,0,0,2,7,14.6,48,股份佛山成品（固）
1270090201700,二水合草酸(草酸),CP500g/瓶,CP,西化,瓶,234130,227426,1,0,0,2,7,14.6,79,佛山西陇成品(固)
1270090201700,二水合草酸(草酸),CP500g/瓶,CP,西化,瓶,234130,227426,1,0,0,2,7,14.6,1370,中基仓(上海仓)
1020270101400,高锰酸钾,AR25kg/桶,,西化,KG,1199,1199,25,3,0,2,0,100.24,17,平台佛山仓
1020270101400,高锰酸钾,AR25kg/桶,,西化,KG,1199,1199,25,3,0,2,0,100.24,65,四川大成品（固）
1020270101400,高锰酸钾,AR25kg/桶,,西化,KG,1199,1199,25,3,0,2,0,100.24,81,佛山西陇成品(二)
1020270101400,高锰酸钾,AR25kg/桶,,西化,KG,1199,1199,25,3,0,2,0,100.24,58,股份成品库（二）
1020270101400,高锰酸钾,AR25kg/桶,,西化,KG,1199,1199,25,3,0,2,0,100.24,2539,易制毒仓
1020270101400,高锰酸钾,AR25kg/桶,,西化,KG,1199,1199,25,3,0,2,0,100.24,4473,冲单仓
1020270101400,高锰酸钾,AR25kg/桶,AR,西化,KG,223291,492492,25,3,0,2,0,143.2,29,平台仓
1020270101400,高锰酸钾,AR25kg/桶,AR,西化,KG,223291,492492,25,3,0,2,0,143.2,65,四川大成品（固）
1020270101400,高锰酸钾,AR25kg/桶,AR,西化,KG,223291,492492,25,3,0,2,0,143.2,81,佛山西陇成品(二)
1020270101400,高锰酸钾,AR25kg/桶,AR,西化,KG,223291,492492,25,3,0,2,0,143.2,58,股份成品库（二）
1020270101400,高锰酸钾,AR25kg/桶,AR,西化,KG,223291,492492,25,3,0,2,0,143.2,2539,易制毒仓
1020270101400,高锰酸钾,AR25kg/桶,AR,西化,KG,223291,492492,25,3,0,2,0,143.2,4473,冲单仓
1020270101400,高锰酸钾,AR25kg/桶,AR,西化,KG,227386,499422,25,3,0,2,0,143.2,30,平台仓
1020270101400,高锰酸钾,AR25kg/桶,AR,西化,KG,227386,499422,25,3,0,2,0,143.2,65,四川大成品（固）
1020270101400,高锰酸钾,AR25kg/桶,AR,西化,KG,227386,499422,25,3,0,2,0,143.2,81,佛山西陇成品(二)
1020270101400,高锰酸钾,AR25kg/桶,AR,西化,KG,227386,499422,25,3,0,2,0,143.2,58,股份成品库（二）
1020270101400,高锰酸钾,AR25kg/桶,AR,西化,KG,227386,499422,25,3,0,2,0,143.2,2539,易制毒仓
1020270101400,高锰酸钾,AR25kg/桶,AR,西化,KG,227386,499422,25,3,0,2,0,143.2,4473,冲单仓
1020270101400,高锰酸钾,AR25kg/桶,AR,西化,KG,231481,500322,25,3,0,2,0,143.2,28,平台仓
1020270101400,高锰酸钾,AR25kg/桶,AR,西化,KG,231481,500322,25,3,0,2,0,143.2,65,四川大成品（固）
1020270101400,高锰酸钾,AR25kg/桶,AR,西化,KG,231481,500322,25,3,0,2,0,143.2,81,佛山西陇成品(二)
1020270101400,高锰酸钾,AR25kg/桶,AR,西化,KG,231481,500322,25,3,0,2,0,143.2,58,股份成品库（二）
1020270101400,高锰酸钾,AR25kg/桶,AR,西化,KG,231481,500322,25,3,0,2,0,143.2,2539,易制毒仓
1020270101400,高锰酸钾,AR25kg/桶,AR,西化,KG,231481,500322,25,3,0,2,0,143.2,4473,冲单仓
1020270101400,高锰酸钾,AR25kg/桶,AR,西化,KG,235576,501326,25,3,0,2,0,143.2,77,平台仓
1020270101400,高锰酸钾,AR25kg/桶,AR,西化,KG,235576,501326,25,3,0,2,0,143.2,65,四川大成品（固）
1020270101400,高锰酸钾,AR25kg/桶,AR,西化,KG,235576,501326,25,3,0,2,0,143.2,81,佛山西陇成品(二)
1020270101400,高锰酸钾,AR25kg/桶,AR,西化,KG,235576,501326,25,3,0,2,0,143.2,58,股份成品库（二）
1020270101400,高锰酸钾,AR25kg/桶,AR,西化,KG,235576,501326,25,3,0,2,0,143.2,2539,易制毒仓
1020270101400,高锰酸钾,AR25kg/桶,AR,西化,KG,235576,501326,25,3,0,2,0,143.2,4473,冲单仓
1270610201700,一水合柠檬酸(柠檬酸),CP500g/瓶,CP,西化,瓶,221373,221021,1,0,0,2,7,16.0,29,平台仓
1270610201700,一水合柠檬酸(柠檬酸),CP500g/瓶,CP,西化,瓶,221373,221021,1,0,0,2,7,16.0,79,佛山西陇成品(固)
1270610201700,一水合柠檬酸(柠檬酸),CP500g/瓶,CP,西化,瓶,221373,221021,1,0,0,2,7,16.0,48,股份佛山成品（固）
1270610201700,一水合柠檬酸(柠檬酸),CP500g/瓶,CP,西化,瓶,221373,221021,1,0,0,2,7,16.0,1370,中基仓(上海仓)
1270610201700,一水合柠檬酸(柠檬酸),CP500g/瓶,CP,西化,瓶,221373,221021,1,0,0,2,7,16.0,57,股份成品仓（厂标)
1270610201700,一水合柠檬酸(柠檬酸),CP500g/瓶,CP,西化,瓶,225468,223068,1,0,0,2,7,16.0,30,平台仓
1270610201700,一水合柠檬酸(柠檬酸),CP500g/瓶,CP,西化,瓶,225468,223068,1,0,0,2,7,16.0,79,佛山西陇成品(固)
1270610201700,一水合柠檬酸(柠檬酸),CP500g/瓶,CP,西化,瓶,225468,223068,1,0,0,2,7,16.0,48,股份佛山成品（固）
1270610201700,一水合柠檬酸(柠檬酸),CP500g/瓶,CP,西化,瓶,225468,223068,1,0,0,2,7,16.0,1370,中基仓(上海仓)
1270610201700,一水合柠檬酸(柠檬酸),CP500g/瓶,CP,西化,瓶,225468,223068,1,0,0,2,7,16.0,57,股份成品仓（厂标)
1270610201700,一水合柠檬酸(柠檬酸),CP500g/瓶,CP,西化,瓶,229563,225115,1,0,0,2,7,16.0,28,平台仓
1270610201700,一水合柠檬酸(柠檬酸),CP500g/瓶,CP,西化,瓶,229563,225115,1,0,0,2,7,16.0,79,佛山西陇成品(固)
1270610201700,一水合柠檬酸(柠檬酸),CP500g/瓶,CP,西化,瓶,229563,225115,1,0,0,2,7,16.0,48,股份佛山成品（固）
1270610201700,一水合柠檬酸(柠檬酸),CP500g/瓶,CP,西化,瓶,229563,225115,1,0,0,2,7,16.0,1370,中基仓(上海仓)
1270610201700,一水合柠檬酸(柠檬酸),CP500g/瓶,CP,西化,瓶,229563,225115,1,0,0,2,7,16.0,57,股份成品仓（厂标)
1270610201700,一水合柠檬酸(柠檬酸),CP500g/瓶,CP,西化,瓶,233658,227162,1,0,0,2,7,16.0,77,平台仓
1270610201700,一水合柠檬酸(柠檬酸),CP500g/瓶,CP,西化,瓶,233658,227162,1,0,0,2,7,16.0,79,佛山西陇成品(固)
1270610201700,一水合柠檬酸(柠檬酸),CP500g/瓶,CP,西化,瓶,233658,227162,1,0,0,2,7,16.0,48,股份佛山成品（固）
1270610201700,一水合柠檬酸(柠檬酸),CP500g/瓶,CP,西化,瓶,233658,227162,1,0,0,2,7,16.0,1370,中基仓(上海仓)
1270610201700,一水合柠檬酸(柠檬酸),CP500g/瓶,CP,西化,瓶,233658,227162,1,0,0,2,7,16.0,57,股份成品仓（厂标)
1280010104100,乙醇（95%）,AR25L/桶,,西化,升,139946,139944,25,4,0,2,0,14.56,17,平台佛山仓
1280010104100,乙醇（95%）,AR25L/桶,,西化,升,139946,139944,25,4,0,2,0,14.56,1370,中基仓(上海仓)
1280010104100,乙醇（95%）,AR25L/桶,,西化,升,139946,139944,25,4,0,2,0,14.56,64,四川大成品（液）
1280010104100,乙醇（95%）,AR25L/桶,,西化,升,139946,139944,25,4,0,2,0,14.56,81,佛山西陇成品(二)
1280010104100,乙醇（95%）,AR25L/桶,,西化,升,139946,139944,25,4,0,2,0,14.56,58,股份成品库（二）
1280010104100,乙醇（95%）,AR25L/桶,,西化,升,139946,139944,25,4,0,2,0,14.56,49,股份佛山成品（二）
1280010104100,乙醇（95%）,AR25L/桶,,西化,升,139946,139944,25,4,0,2,0,14.56,4467,甲乙液体成品(大)
1280010104100,乙醇(95%),AR25L/桶,AR,西化,升,221701,491816,25,4,0,2,0,20.8,29,平台仓
1280010104100,乙醇(95%),AR25L/桶,AR,西化,升,221701,491816,25,4,0,2,0,20.8,91,平台实体仓
1280010104100,乙醇(95%),AR25L/桶,AR,西化,升,221701,491816,25,4,0,2,0,20.8,1370,中基仓(上海仓)
1280010104100,乙醇(95%),AR25L/桶,AR,西化,升,221701,491816,25,4,0,2,0,20.8,64,四川大成品（液）
1280010104100,乙醇(95%),AR25L/桶,AR,西化,升,221701,491816,25,4,0,2,0,20.8,81,佛山西陇成品(二)
1280010104100,乙醇(95%),AR25L/桶,AR,西化,升,221701,491816,25,4,0,2,0,20.8,58,股份成品库（二）
1280010104100,乙醇(95%),AR25L/桶,AR,西化,升,221701,491816,25,4,0,2,0,20.8,49,股份佛山成品（二）
1280010104100,乙醇(95%),AR25L/桶,AR,西化,升,221701,491816,25,4,0,2,0,20.8,4467,甲乙液体成品(大)
1280010104100,乙醇(95%),AR25L/桶,AR,西化,升,225796,498741,25,4,0,2,0,20.8,30,平台仓
1280010104100,乙醇(95%),AR25L/桶,AR,西化,升,225796,498741,25,4,0,2,0,20.8,1370,中基仓(上海仓)
1280010104100,乙醇(95%),AR25L/桶,AR,西化,升,225796,498741,25,4,0,2,0,20.8,64,四川大成品（液）
1280010104100,乙醇(95%),AR25L/桶,AR,西化,升,225796,498741,25,4,0,2,0,20.8,81,佛山西陇成品(二)
1280010104100,乙醇(95%),AR25L/桶,AR,西化,升,225796,498741,25,4,0,2,0,20.8,58,股份成品库（二）
1280010104100,乙醇(95%),AR25L/桶,AR,西化,升,225796,498741,25,4,0,2,0,20.8,49,股份佛山成品（二）
1280010104100,乙醇(95%),AR25L/桶,AR,西化,升,225796,498741,25,4,0,2,0,20.8,4467,甲乙液体成品(大)
1280010104100,乙醇(95%),AR25L/桶,AR,西化,升,229891,499649,25,4,0,2,0,20.8,28,平台仓
1280010104100,乙醇(95%),AR25L/桶,AR,西化,升,229891,499649,25,4,0,2,0,20.8,1370,中基仓(上海仓)
1280010104100,乙醇(95%),AR25L/桶,AR,西化,升,229891,499649,25,4,0,2,0,20.8,64,四川大成品（液）
1280010104100,乙醇(95%),AR25L/桶,AR,西化,升,229891,499649,25,4,0,2,0,20.8,81,佛山西陇成品(二)
1280010104100,乙醇(95%),AR25L/桶,AR,西化,升,229891,499649,25,4,0,2,0,20.8,58,股份成品库（二）
1280010104100,乙醇(95%),AR25L/桶,AR,西化,升,229891,499649,25,4,0,2,0,20.8,49,股份佛山成品（二）
1280010104100,乙醇(95%),AR25L/桶,AR,西化,升,229891,499649,25,4,0,2,0,20.8,4467,甲乙液体成品(大)
1280010104100,乙醇(95%),AR25L/桶,AR,西化,升,233986,500544,25,4,0,2,0,20.8,77,平台仓
1280010104100,乙醇(95%),AR25L/桶,AR,西化,升,233986,500544,25,4,0,2,0,20.8,1370,中基仓(上海仓)
1280010104100,乙醇(95%),AR25L/桶,AR,西化,升,233986,500544,25,4,0,2,0,20.8,64,四川大成品（液）
1280010104100,乙醇(95%),AR25L/桶,AR,西化,升,233986,500544,25,4,0,2,0,20.8,81,佛山西陇成品(二)
1280010104100,乙醇(95%),AR25L/桶,AR,西化,升,233986,500544,25,4,0,2,0,20.8,58,股份成品库（二）
1280010104100,乙醇(95%),AR25L/桶,AR,西化,升,233986,500544,25,4,0,2,0,20.8,49,股份佛山成品（二）
1280010104100,乙醇(95%),AR25L/桶,AR,西化,升,233986,500544,25,4,0,2,0,20.8,4467,甲乙液体成品(大)
1280340106100,乙醇（无水乙醇）,AR20kg/桶,,西化,KG,1777,1777,20,4,0,2,0,18.76,17,平台佛山仓
1280340106100,乙醇（无水乙醇）,AR20kg/桶,,西化,KG,1777,1777,20,4,0,2,0,18.76,34,平台汕头仓
1280340106100,乙醇（无水乙醇）,AR20kg/桶,,西化,KG,1777,1777,20,4,0,2,0,18.76,49,股份佛山成品（二）
1280340106100,乙醇（无水乙醇）,AR20kg/桶,,西化,KG,1777,1777,20,4,0,2,0,18.76,81,佛山西陇成品(二)
1280340106100,乙醇（无水乙醇）,AR20kg/桶,,西化,KG,1777,1777,20,4,0,2,0,18.76,64,四川大成品（液）
1280340106100,乙醇（无水乙醇）,AR20kg/桶,,西化,KG,1777,1777,20,4,0,2,0,18.76,9,汕头工厂仓
1280340106100,乙醇（无水乙醇）,AR20kg/桶,,西化,KG,1777,1777,20,4,0,2,0,18.76,1370,中基仓(上海仓)
1280340106100,乙醇（无水乙醇）,AR20kg/桶,,西化,KG,1777,1777,20,4,0,2,0,18.76,82,佛山外寄仓
1280340106100,乙醇（无水乙醇）,AR20kg/桶,,西化,KG,1777,1777,20,4,0,2,0,18.76,57,股份成品仓（厂标)
1280340106100,乙醇（无水乙醇）,AR20kg/桶,,西化,KG,1777,1777,20,4,0,2,0,18.76,4,精细佛山仓
1280340106100,乙醇（无水乙醇）,AR20kg/桶,,西化,KG,1777,1777,20,4,0,2,0,18.76,2536,佛山天津仓
1280340106100,乙醇（无水乙醇）,AR20kg/桶,,西化,KG,1777,1777,20,4,0,2,0,18.76,58,股份成品库（二）
1280340106100,乙醇（无水乙醇）,AR20kg/桶,,西化,KG,1777,1777,20,4,0,2,0,18.76,4481,冲单仓
1280340106100,乙醇（无水乙醇）,AR20kg/桶,,西化,KG,1777,1777,20,4,0,2,0,18.76,4476,平账仓
1280340106100,乙醇（无水乙醇）,AR20kg/桶,,西化,KG,1777,1777,20,4,0,2,0,18.76,4467,甲乙液体成品(大)
1280340106100,乙醇(无水乙醇),AR20kg/桶,AR,西化,KG,221714,491827,20,4,0,2,0,26.8,29,平台仓
1280340106100,乙醇(无水乙醇),AR20kg/桶,AR,西化,KG,221714,491827,20,4,0,2,0,26.8,91,平台实体仓
1280340106100,乙醇(无水乙醇),AR20kg/桶,AR,西化,KG,221714,491827,20,4,0,2,0,26.8,49,股份佛山成品（二）
1280340106100,乙醇(无水乙醇),AR20kg/桶,AR,西化,KG,221714,491827,20,4,0,2,0,26.8,81,佛山西陇成品(二)
1280340106100,乙醇(无水乙醇),AR20kg/桶,AR,西化,KG,221714,491827,20,4,0,2,0,26.8,64,四川大成品（液）
1280340106100,乙醇(无水乙醇),AR20kg/桶,AR,西化,KG,221714,491827,20,4,0,2,0,26.8,9,汕头工厂仓
1280340106100,乙醇(无水乙醇),AR20kg/桶,AR,西化,KG,221714,491827,20,4,0,2,0,26.8,1370,中基仓(上海仓)
1280340106100,乙醇(无水乙醇),AR20kg/桶,AR,西化,KG,221714,491827,20,4,0,2,0,26.8,82,佛山外寄仓
1280340106100,乙醇(无水乙醇),AR20kg/桶,AR,西化,KG,221714,491827,20,4,0,2,0,26.8,57,股份成品仓（厂标)
1280340106100,乙醇(无水乙醇),AR20kg/桶,AR,西化,KG,221714,491827,20,4,0,2,0,26.8,4,精细佛山仓
1280340106100,乙醇(无水乙醇),AR20kg/桶,AR,西化,KG,221714,491827,20,4,0,2,0,26.8,2536,佛山天津仓
1280340106100,乙醇(无水乙醇),AR20kg/桶,AR,西化,KG,221714,491827,20,4,0,2,0,26.8,58,股份成品库（二）
1280340106100,乙醇(无水乙醇),AR20kg/桶,AR,西化,KG,221714,491827,20,4,0,2,0,26.8,4481,冲单仓
1280340106100,乙醇(无水乙醇),AR20kg/桶,AR,西化,KG,221714,491827,20,4,0,2,0,26.8,4476,平账仓
1280340106100,乙醇(无水乙醇),AR20kg/桶,AR,西化,KG,221714,491827,20,4,0,2,0,26.8,4467,甲乙液体成品(大)
1280340106100,乙醇(无水乙醇),AR20kg/桶,AR,西化,KG,225809,498752,20,4,0,2,0,26.8,30,平台仓
1280340106100,乙醇(无水乙醇),AR20kg/桶,AR,西化,KG,225809,498752,20,4,0,2,0,26.8,49,股份佛山成品（二）
1280340106100,乙醇(无水乙醇),AR20kg/桶,AR,西化,KG,225809,498752,20,4,0,2,0,26.8,81,佛山西陇成品(二)
1280340106100,乙醇(无水乙醇),AR20kg/桶,AR,西化,KG,225809,498752,20,4,0,2,0,26.8,64,四川大成品（液）
1280340106100,乙醇(无水乙醇),AR20kg/桶,AR,西化,KG,225809,498752,20,4,0,2,0,26.8,9,汕头工厂仓
1280340106100,乙醇(无水乙醇),AR20kg/桶,AR,西化,KG,225809,498752,20,4,0,2,0,26.8,1370,中基仓(上海仓)
1280340106100,乙醇(无水乙醇),AR20kg/桶,AR,西化,KG,225809,498752,20,4,0,2,0,26.8,82,佛山外寄仓
1280340106100,乙醇(无水乙醇),AR20kg/桶,AR,西化,KG,225809,498752,20,4,0,2,0,26.8,57,股份成品仓（厂标)
1280340106100,乙醇(无水乙醇),AR20kg/桶,AR,西化,KG,225809,498752,20,4,0,2,0,26.8,4,精细佛山仓
1280340106100,乙醇(无水乙醇),AR20kg/桶,AR,西化,KG,225809,498752,20,4,0,2,0,26.8,2536,佛山天津仓
1280340106100,乙醇(无水乙醇),AR20kg/桶,AR,西化,KG,225809,498752,20,4,0,2,0,26.8,58,股份成品库（二）
1280340106100,乙醇(无水乙醇),AR20kg/桶,AR,西化,KG,225809,498752,20,4,0,2,0,26.8,4481,冲单仓
1280340106100,乙醇(无水乙醇),AR20kg/桶,AR,西化,KG,225809,498752,20,4,0,2,0,26.8,4476,平账仓
1280340106100,乙醇(无水乙醇),AR20kg/桶,AR,西化,KG,225809,498752,20,4,0,2,0,26.8,4467,甲乙液体成品(大)
1280340106100,乙醇(无水乙醇),AR20kg/桶,AR,西化,KG,229904,499660,20,4,0,2,0,26.8,28,平台仓
1280340106100,乙醇(无水乙醇),AR20kg/桶,AR,西化,KG,229904,499660,20,4,0,2,0,26.8,49,股份佛山成品（二）
1280340106100,乙醇(无水乙醇),AR20kg/桶,AR,西化,KG,229904,499660,20,4,0,2,0,26.8,81,佛山西陇成品(二)
1280340106100,乙醇(无水乙醇),AR20kg/桶,AR,西化,KG,229904,499660,20,4,0,2,0,26.8,64,四川大成品（液）
1280340106100,乙醇(无水乙醇),AR20kg/桶,AR,西化,KG,229904,499660,20,4,0,2,0,26.8,9,汕头工厂仓
1280340106100,乙醇(无水乙醇),AR20kg/桶,AR,西化,KG,229904,499660,20,4,0,2,0,26.8,1370,中基仓(上海仓)
1280340106100,乙醇(无水乙醇),AR20kg/桶,AR,西化,KG,229904,499660,20,4,0,2,0,26.8,82,佛山外寄仓
1280340106100,乙醇(无水乙醇),AR20kg/桶,AR,西化,KG,229904,499660,20,4,0,2,0,26.8,57,股份成品仓（厂标)
1280340106100,乙醇(无水乙醇),AR20kg/桶,AR,西化,KG,229904,499660,20,4,0,2,0,26.8,4,精细佛山仓
1280340106100,乙醇(无水乙醇),AR20kg/桶,AR,西化,KG,229904,499660,20,4,0,2,0,26.8,2536,佛山天津仓
1280340106100,乙醇(无水乙醇),AR20kg/桶,AR,西化,KG,229904,499660,20,4,0,2,0,26.8,58,股份成品库（二）
1280340106100,乙醇(无水乙醇),AR20kg/桶,AR,西化,KG,229904,499660,20,4,0,2,0,26.8,4481,冲单仓
1280340106100,乙醇(无水乙醇),AR20kg/桶,AR,西化,KG,229904,499660,20,4,0,2,0,26.8,4476,平账仓
1280340106100,乙醇(无水乙醇),AR20kg/桶,AR,西化,KG,229904,499660,20,4,0,2,0,26.8,4467,甲乙液体成品(大)
1280340106100,乙醇(无水乙醇),AR20kg/桶,AR,西化,KG,233999,500555,20,4,0,2,0,26.8,77,平台仓
1280340106100,乙醇(无水乙醇),AR20kg/桶,AR,西化,KG,233999,500555,20,4,0,2,0,26.8,49,股份佛山成品（二）
1280340106100,乙醇(无水乙醇),AR20kg/桶,AR,西化,KG,233999,500555,20,4,0,2,0,26.8,81,佛山西陇成品(二)
1280340106100,乙醇(无水乙醇),AR20kg/桶,AR,西化,KG,233999,500555,20,4,0,2,0,26.8,64,四川大成品（液）
1280340106100,乙醇(无水乙醇),AR20kg/桶,AR,西化,KG,233999,500555,20,4,0,2,0,26.8,9,汕头工厂仓
1280340106100,乙醇(无水乙醇),AR20kg/桶,AR,西化,KG,233999,500555,20,4,0,2,0,26.8,1370,中基仓(上海仓)
1280340106100,乙醇(无水乙醇),AR20kg/桶,AR,西化,KG,233999,500555,20,4,0,2,0,26.8,82,佛山外寄仓
1280340106100,乙醇(无水乙醇),AR20kg/桶,AR,西化,KG,233999,500555,20,4,0,2,0,26.8,57,股份成品仓（厂标)
1280340106100,乙醇(无水乙醇),AR20kg/桶,AR,西化,KG,233999,500555,20,4,0,2,0,26.8,4,精细佛山仓
1280340106100,乙醇(无水乙醇),AR20kg/桶,AR,西化,KG,233999,500555,20,4,0,2,0,26.8,2536,佛山天津仓
1280340106100,乙醇(无水乙醇),AR20kg/桶,AR,西化,KG,233999,500555,20,4,0,2,0,26.8,58,股份成品库（二）
1280340106100,乙醇(无水乙醇),AR20kg/桶,AR,西化,KG,233999,500555,20,4,0,2,0,26.8,4481,冲单仓
1280340106100,乙醇(无水乙醇),AR20kg/桶,AR,西化,KG,233999,500555,20,4,0,2,0,26.8,4476,平账仓
1280340106100,乙醇(无水乙醇),AR20kg/桶,AR,西化,KG,233999,500555,20,4,0,2,0,26.8,4467,甲乙液体成品(大)
6040101803707,退火杯,"""C64020004 高*外径 44mm*41mm""",,其他,个,632799,626331,1,0,0,2,0,0.0,29,平台仓
6040101803707,退火杯,"""C64020004 高*外径 44mm*41mm""",,其他,个,632799,626331,1,0,0,2,0,0.0,52,汕头直运仓
6040101803707,退火杯,"""C64020004 高*外径 44mm*41mm""",,其他,个,632800,626332,1,0,0,2,0,0.0,30,平台仓
6040101803707,退火杯,"""C64020004 高*外径 44mm*41mm""",,其他,个,632800,626332,1,0,0,2,0,0.0,52,汕头直运仓
6041601592002,高纯石英坩埚,100ml,,其他,个,632791,626323,1,0,0,2,0,0.0,29,平台仓
6041601592002,高纯石英坩埚,100ml,,其他,个,632791,626323,1,0,0,2,0,0.0,52,汕头直运仓
6041601592002,高纯石英坩埚,100ml,,其他,个,632792,626324,1,0,0,2,0,0.0,30,平台仓
6041601592002,高纯石英坩埚,100ml,,其他,个,632792,626324,1,0,0,2,0,0.0,52,汕头直运仓
6041601592003,高纯氧化铝坩埚,100ml,,其他,个,632795,626327,1,0,0,2,0,0.0,29,平台仓
6041601592003,高纯氧化铝坩埚,100ml,,其他,个,632795,626327,1,0,0,2,0,0.0,52,汕头直运仓
6041601592003,高纯氧化铝坩埚,100ml,,其他,个,632796,626328,1,0,0,2,0,0.0,30,平台仓
6041601592003,高纯氧化铝坩埚,100ml,,其他,个,632796,626328,1,0,0,2,0,0.0,52,汕头直运仓
1010680110600,乙二胺四乙酸二钠,AR1000g/包,,西化,包,1793,1793,1,0,0,2,0,31.5,17,平台佛山仓
1010680110600,乙二胺四乙酸二钠,AR1000g/包,,西化,包,1793,1793,1,0,0,2,0,31.5,34,平台汕头仓
1010680110600,乙二胺四乙酸二钠,AR1000g/包,,西化,包,1793,1793,1,0,0,2,0,31.5,4,精细佛山仓
1010680110600,乙二胺四乙酸二钠,AR1000g/包,,西化,包,1793,1793,1,0,0,2,0,31.5,9,汕头工厂仓
1010680110600,乙二胺四乙酸二钠,AR1000g/包,,西化,包,1793,1793,1,0,0,2,0,31.5,48,股份佛山成品（固）
1010680110600,乙二胺四乙酸二钠,AR1000g/包,,西化,包,1793,1793,1,0,0,2,0,31.5,57,股份成品仓（厂标)
1010680110600,乙二胺四乙酸二钠,AR1000g/包,,西化,包,1793,1793,1,0,0,2,0,31.5,85,四川小成品（固）
1010680110600,乙二胺四乙酸二钠,AR1000g/包,,西化,包,1793,1793,1,0,0,2,0,31.5,1370,中基仓(上海仓)
1010680110600,乙二胺四乙酸二钠,AR1000g/包,,西化,包,1793,1793,1,0,0,2,0,31.5,79,佛山西陇成品(固)
1010680110600,乙二胺四乙酸二钠,AR1000g/包,,西化,包,1793,1793,1,0,0,2,0,31.5,2536,佛山天津仓
1010680110600,乙二胺四乙酸二钠,AR1000g/包,,西化,包,1793,1793,1,0,0,2,0,31.5,90,成品库（NN）
1010680110600,乙二胺四乙酸二钠,AR1000g/包,,西化,包,1793,1793,1,0,0,2,0,31.5,4481,冲单仓
1010680110600,乙二胺四乙酸二钠,AR1000g/包,,西化,包,1793,1793,1,0,0,2,0,31.5,4473,冲单仓
1010680110600,乙二胺四乙酸二钠,AR1000g/包,AR,西化,包,221576,221131,1,0,0,2,1,45.0,29,平台仓
1010680110600,乙二胺四乙酸二钠,AR1000g/包,AR,西化,包,221576,221131,1,0,0,2,1,45.0,91,平台实体仓
1010680110600,乙二胺四乙酸二钠,AR1000g/包,AR,西化,包,221576,221131,1,0,0,2,1,45.0,4,精细佛山仓
1010680110600,乙二胺四乙酸二钠,AR1000g/包,AR,西化,包,221576,221131,1,0,0,2,1,45.0,9,汕头工厂仓
1010680110600,乙二胺四乙酸二钠,AR1000g/包,AR,西化,包,221576,221131,1,0,0,2,1,45.0,48,股份佛山成品（固）
1010680110600,乙二胺四乙酸二钠,AR1000g/包,AR,西化,包,221576,221131,1,0,0,2,1,45.0,57,股份成品仓（厂标)
1010680110600,乙二胺四乙酸二钠,AR1000g/包,AR,西化,包,221576,221131,1,0,0,2,1,45.0,85,四川小成品（固）
1010680110600,乙二胺四乙酸二钠,AR1000g/包,AR,西化,包,221576,221131,1,0,0,2,1,45.0,1370,中基仓(上海仓)
1010680110600,乙二胺四乙酸二钠,AR1000g/包,AR,西化,包,221576,221131,1,0,0,2,1,45.0,79,佛山西陇成品(固)
1010680110600,乙二胺四乙酸二钠,AR1000g/包,AR,西化,包,221576,221131,1,0,0,2,1,45.0,2536,佛山天津仓
1010680110600,乙二胺四乙酸二钠,AR1000g/包,AR,西化,包,221576,221131,1,0,0,2,1,45.0,90,成品库（NN）
1010680110600,乙二胺四乙酸二钠,AR1000g/包,AR,西化,包,221576,221131,1,0,0,2,1,45.0,4481,冲单仓
1010680110600,乙二胺四乙酸二钠,AR1000g/包,AR,西化,包,221576,221131,1,0,0,2,1,45.0,4473,冲单仓
1010680110600,乙二胺四乙酸二钠,AR1000g/包,AR,西化,包,225671,223178,1,0,0,2,1,45.0,30,平台仓
1010680110600,乙二胺四乙酸二钠,AR1000g/包,AR,西化,包,225671,223178,1,0,0,2,1,45.0,4,精细佛山仓
1010680110600,乙二胺四乙酸二钠,AR1000g/包,AR,西化,包,225671,223178,1,0,0,2,1,45.0,9,汕头工厂仓
1010680110600,乙二胺四乙酸二钠,AR1000g/包,AR,西化,包,225671,223178,1,0,0,2,1,45.0,48,股份佛山成品（固）
1010680110600,乙二胺四乙酸二钠,AR1000g/包,AR,西化,包,225671,223178,1,0,0,2,1,45.0,57,股份成品仓（厂标)
1010680110600,乙二胺四乙酸二钠,AR1000g/包,AR,西化,包,225671,223178,1,0,0,2,1,45.0,85,四川小成品（固）
1010680110600,乙二胺四乙酸二钠,AR1000g/包,AR,西化,包,225671,223178,1,0,0,2,1,45.0,1370,中基仓(上海仓)
1010680110600,乙二胺四乙酸二钠,AR1000g/包,AR,西化,包,225671,223178,1,0,0,2,1,45.0,79,佛山西陇成品(固)
1010680110600,乙二胺四乙酸二钠,AR1000g/包,AR,西化,包,225671,223178,1,0,0,2,1,45.0,2536,佛山天津仓
1010680110600,乙二胺四乙酸二钠,AR1000g/包,AR,西化,包,225671,223178,1,0,0,2,1,45.0,90,成品库（NN）
1010680110600,乙二胺四乙酸二钠,AR1000g/包,AR,西化,包,225671,223178,1,0,0,2,1,45.0,4481,冲单仓
1010680110600,乙二胺四乙酸二钠,AR1000g/包,AR,西化,包,225671,223178,1,0,0,2,1,45.0,4473,冲单仓
1010680110600,乙二胺四乙酸二钠,AR1000g/包,AR,西化,包,229766,225225,1,0,0,2,1,45.0,28,平台仓
1010680110600,乙二胺四乙酸二钠,AR1000g/包,AR,西化,包,229766,225225,1,0,0,2,1,45.0,4,精细佛山仓
1010680110600,乙二胺四乙酸二钠,AR1000g/包,AR,西化,包,229766,225225,1,0,0,2,1,45.0,9,汕头工厂仓
1010680110600,乙二胺四乙酸二钠,AR1000g/包,AR,西化,包,229766,225225,1,0,0,2,1,45.0,48,股份佛山成品（固）
1010680110600,乙二胺四乙酸二钠,AR1000g/包,AR,西化,包,229766,225225,1,0,0,2,1,45.0,57,股份成品仓（厂标)
1010680110600,乙二胺四乙酸二钠,AR1000g/包,AR,西化,包,229766,225225,1,0,0,2,1,45.0,85,四川小成品（固）
1010680110600,乙二胺四乙酸二钠,AR1000g/包,AR,西化,包,229766,225225,1,0,0,2,1,45.0,1370,中基仓(上海仓)
1010680110600,乙二胺四乙酸二钠,AR1000g/包,AR,西化,包,229766,225225,1,0,0,2,1,45.0,79,佛山西陇成品(固)
1010680110600,乙二胺四乙酸二钠,AR1000g/包,AR,西化,包,229766,225225,1,0,0,2,1,45.0,2536,佛山天津仓
1010680110600,乙二胺四乙酸二钠,AR1000g/包,AR,西化,包,229766,225225,1,0,0,2,1,45.0,90,成品库（NN）
1010680110600,乙二胺四乙酸二钠,AR1000g/包,AR,西化,包,229766,225225,1,0,0,2,1,45.0,4481,冲单仓
1010680110600,乙二胺四乙酸二钠,AR1000g/包,AR,西化,包,229766,225225,1,0,0,2,1,45.0,4473,冲单仓
1010680110600,乙二胺四乙酸二钠,AR1000g/包,AR,西化,包,233861,227272,1,0,0,2,1,45.0,77,平台仓
1010680110600,乙二胺四乙酸二钠,AR1000g/包,AR,西化,包,233861,227272,1,0,0,2,1,45.0,4,精细佛山仓
1010680110600,乙二胺四乙酸二钠,AR1000g/包,AR,西化,包,233861,227272,1,0,0,2,1,45.0,9,汕头工厂仓
1010680110600,乙二胺四乙酸二钠,AR1000g/包,AR,西化,包,233861,227272,1,0,0,2,1,45.0,48,股份佛山成品（固）
1010680110600,乙二胺四乙酸二钠,AR1000g/包,AR,西化,包,233861,227272,1,0,0,2,1,45.0,57,股份成品仓（厂标)
1010680110600,乙二胺四乙酸二钠,AR1000g/包,AR,西化,包,233861,227272,1,0,0,2,1,45.0,85,四川小成品（固）
1010680110600,乙二胺四乙酸二钠,AR1000g/包,AR,西化,包,233861,227272,1,0,0,2,1,45.0,1370,中基仓(上海仓)
1010680110600,乙二胺四乙酸二钠,AR1000g/包,AR,西化,包,233861,227272,1,0,0,2,1,45.0,79,佛山西陇成品(固)
1010680110600,乙二胺四乙酸二钠,AR1000g/包,AR,西化,包,233861,227272,1,0,0,2,1,45.0,2536,佛山天津仓
1010680110600,乙二胺四乙酸二钠,AR1000g/包,AR,西化,包,233861,227272,1,0,0,2,1,45.0,90,成品库（NN）
1010680110600,乙二胺四乙酸二钠,AR1000g/包,AR,西化,包,233861,227272,1,0,0,2,1,45.0,4481,冲单仓
1010680110600,乙二胺四乙酸二钠,AR1000g/包,AR,西化,包,233861,227272,1,0,0,2,1,45.0,4473,冲单仓
2280893704400,过氧化氢叔丁醇70%inH2O(W),250ml/瓶,,麦克林,瓶,28521,28578,1,4,0,2,1,0.0,29,平台仓
2280893704400,过氧化氢叔丁醇70%inH2O(W),250ml/瓶,,麦克林,瓶,28521,28578,1,4,0,2,1,0.0,52,汕头直运仓
2280893704400,过氧化氢叔丁醇70%inH2O(W),250ml/瓶,,麦克林,瓶,28521,28578,1,4,0,2,1,0.0,62,四川营销库
2280893704400,过氧化氢叔丁醇70%inH2O(W),250ml/瓶,,麦克林,瓶,28521,28578,1,4,0,2,1,0.0,75,zyc_sc
2280893704400,过氧化氢叔丁醇70%inH2O(W),250ml/瓶,,麦克林,瓶,28522,28579,1,4,0,2,1,0.0,30,平台仓
2280893704400,过氧化氢叔丁醇70%inH2O(W),250ml/瓶,,麦克林,瓶,28522,28579,1,4,0,2,1,0.0,52,汕头直运仓
2280893704400,过氧化氢叔丁醇70%inH2O(W),250ml/瓶,,麦克林,瓶,28522,28579,1,4,0,2,1,0.0,62,四川营销库
2280893704400,过氧化氢叔丁醇70%inH2O(W),250ml/瓶,,麦克林,瓶,28522,28579,1,4,0,2,1,0.0,75,zyc_sc
2280893704400,过氧化氢叔丁醇70%inH2O(W),250ml/瓶,,麦克林,瓶,28523,28580,1,4,0,2,1,0.0,28,平台仓
2280893704400,过氧化氢叔丁醇70%inH2O(W),250ml/瓶,,麦克林,瓶,28523,28580,1,4,0,2,1,0.0,52,汕头直运仓
2280893704400,过氧化氢叔丁醇70%inH2O(W),250ml/瓶,,麦克林,瓶,28523,28580,1,4,0,2,1,0.0,62,四川营销库
2280893704400,过氧化氢叔丁醇70%inH2O(W),250ml/瓶,,麦克林,瓶,28523,28580,1,4,0,2,1,0.0,75,zyc_sc
2280893704400,过氧化氢叔丁醇70%inH2O(W),250ml/瓶,,麦克林,瓶,87337,87408,1,4,0,2,1,0.0,77,平台仓
2280893704400,过氧化氢叔丁醇70%inH2O(W),250ml/瓶,,麦克林,瓶,87337,87408,1,4,0,2,1,0.0,52,汕头直运仓
2280893704400,过氧化氢叔丁醇70%inH2O(W),250ml/瓶,,麦克林,瓶,87337,87408,1,4,0,2,1,0.0,62,四川营销库
2280893704400,过氧化氢叔丁醇70%inH2O(W),250ml/瓶,,麦克林,瓶,87337,87408,1,4,0,2,1,0.0,75,zyc_sc
1120110304201,聚合氯化铝,GY25kg/袋,GY,西化,KG,57461,57518,25,0,0,2,7,0.0,29,平台仓
1120110304201,聚合氯化铝,GY25kg/袋,GY,西化,KG,57461,57518,25,0,0,2,7,0.0,65,四川大成品（固）
1120110304201,聚合氯化铝,GY25kg/袋,GY,西化,KG,57461,57518,25,0,0,2,7,0.0,58,股份成品库（二）
1120110304201,聚合氯化铝,GY25kg/袋,GY,西化,KG,57462,57519,25,0,0,2,7,0.0,30,平台仓
1120110304201,聚合氯化铝,GY25kg/袋,GY,西化,KG,57462,57519,25,0,0,2,7,0.0,65,四川大成品（固）
1120110304201,聚合氯化铝,GY25kg/袋,GY,西化,KG,57462,57519,25,0,0,2,7,0.0,58,股份成品库（二）
1120110304201,聚合氯化铝,GY25kg/袋,GY,西化,KG,57463,57520,25,0,0,2,7,0.0,28,平台仓
1120110304201,聚合氯化铝,GY25kg/袋,GY,西化,KG,57463,57520,25,0,0,2,7,0.0,65,四川大成品（固）
1120110304201,聚合氯化铝,GY25kg/袋,GY,西化,KG,57463,57520,25,0,0,2,7,0.0,58,股份成品库（二）
1120110304201,聚合氯化铝,GY25kg/袋,GY,西化,KG,83674,83744,25,0,0,2,7,0.0,77,平台仓
1120110304201,聚合氯化铝,GY25kg/袋,GY,西化,KG,83674,83744,25,0,0,2,7,0.0,65,四川大成品（固）
1120110304201,聚合氯化铝,GY25kg/袋,GY,西化,KG,83674,83744,25,0,0,2,7,0.0,58,股份成品库（二）
1010110101700,氯化钠,AR500g/瓶,,西化,瓶,1428,1428,1,0,0,2,0,6.7,17,平台佛山仓
1010110101700,氯化钠,AR500g/瓶,,西化,瓶,1428,1428,1,0,0,2,0,6.7,34,平台汕头仓
1010110101700,氯化钠,AR500g/瓶,,西化,瓶,1428,1428,1,0,0,2,0,6.7,1370,中基仓(上海仓)
1010110101700,氯化钠,AR500g/瓶,,西化,瓶,1428,1428,1,0,0,2,0,6.7,48,股份佛山成品（固）
1010110101700,氯化钠,AR500g/瓶,,西化,瓶,1428,1428,1,0,0,2,0,6.7,13,直运仓
1010110101700,氯化钠,AR500g/瓶,,西化,瓶,1428,1428,1,0,0,2,0,6.7,40,直运2仓
1010110101700,氯化钠,AR500g/瓶,,西化,瓶,1428,1428,1,0,0,2,0,6.7,4,精细佛山仓
1010110101700,氯化钠,AR500g/瓶,,西化,瓶,1428,1428,1,0,0,2,0,6.7,2536,佛山天津仓
1010110101700,氯化钠,AR500g/瓶,,西化,瓶,1428,1428,1,0,0,2,0,6.7,133,沈阳虎石台仓
1010110101700,氯化钠,AR500g/瓶,,西化,瓶,1428,1428,1,0,0,2,0,6.7,9,汕头工厂仓
1010110101700,氯化钠,AR500g/瓶,,西化,瓶,1428,1428,1,0,0,2,0,6.7,57,股份成品仓（厂标)
1010110101700,氯化钠,AR500g/瓶,,西化,瓶,1428,1428,1,0,0,2,0,6.7,79,佛山西陇成品(固)
1010110101700,氯化钠,AR500g/瓶,,西化,瓶,1428,1428,1,0,0,2,0,6.7,85,四川小成品（固）
1010110101700,氯化钠,AR500g/瓶,,西化,瓶,1428,1428,1,0,0,2,0,6.7,75,zyc_sc
1010110101700,氯化钠,AR500g/瓶,,西化,瓶,1428,1428,1,0,0,2,0,6.7,90,成品库（NN）
1010110101700,氯化钠,AR500g/瓶,,西化,瓶,1428,1428,1,0,0,2,0,6.7,4476,平账仓
1010110101700,氯化钠,AR500g/瓶,,西化,瓶,1428,1428,1,0,0,2,0,6.7,4459,毛博士虎石台仓
1010110101700,氯化钠,AR500g/瓶,,西化,瓶,1428,1428,1,0,0,2,0,6.7,4481,冲单仓
1010110101700,氯化钠,AR500g/瓶,,西化,瓶,1428,1428,1,0,0,2,0,6.7,4473,冲单仓
1010110101700,氯化钠,AR500g/瓶,,西化,瓶,1428,1428,1,0,0,2,0,6.7,4459,毛博士虎石台仓
1010110101700,氯化钠,AR500g/瓶,AR,西化,瓶,222506,221660,1,0,0,2,12,9.6,29,平台仓
1010110101700,氯化钠,AR500g/瓶,AR,西化,瓶,222506,221660,1,0,0,2,12,9.6,91,平台实体仓
1010110101700,氯化钠,AR500g/瓶,AR,西化,瓶,222506,221660,1,0,0,2,12,9.6,1370,中基仓(上海仓)
1010110101700,氯化钠,AR500g/瓶,AR,西化,瓶,222506,221660,1,0,0,2,12,9.6,48,股份佛山成品（固）
1010110101700,氯化钠,AR500g/瓶,AR,西化,瓶,222506,221660,1,0,0,2,12,9.6,13,直运仓
1010110101700,氯化钠,AR500g/瓶,AR,西化,瓶,222506,221660,1,0,0,2,12,9.6,40,直运2仓
1010110101700,氯化钠,AR500g/瓶,AR,西化,瓶,222506,221660,1,0,0,2,12,9.6,4,精细佛山仓
1010110101700,氯化钠,AR500g/瓶,AR,西化,瓶,222506,221660,1,0,0,2,12,9.6,2536,佛山天津仓
1010110101700,氯化钠,AR500g/瓶,AR,西化,瓶,222506,221660,1,0,0,2,12,9.6,133,沈阳虎石台仓
1010110101700,氯化钠,AR500g/瓶,AR,西化,瓶,222506,221660,1,0,0,2,12,9.6,9,汕头工厂仓
1010110101700,氯化钠,AR500g/瓶,AR,西化,瓶,222506,221660,1,0,0,2,12,9.6,57,股份成品仓（厂标)
1010110101700,氯化钠,AR500g/瓶,AR,西化,瓶,222506,221660,1,0,0,2,12,9.6,79,佛山西陇成品(固)
1010110101700,氯化钠,AR500g/瓶,AR,西化,瓶,222506,221660,1,0,0,2,12,9.6,85,四川小成品（固）
1010110101700,氯化钠,AR500g/瓶,AR,西化,瓶,222506,221660,1,0,0,2,12,9.6,75,zyc_sc
1010110101700,氯化钠,AR500g/瓶,AR,西化,瓶,222506,221660,1,0,0,2,12,9.6,90,成品库（NN）
1010110101700,氯化钠,AR500g/瓶,AR,西化,瓶,222506,221660,1,0,0,2,12,9.6,4476,平账仓
1010110101700,氯化钠,AR500g/瓶,AR,西化,瓶,222506,221660,1,0,0,2,12,9.6,4459,毛博士虎石台仓
1010110101700,氯化钠,AR500g/瓶,AR,西化,瓶,222506,221660,1,0,0,2,12,9.6,4481,冲单仓
1010110101700,氯化钠,AR500g/瓶,AR,西化,瓶,222506,221660,1,0,0,2,12,9.6,4473,冲单仓
1010110101700,氯化钠,AR500g/瓶,AR,西化,瓶,222506,221660,1,0,0,2,12,9.6,4459,毛博士虎石台仓
1010110101700,氯化钠,AR500g/瓶,AR,西化,瓶,226601,223707,1,0,0,2,12,9.6,30,平台仓
1010110101700,氯化钠,AR500g/瓶,AR,西化,瓶,226601,223707,1,0,0,2,12,9.6,1370,中基仓(上海仓)
1010110101700,氯化钠,AR500g/瓶,AR,西化,瓶,226601,223707,1,0,0,2,12,9.6,48,股份佛山成品（固）
1010110101700,氯化钠,AR500g/瓶,AR,西化,瓶,226601,223707,1,0,0,2,12,9.6,13,直运仓
1010110101700,氯化钠,AR500g/瓶,AR,西化,瓶,226601,223707,1,0,0,2,12,9.6,40,直运2仓
1010110101700,氯化钠,AR500g/瓶,AR,西化,瓶,226601,223707,1,0,0,2,12,9.6,4,精细佛山仓
1010110101700,氯化钠,AR500g/瓶,AR,西化,瓶,226601,223707,1,0,0,2,12,9.6,2536,佛山天津仓
1010110101700,氯化钠,AR500g/瓶,AR,西化,瓶,226601,223707,1,0,0,2,12,9.6,133,沈阳虎石台仓
1010110101700,氯化钠,AR500g/瓶,AR,西化,瓶,226601,223707,1,0,0,2,12,9.6,9,汕头工厂仓
1010110101700,氯化钠,AR500g/瓶,AR,西化,瓶,226601,223707,1,0,0,2,12,9.6,57,股份成品仓（厂标)
1010110101700,氯化钠,AR500g/瓶,AR,西化,瓶,226601,223707,1,0,0,2,12,9.6,79,佛山西陇成品(固)
1010110101700,氯化钠,AR500g/瓶,AR,西化,瓶,226601,223707,1,0,0,2,12,9.6,85,四川小成品（固）
1010110101700,氯化钠,AR500g/瓶,AR,西化,瓶,226601,223707,1,0,0,2,12,9.6,75,zyc_sc
1010110101700,氯化钠,AR500g/瓶,AR,西化,瓶,226601,223707,1,0,0,2,12,9.6,90,成品库（NN）
1010110101700,氯化钠,AR500g/瓶,AR,西化,瓶,226601,223707,1,0,0,2,12,9.6,4476,平账仓
1010110101700,氯化钠,AR500g/瓶,AR,西化,瓶,226601,223707,1,0,0,2,12,9.6,4459,毛博士虎石台仓
1010110101700,氯化钠,AR500g/瓶,AR,西化,瓶,226601,223707,1,0,0,2,12,9.6,4481,冲单仓
1010110101700,氯化钠,AR500g/瓶,AR,西化,瓶,226601,223707,1,0,0,2,12,9.6,4473,冲单仓
1010110101700,氯化钠,AR500g/瓶,AR,西化,瓶,226601,223707,1,0,0,2,12,9.6,4459,毛博士虎石台仓
1010110101700,氯化钠,AR500g/瓶,AR,西化,瓶,230696,225754,1,0,0,2,12,9.6,28,平台仓
1010110101700,氯化钠,AR500g/瓶,AR,西化,瓶,230696,225754,1,0,0,2,12,9.6,1370,中基仓(上海仓)
1010110101700,氯化钠,AR500g/瓶,AR,西化,瓶,230696,225754,1,0,0,2,12,9.6,48,股份佛山成品（固）
1010110101700,氯化钠,AR500g/瓶,AR,西化,瓶,230696,225754,1,0,0,2,12,9.6,13,直运仓
1010110101700,氯化钠,AR500g/瓶,AR,西化,瓶,230696,225754,1,0,0,2,12,9.6,40,直运2仓
1010110101700,氯化钠,AR500g/瓶,AR,西化,瓶,230696,225754,1,0,0,2,12,9.6,4,精细佛山仓
1010110101700,氯化钠,AR500g/瓶,AR,西化,瓶,230696,225754,1,0,0,2,12,9.6,2536,佛山天津仓
1010110101700,氯化钠,AR500g/瓶,AR,西化,瓶,230696,225754,1,0,0,2,12,9.6,133,沈阳虎石台仓
1010110101700,氯化钠,AR500g/瓶,AR,西化,瓶,230696,225754,1,0,0,2,12,9.6,9,汕头工厂仓
1010110101700,氯化钠,AR500g/瓶,AR,西化,瓶,230696,225754,1,0,0,2,12,9.6,57,股份成品仓（厂标)
1010110101700,氯化钠,AR500g/瓶,AR,西化,瓶,230696,225754,1,0,0,2,12,9.6,79,佛山西陇成品(固)
1010110101700,氯化钠,AR500g/瓶,AR,西化,瓶,230696,225754,1,0,0,2,12,9.6,85,四川小成品（固）
1010110101700,氯化钠,AR500g/瓶,AR,西化,瓶,230696,225754,1,0,0,2,12,9.6,75,zyc_sc
1010110101700,氯化钠,AR500g/瓶,AR,西化,瓶,230696,225754,1,0,0,2,12,9.6,90,成品库（NN）
1010110101700,氯化钠,AR500g/瓶,AR,西化,瓶,230696,225754,1,0,0,2,12,9.6,4476,平账仓
1010110101700,氯化钠,AR500g/瓶,AR,西化,瓶,230696,225754,1,0,0,2,12,9.6,4459,毛博士虎石台仓
1010110101700,氯化钠,AR500g/瓶,AR,西化,瓶,230696,225754,1,0,0,2,12,9.6,4481,冲单仓
1010110101700,氯化钠,AR500g/瓶,AR,西化,瓶,230696,225754,1,0,0,2,12,9.6,4473,冲单仓
1010110101700,氯化钠,AR500g/瓶,AR,西化,瓶,230696,225754,1,0,0,2,12,9.6,4459,毛博士虎石台仓
1010110101700,氯化钠,AR500g/瓶,AR,西化,瓶,234791,227801,1,0,0,2,12,9.6,77,平台仓
1010110101700,氯化钠,AR500g/瓶,AR,西化,瓶,234791,227801,1,0,0,2,12,9.6,1370,中基仓(上海仓)
1010110101700,氯化钠,AR500g/瓶,AR,西化,瓶,234791,227801,1,0,0,2,12,9.6,48,股份佛山成品（固）
1010110101700,氯化钠,AR500g/瓶,AR,西化,瓶,234791,227801,1,0,0,2,12,9.6,13,直运仓
1010110101700,氯化钠,AR500g/瓶,AR,西化,瓶,234791,227801,1,0,0,2,12,9.6,40,直运2仓
1010110101700,氯化钠,AR500g/瓶,AR,西化,瓶,234791,227801,1,0,0,2,12,9.6,4,精细佛山仓
1010110101700,氯化钠,AR500g/瓶,AR,西化,瓶,234791,227801,1,0,0,2,12,9.6,2536,佛山天津仓
1010110101700,氯化钠,AR500g/瓶,AR,西化,瓶,234791,227801,1,0,0,2,12,9.6,133,沈阳虎石台仓
1010110101700,氯化钠,AR500g/瓶,AR,西化,瓶,234791,227801,1,0,0,2,12,9.6,9,汕头工厂仓
1010110101700,氯化钠,AR500g/瓶,AR,西化,瓶,234791,227801,1,0,0,2,12,9.6,57,股份成品仓（厂标)
1010110101700,氯化钠,AR500g/瓶,AR,西化,瓶,234791,227801,1,0,0,2,12,9.6,79,佛山西陇成品(固)
1010110101700,氯化钠,AR500g/瓶,AR,西化,瓶,234791,227801,1,0,0,2,12,9.6,85,四川小成品（固）
1010110101700,氯化钠,AR500g/瓶,AR,西化,瓶,234791,227801,1,0,0,2,12,9.6,75,zyc_sc
1010110101700,氯化钠,AR500g/瓶,AR,西化,瓶,234791,227801,1,0,0,2,12,9.6,90,成品库（NN）
1010110101700,氯化钠,AR500g/瓶,AR,西化,瓶,234791,227801,1,0,0,2,12,9.6,4476,平账仓
1010110101700,氯化钠,AR500g/瓶,AR,西化,瓶,234791,227801,1,0,0,2,12,9.6,4459,毛博士虎石台仓
1010110101700,氯化钠,AR500g/瓶,AR,西化,瓶,234791,227801,1,0,0,2,12,9.6,4481,冲单仓
1010110101700,氯化钠,AR500g/瓶,AR,西化,瓶,234791,227801,1,0,0,2,12,9.6,4473,冲单仓
1010110101700,氯化钠,AR500g/瓶,AR,西化,瓶,234791,227801,1,0,0,2,12,9.6,4459,毛博士虎石台仓
1280340101602,乙醇（无水乙醇）,AR500ml/塑瓶,,西化,瓶,1769,1769,1,4,0,2,0,9.52,17,平台佛山仓
1280340101602,乙醇（无水乙醇）,AR500ml/塑瓶,,西化,瓶,1769,1769,1,4,0,2,0,9.52,90,成品库（NN）
1280340101602,乙醇（无水乙醇）,AR500ml/塑瓶,,西化,瓶,1769,1769,1,4,0,2,0,9.52,4,精细佛山仓
1280340101602,乙醇（无水乙醇）,AR500ml/塑瓶,,西化,瓶,1769,1769,1,4,0,2,0,9.52,50,股份佛山成品（液）
1280340101602,乙醇（无水乙醇）,AR500ml/塑瓶,,西化,瓶,1769,1769,1,4,0,2,0,9.52,56,股份出口仓
1280340101602,乙醇（无水乙醇）,AR500ml/塑瓶,,西化,瓶,1769,1769,1,4,0,2,0,9.52,2536,佛山天津仓
1280340101602,乙醇（无水乙醇）,AR500ml/塑瓶,,西化,瓶,1769,1769,1,4,0,2,0,9.52,82,佛山外寄仓
1280340101602,乙醇（无水乙醇）,AR500ml/塑瓶,,西化,瓶,1769,1769,1,4,0,2,0,9.52,9,汕头工厂仓
1280340101602,乙醇（无水乙醇）,AR500ml/塑瓶,,西化,瓶,1769,1769,1,4,0,2,0,9.52,1370,中基仓(上海仓)
1280340101602,乙醇（无水乙醇）,AR500ml/塑瓶,,西化,瓶,1769,1769,1,4,0,2,0,9.52,278,甲类成品仓
1280340101602,乙醇（无水乙醇）,AR500ml/塑瓶,,西化,瓶,1769,1769,1,4,0,2,0,9.52,57,股份成品仓（厂标)
1280340101602,乙醇（无水乙醇）,AR500ml/塑瓶,,西化,瓶,1769,1769,1,4,0,2,0,9.52,2533,佛山成品（液）
1280340101602,乙醇（无水乙醇）,AR500ml/塑瓶,,西化,瓶,1769,1769,1,4,0,2,0,9.52,4481,冲单仓
1280340101602,乙醇（无水乙醇）,AR500ml/塑瓶,,西化,瓶,1769,1769,1,4,0,2,0,9.52,4476,平账仓
1280340101602,乙醇（无水乙醇）,AR500ml/塑瓶,,西化,瓶,1769,1769,1,4,0,2,0,9.52,4473,冲单仓
1280340101602,乙醇(无水乙醇),AR500ml/塑瓶,AR,西化,瓶,221710,221203,1,4,0,2,9,13.6,29,平台仓
1280340101602,乙醇(无水乙醇),AR500ml/塑瓶,AR,西化,瓶,221710,221203,1,4,0,2,9,13.6,91,平台实体仓
1280340101602,乙醇(无水乙醇),AR500ml/塑瓶,AR,西化,瓶,221710,221203,1,4,0,2,9,13.6,90,成品库（NN）
1280340101602,乙醇(无水乙醇),AR500ml/塑瓶,AR,西化,瓶,221710,221203,1,4,0,2,9,13.6,4,精细佛山仓
1280340101602,乙醇(无水乙醇),AR500ml/塑瓶,AR,西化,瓶,221710,221203,1,4,0,2,9,13.6,50,股份佛山成品（液）
1280340101602,乙醇(无水乙醇),AR500ml/塑瓶,AR,西化,瓶,221710,221203,1,4,0,2,9,13.6,56,股份出口仓
1280340101602,乙醇(无水乙醇),AR500ml/塑瓶,AR,西化,瓶,221710,221203,1,4,0,2,9,13.6,2536,佛山天津仓
1280340101602,乙醇(无水乙醇),AR500ml/塑瓶,AR,西化,瓶,221710,221203,1,4,0,2,9,13.6,82,佛山外寄仓
1280340101602,乙醇(无水乙醇),AR500ml/塑瓶,AR,西化,瓶,221710,221203,1,4,0,2,9,13.6,9,汕头工厂仓
1280340101602,乙醇(无水乙醇),AR500ml/塑瓶,AR,西化,瓶,221710,221203,1,4,0,2,9,13.6,1370,中基仓(上海仓)
1280340101602,乙醇(无水乙醇),AR500ml/塑瓶,AR,西化,瓶,221710,221203,1,4,0,2,9,13.6,278,甲类成品仓
1280340101602,乙醇(无水乙醇),AR500ml/塑瓶,AR,西化,瓶,221710,221203,1,4,0,2,9,13.6,57,股份成品仓（厂标)
1280340101602,乙醇(无水乙醇),AR500ml/塑瓶,AR,西化,瓶,221710,221203,1,4,0,2,9,13.6,2533,佛山成品（液）
1280340101602,乙醇(无水乙醇),AR500ml/塑瓶,AR,西化,瓶,221710,221203,1,4,0,2,9,13.6,4481,冲单仓
1280340101602,乙醇(无水乙醇),AR500ml/塑瓶,AR,西化,瓶,221710,221203,1,4,0,2,9,13.6,4476,平账仓
1280340101602,乙醇(无水乙醇),AR500ml/塑瓶,AR,西化,瓶,221710,221203,1,4,0,2,9,13.6,4473,冲单仓
1280340101602,乙醇(无水乙醇),AR500ml/塑瓶,AR,西化,瓶,225805,223250,1,4,0,2,9,13.6,30,平台仓
1280340101602,乙醇(无水乙醇),AR500ml/塑瓶,AR,西化,瓶,225805,223250,1,4,0,2,9,13.6,90,成品库（NN）
1280340101602,乙醇(无水乙醇),AR500ml/塑瓶,AR,西化,瓶,225805,223250,1,4,0,2,9,13.6,4,精细佛山仓
1280340101602,乙醇(无水乙醇),AR500ml/塑瓶,AR,西化,瓶,225805,223250,1,4,0,2,9,13.6,50,股份佛山成品（液）
1280340101602,乙醇(无水乙醇),AR500ml/塑瓶,AR,西化,瓶,225805,223250,1,4,0,2,9,13.6,56,股份出口仓
1280340101602,乙醇(无水乙醇),AR500ml/塑瓶,AR,西化,瓶,225805,223250,1,4,0,2,9,13.6,2536,佛山天津仓
1280340101602,乙醇(无水乙醇),AR500ml/塑瓶,AR,西化,瓶,225805,223250,1,4,0,2,9,13.6,82,佛山外寄仓
1280340101602,乙醇(无水乙醇),AR500ml/塑瓶,AR,西化,瓶,225805,223250,1,4,0,2,9,13.6,9,汕头工厂仓
1280340101602,乙醇(无水乙醇),AR500ml/塑瓶,AR,西化,瓶,225805,223250,1,4,0,2,9,13.6,1370,中基仓(上海仓)
1280340101602,乙醇(无水乙醇),AR500ml/塑瓶,AR,西化,瓶,225805,223250,1,4,0,2,9,13.6,278,甲类成品仓
1280340101602,乙醇(无水乙醇),AR500ml/塑瓶,AR,西化,瓶,225805,223250,1,4,0,2,9,13.6,57,股份成品仓（厂标)
1280340101602,乙醇(无水乙醇),AR500ml/塑瓶,AR,西化,瓶,225805,223250,1,4,0,2,9,13.6,2533,佛山成品（液）
1280340101602,乙醇(无水乙醇),AR500ml/塑瓶,AR,西化,瓶,225805,223250,1,4,0,2,9,13.6,4481,冲单仓
1280340101602,乙醇(无水乙醇),AR500ml/塑瓶,AR,西化,瓶,225805,223250,1,4,0,2,9,13.6,4476,平账仓
1280340101602,乙醇(无水乙醇),AR500ml/塑瓶,AR,西化,瓶,225805,223250,1,4,0,2,9,13.6,4473,冲单仓
1280340101602,乙醇(无水乙醇),AR500ml/塑瓶,AR,西化,瓶,229900,225297,1,4,0,2,9,13.6,28,平台仓
1280340101602,乙醇(无水乙醇),AR500ml/塑瓶,AR,西化,瓶,229900,225297,1,4,0,2,9,13.6,90,成品库（NN）
1280340101602,乙醇(无水乙醇),AR500ml/塑瓶,AR,西化,瓶,229900,225297,1,4,0,2,9,13.6,4,精细佛山仓
1280340101602,乙醇(无水乙醇),AR500ml/塑瓶,AR,西化,瓶,229900,225297,1,4,0,2,9,13.6,50,股份佛山成品（液）
1280340101602,乙醇(无水乙醇),AR500ml/塑瓶,AR,西化,瓶,229900,225297,1,4,0,2,9,13.6,56,股份出口仓
1280340101602,乙醇(无水乙醇),AR500ml/塑瓶,AR,西化,瓶,229900,225297,1,4,0,2,9,13.6,2536,佛山天津仓
1280340101602,乙醇(无水乙醇),AR500ml/塑瓶,AR,西化,瓶,229900,225297,1,4,0,2,9,13.6,82,佛山外寄仓
1280340101602,乙醇(无水乙醇),AR500ml/塑瓶,AR,西化,瓶,229900,225297,1,4,0,2,9,13.6,9,汕头工厂仓
1280340101602,乙醇(无水乙醇),AR500ml/塑瓶,AR,西化,瓶,229900,225297,1,4,0,2,9,13.6,1370,中基仓(上海仓)
1280340101602,乙醇(无水乙醇),AR500ml/塑瓶,AR,西化,瓶,229900,225297,1,4,0,2,9,13.6,278,甲类成品仓
1280340101602,乙醇(无水乙醇),AR500ml/塑瓶,AR,西化,瓶,229900,225297,1,4,0,2,9,13.6,57,股份成品仓（厂标)
1280340101602,乙醇(无水乙醇),AR500ml/塑瓶,AR,西化,瓶,229900,225297,1,4,0,2,9,13.6,2533,佛山成品（液）
1280340101602,乙醇(无水乙醇),AR500ml/塑瓶,AR,西化,瓶,229900,225297,1,4,0,2,9,13.6,4481,冲单仓
1280340101602,乙醇(无水乙醇),AR500ml/塑瓶,AR,西化,瓶,229900,225297,1,4,0,2,9,13.6,4476,平账仓
1280340101602,乙醇(无水乙醇),AR500ml/塑瓶,AR,西化,瓶,229900,225297,1,4,0,2,9,13.6,4473,冲单仓
1280340101602,乙醇(无水乙醇),AR500ml/塑瓶,AR,西化,瓶,233995,227344,1,4,0,2,9,13.6,77,平台仓
1280340101602,乙醇(无水乙醇),AR500ml/塑瓶,AR,西化,瓶,233995,227344,1,4,0,2,9,13.6,90,成品库（NN）
1280340101602,乙醇(无水乙醇),AR500ml/塑瓶,AR,西化,瓶,233995,227344,1,4,0,2,9,13.6,4,精细佛山仓
1280340101602,乙醇(无水乙醇),AR500ml/塑瓶,AR,西化,瓶,233995,227344,1,4,0,2,9,13.6,50,股份佛山成品（液）
1280340101602,乙醇(无水乙醇),AR500ml/塑瓶,AR,西化,瓶,233995,227344,1,4,0,2,9,13.6,56,股份出口仓
1280340101602,乙醇(无水乙醇),AR500ml/塑瓶,AR,西化,瓶,233995,227344,1,4,0,2,9,13.6,2536,佛山天津仓
1280340101602,乙醇(无水乙醇),AR500ml/塑瓶,AR,西化,瓶,233995,227344,1,4,0,2,9,13.6,82,佛山外寄仓
1280340101602,乙醇(无水乙醇),AR500ml/塑瓶,AR,西化,瓶,233995,227344,1,4,0,2,9,13.6,9,汕头工厂仓
1280340101602,乙醇(无水乙醇),AR500ml/塑瓶,AR,西化,瓶,233995,227344,1,4,0,2,9,13.6,1370,中基仓(上海仓)
1280340101602,乙醇(无水乙醇),AR500ml/塑瓶,AR,西化,瓶,233995,227344,1,4,0,2,9,13.6,278,甲类成品仓
1280340101602,乙醇(无水乙醇),AR500ml/塑瓶,AR,西化,瓶,233995,227344,1,4,0,2,9,13.6,57,股份成品仓（厂标)
1280340101602,乙醇(无水乙醇),AR500ml/塑瓶,AR,西化,瓶,233995,227344,1,4,0,2,9,13.6,2533,佛山成品（液）
1280340101602,乙醇(无水乙醇),AR500ml/塑瓶,AR,西化,瓶,233995,227344,1,4,0,2,9,13.6,4481,冲单仓
1280340101602,乙醇(无水乙醇),AR500ml/塑瓶,AR,西化,瓶,233995,227344,1,4,0,2,9,13.6,4476,平账仓
1280340101602,乙醇(无水乙醇),AR500ml/塑瓶,AR,西化,瓶,233995,227344,1,4,0,2,9,13.6,4473,冲单仓
1280340101602,乙醇（无水乙醇）,AR500ml/塑瓶,,西化,瓶,1769,1769,1,4,0,2,0,9.52,17,平台佛山仓
1280340101602,乙醇（无水乙醇）,AR500ml/塑瓶,,西化,瓶,1769,1769,1,4,0,2,0,9.52,90,成品库（NN）
1280340101602,乙醇（无水乙醇）,AR500ml/塑瓶,,西化,瓶,1769,1769,1,4,0,2,0,9.52,4,精细佛山仓
1280340101602,乙醇（无水乙醇）,AR500ml/塑瓶,,西化,瓶,1769,1769,1,4,0,2,0,9.52,50,股份佛山成品（液）
1280340101602,乙醇（无水乙醇）,AR500ml/塑瓶,,西化,瓶,1769,1769,1,4,0,2,0,9.52,56,股份出口仓
1280340101602,乙醇（无水乙醇）,AR500ml/塑瓶,,西化,瓶,1769,1769,1,4,0,2,0,9.52,2536,佛山天津仓
1280340101602,乙醇（无水乙醇）,AR500ml/塑瓶,,西化,瓶,1769,1769,1,4,0,2,0,9.52,82,佛山外寄仓
1280340101602,乙醇（无水乙醇）,AR500ml/塑瓶,,西化,瓶,1769,1769,1,4,0,2,0,9.52,9,汕头工厂仓
1280340101602,乙醇（无水乙醇）,AR500ml/塑瓶,,西化,瓶,1769,1769,1,4,0,2,0,9.52,1370,中基仓(上海仓)
1280340101602,乙醇（无水乙醇）,AR500ml/塑瓶,,西化,瓶,1769,1769,1,4,0,2,0,9.52,278,甲类成品仓
1280340101602,乙醇（无水乙醇）,AR500ml/塑瓶,,西化,瓶,1769,1769,1,4,0,2,0,9.52,57,股份成品仓（厂标)
1280340101602,乙醇（无水乙醇）,AR500ml/塑瓶,,西化,瓶,1769,1769,1,4,0,2,0,9.52,2533,佛山成品（液）
1280340101602,乙醇（无水乙醇）,AR500ml/塑瓶,,西化,瓶,1769,1769,1,4,0,2,0,9.52,4481,冲单仓
1280340101602,乙醇（无水乙醇）,AR500ml/塑瓶,,西化,瓶,1769,1769,1,4,0,2,0,9.52,4476,平账仓
1280340101602,乙醇（无水乙醇）,AR500ml/塑瓶,,西化,瓶,1769,1769,1,4,0,2,0,9.52,4473,冲单仓
1280340101602,乙醇(无水乙醇),AR500ml/塑瓶,AR,西化,瓶,221710,221203,1,4,0,2,9,13.6,29,平台仓
1280340101602,乙醇(无水乙醇),AR500ml/塑瓶,AR,西化,瓶,221710,221203,1,4,0,2,9,13.6,91,平台实体仓
1280340101602,乙醇(无水乙醇),AR500ml/塑瓶,AR,西化,瓶,221710,221203,1,4,0,2,9,13.6,90,成品库（NN）
1280340101602,乙醇(无水乙醇),AR500ml/塑瓶,AR,西化,瓶,221710,221203,1,4,0,2,9,13.6,4,精细佛山仓
1280340101602,乙醇(无水乙醇),AR500ml/塑瓶,AR,西化,瓶,221710,221203,1,4,0,2,9,13.6,50,股份佛山成品（液）
1280340101602,乙醇(无水乙醇),AR500ml/塑瓶,AR,西化,瓶,221710,221203,1,4,0,2,9,13.6,56,股份出口仓
1280340101602,乙醇(无水乙醇),AR500ml/塑瓶,AR,西化,瓶,221710,221203,1,4,0,2,9,13.6,2536,佛山天津仓
1280340101602,乙醇(无水乙醇),AR500ml/塑瓶,AR,西化,瓶,221710,221203,1,4,0,2,9,13.6,82,佛山外寄仓
1280340101602,乙醇(无水乙醇),AR500ml/塑瓶,AR,西化,瓶,221710,221203,1,4,0,2,9,13.6,9,汕头工厂仓
1280340101602,乙醇(无水乙醇),AR500ml/塑瓶,AR,西化,瓶,221710,221203,1,4,0,2,9,13.6,1370,中基仓(上海仓)
1280340101602,乙醇(无水乙醇),AR500ml/塑瓶,AR,西化,瓶,221710,221203,1,4,0,2,9,13.6,278,甲类成品仓
1280340101602,乙醇(无水乙醇),AR500ml/塑瓶,AR,西化,瓶,221710,221203,1,4,0,2,9,13.6,57,股份成品仓（厂标)
1280340101602,乙醇(无水乙醇),AR500ml/塑瓶,AR,西化,瓶,221710,221203,1,4,0,2,9,13.6,2533,佛山成品（液）
1280340101602,乙醇(无水乙醇),AR500ml/塑瓶,AR,西化,瓶,221710,221203,1,4,0,2,9,13.6,4481,冲单仓
1280340101602,乙醇(无水乙醇),AR500ml/塑瓶,AR,西化,瓶,221710,221203,1,4,0,2,9,13.6,4476,平账仓
1280340101602,乙醇(无水乙醇),AR500ml/塑瓶,AR,西化,瓶,221710,221203,1,4,0,2,9,13.6,4473,冲单仓
1280340101602,乙醇(无水乙醇),AR500ml/塑瓶,AR,西化,瓶,225805,223250,1,4,0,2,9,13.6,30,平台仓
1280340101602,乙醇(无水乙醇),AR500ml/塑瓶,AR,西化,瓶,225805,223250,1,4,0,2,9,13.6,90,成品库（NN）
1280340101602,乙醇(无水乙醇),AR500ml/塑瓶,AR,西化,瓶,225805,223250,1,4,0,2,9,13.6,4,精细佛山仓
1280340101602,乙醇(无水乙醇),AR500ml/塑瓶,AR,西化,瓶,225805,223250,1,4,0,2,9,13.6,50,股份佛山成品（液）
1280340101602,乙醇(无水乙醇),AR500ml/塑瓶,AR,西化,瓶,225805,223250,1,4,0,2,9,13.6,56,股份出口仓
1280340101602,乙醇(无水乙醇),AR500ml/塑瓶,AR,西化,瓶,225805,223250,1,4,0,2,9,13.6,2536,佛山天津仓
1280340101602,乙醇(无水乙醇),AR500ml/塑瓶,AR,西化,瓶,225805,223250,1,4,0,2,9,13.6,82,佛山外寄仓
1280340101602,乙醇(无水乙醇),AR500ml/塑瓶,AR,西化,瓶,225805,223250,1,4,0,2,9,13.6,9,汕头工厂仓
1280340101602,乙醇(无水乙醇),AR500ml/塑瓶,AR,西化,瓶,225805,223250,1,4,0,2,9,13.6,1370,中基仓(上海仓)
1280340101602,乙醇(无水乙醇),AR500ml/塑瓶,AR,西化,瓶,225805,223250,1,4,0,2,9,13.6,278,甲类成品仓
1280340101602,乙醇(无水乙醇),AR500ml/塑瓶,AR,西化,瓶,225805,223250,1,4,0,2,9,13.6,57,股份成品仓（厂标)
1280340101602,乙醇(无水乙醇),AR500ml/塑瓶,AR,西化,瓶,225805,223250,1,4,0,2,9,13.6,2533,佛山成品（液）
1280340101602,乙醇(无水乙醇),AR500ml/塑瓶,AR,西化,瓶,225805,223250,1,4,0,2,9,13.6,4481,冲单仓
1280340101602,乙醇(无水乙醇),AR500ml/塑瓶,AR,西化,瓶,225805,223250,1,4,0,2,9,13.6,4476,平账仓
1280340101602,乙醇(无水乙醇),AR500ml/塑瓶,AR,西化,瓶,225805,223250,1,4,0,2,9,13.6,4473,冲单仓
1280340101602,乙醇(无水乙醇),AR500ml/塑瓶,AR,西化,瓶,229900,225297,1,4,0,2,9,13.6,28,平台仓
1280340101602,乙醇(无水乙醇),AR500ml/塑瓶,AR,西化,瓶,229900,225297,1,4,0,2,9,13.6,90,成品库（NN）
1280340101602,乙醇(无水乙醇),AR500ml/塑瓶,AR,西化,瓶,229900,225297,1,4,0,2,9,13.6,4,精细佛山仓
1280340101602,乙醇(无水乙醇),AR500ml/塑瓶,AR,西化,瓶,229900,225297,1,4,0,2,9,13.6,50,股份佛山成品（液）
1280340101602,乙醇(无水乙醇),AR500ml/塑瓶,AR,西化,瓶,229900,225297,1,4,0,2,9,13.6,56,股份出口仓
1280340101602,乙醇(无水乙醇),AR500ml/塑瓶,AR,西化,瓶,229900,225297,1,4,0,2,9,13.6,2536,佛山天津仓
1280340101602,乙醇(无水乙醇),AR500ml/塑瓶,AR,西化,瓶,229900,225297,1,4,0,2,9,13.6,82,佛山外寄仓
1280340101602,乙醇(无水乙醇),AR500ml/塑瓶,AR,西化,瓶,229900,225297,1,4,0,2,9,13.6,9,汕头工厂仓
1280340101602,乙醇(无水乙醇),AR500ml/塑瓶,AR,西化,瓶,229900,225297,1,4,0,2,9,13.6,1370,中基仓(上海仓)
1280340101602,乙醇(无水乙醇),AR500ml/塑瓶,AR,西化,瓶,229900,225297,1,4,0,2,9,13.6,278,甲类成品仓
1280340101602,乙醇(无水乙醇),AR500ml/塑瓶,AR,西化,瓶,229900,225297,1,4,0,2,9,13.6,57,股份成品仓（厂标)
1280340101602,乙醇(无水乙醇),AR500ml/塑瓶,AR,西化,瓶,229900,225297,1,4,0,2,9,13.6,2533,佛山成品（液）
1280340101602,乙醇(无水乙醇),AR500ml/塑瓶,AR,西化,瓶,229900,225297,1,4,0,2,9,13.6,4481,冲单仓
1280340101602,乙醇(无水乙醇),AR500ml/塑瓶,AR,西化,瓶,229900,225297,1,4,0,2,9,13.6,4476,平账仓
1280340101602,乙醇(无水乙醇),AR500ml/塑瓶,AR,西化,瓶,229900,225297,1,4,0,2,9,13.6,4473,冲单仓
1280340101602,乙醇(无水乙醇),AR500ml/塑瓶,AR,西化,瓶,233995,227344,1,4,0,2,9,13.6,77,平台仓
1280340101602,乙醇(无水乙醇),AR500ml/塑瓶,AR,西化,瓶,233995,227344,1,4,0,2,9,13.6,90,成品库（NN）
1280340101602,乙醇(无水乙醇),AR500ml/塑瓶,AR,西化,瓶,233995,227344,1,4,0,2,9,13.6,4,精细佛山仓
1280340101602,乙醇(无水乙醇),AR500ml/塑瓶,AR,西化,瓶,233995,227344,1,4,0,2,9,13.6,50,股份佛山成品（液）
1280340101602,乙醇(无水乙醇),AR500ml/塑瓶,AR,西化,瓶,233995,227344,1,4,0,2,9,13.6,56,股份出口仓
1280340101602,乙醇(无水乙醇),AR500ml/塑瓶,AR,西化,瓶,233995,227344,1,4,0,2,9,13.6,2536,佛山天津仓
1280340101602,乙醇(无水乙醇),AR500ml/塑瓶,AR,西化,瓶,233995,227344,1,4,0,2,9,13.6,82,佛山外寄仓
1280340101602,乙醇(无水乙醇),AR500ml/塑瓶,AR,西化,瓶,233995,227344,1,4,0,2,9,13.6,9,汕头工厂仓
1280340101602,乙醇(无水乙醇),AR500ml/塑瓶,AR,西化,瓶,233995,227344,1,4,0,2,9,13.6,1370,中基仓(上海仓)
1280340101602,乙醇(无水乙醇),AR500ml/塑瓶,AR,西化,瓶,233995,227344,1,4,0,2,9,13.6,278,甲类成品仓
1280340101602,乙醇(无水乙醇),AR500ml/塑瓶,AR,西化,瓶,233995,227344,1,4,0,2,9,13.6,57,股份成品仓（厂标)
1280340101602,乙醇(无水乙醇),AR500ml/塑瓶,AR,西化,瓶,233995,227344,1,4,0,2,9,13.6,2533,佛山成品（液）
1280340101602,乙醇(无水乙醇),AR500ml/塑瓶,AR,西化,瓶,233995,227344,1,4,0,2,9,13.6,4481,冲单仓
1280340101602,乙醇(无水乙醇),AR500ml/塑瓶,AR,西化,瓶,233995,227344,1,4,0,2,9,13.6,4476,平账仓
1280340101602,乙醇(无水乙醇),AR500ml/塑瓶,AR,西化,瓶,233995,227344,1,4,0,2,9,13.6,4473,冲单仓
1410030201700,硅胶（含变色指示剂）,CP500g/瓶,,西化,瓶,1209,1209,1,0,0,2,0,18.1,17,平台佛山仓
1410030201700,硅胶（含变色指示剂）,CP500g/瓶,,西化,瓶,1209,1209,1,0,0,2,0,18.1,1370,中基仓(上海仓)
1410030201700,硅胶（含变色指示剂）,CP500g/瓶,,西化,瓶,1209,1209,1,0,0,2,0,18.1,57,股份成品仓（厂标)
1410030201700,硅胶（含变色指示剂）,CP500g/瓶,,西化,瓶,1209,1209,1,0,0,2,0,18.1,90,成品库（NN）
1410030201700,硅胶（含变色指示剂）,CP500g/瓶,,西化,瓶,1209,1209,1,0,0,2,0,18.1,2536,佛山天津仓
1410030201700,硅胶（含变色指示剂）,CP500g/瓶,,西化,瓶,1209,1209,1,0,0,2,0,18.1,79,佛山西陇成品(固)
1410030201700,硅胶（含变色指示剂）,CP500g/瓶,,西化,瓶,1209,1209,1,0,0,2,0,18.1,56,股份出口仓
1410030201700,硅胶（含变色指示剂）,CP500g/瓶,,西化,瓶,1209,1209,1,0,0,2,0,18.1,52,汕头直运仓
1410030201700,硅胶（含变色指示剂）,CP500g/瓶,,西化,瓶,1209,1209,1,0,0,2,0,18.1,85,四川小成品（固）
1410030201700,硅胶（含变色指示剂）,CP500g/瓶,,西化,瓶,1209,1209,1,0,0,2,0,18.1,4,精细佛山仓
1410030201700,硅胶（含变色指示剂）,CP500g/瓶,,西化,瓶,1209,1209,1,0,0,2,0,18.1,75,zyc_sc
1410030201700,硅胶（含变色指示剂）,CP500g/瓶,,西化,瓶,1209,1209,1,0,0,2,0,18.1,48,股份佛山成品（固）
1410030201700,硅胶（含变色指示剂）,CP500g/瓶,,西化,瓶,1209,1209,1,0,0,2,0,18.1,4473,冲单仓
1410030201700,硅胶(含变色指示剂),CP500g/瓶,CP,西化,瓶,222762,492285,1,0,0,2,0,25.8,29,平台仓
1410030201700,硅胶(含变色指示剂),CP500g/瓶,CP,西化,瓶,222762,492285,1,0,0,2,0,25.8,91,平台实体仓
1410030201700,硅胶(含变色指示剂),CP500g/瓶,CP,西化,瓶,222762,492285,1,0,0,2,0,25.8,1370,中基仓(上海仓)
1410030201700,硅胶(含变色指示剂),CP500g/瓶,CP,西化,瓶,222762,492285,1,0,0,2,0,25.8,57,股份成品仓（厂标)
1410030201700,硅胶(含变色指示剂),CP500g/瓶,CP,西化,瓶,222762,492285,1,0,0,2,0,25.8,90,成品库（NN）
1410030201700,硅胶(含变色指示剂),CP500g/瓶,CP,西化,瓶,222762,492285,1,0,0,2,0,25.8,2536,佛山天津仓
1410030201700,硅胶(含变色指示剂),CP500g/瓶,CP,西化,瓶,222762,492285,1,0,0,2,0,25.8,79,佛山西陇成品(固)
1410030201700,硅胶(含变色指示剂),CP500g/瓶,CP,西化,瓶,222762,492285,1,0,0,2,0,25.8,56,股份出口仓
1410030201700,硅胶(含变色指示剂),CP500g/瓶,CP,西化,瓶,222762,492285,1,0,0,2,0,25.8,52,汕头直运仓
1410030201700,硅胶(含变色指示剂),CP500g/瓶,CP,西化,瓶,222762,492285,1,0,0,2,0,25.8,85,四川小成品（固）
1410030201700,硅胶(含变色指示剂),CP500g/瓶,CP,西化,瓶,222762,492285,1,0,0,2,0,25.8,4,精细佛山仓
1410030201700,硅胶(含变色指示剂),CP500g/瓶,CP,西化,瓶,222762,492285,1,0,0,2,0,25.8,75,zyc_sc
1410030201700,硅胶(含变色指示剂),CP500g/瓶,CP,西化,瓶,222762,492285,1,0,0,2,0,25.8,48,股份佛山成品（固）
1410030201700,硅胶(含变色指示剂),CP500g/瓶,CP,西化,瓶,222762,492285,1,0,0,2,0,25.8,4473,冲单仓
1410030201700,硅胶(含变色指示剂),CP500g/瓶,CP,西化,瓶,226857,499205,1,0,0,2,0,25.8,30,平台仓
1410030201700,硅胶(含变色指示剂),CP500g/瓶,CP,西化,瓶,226857,499205,1,0,0,2,0,25.8,1370,中基仓(上海仓)
1410030201700,硅胶(含变色指示剂),CP500g/瓶,CP,西化,瓶,226857,499205,1,0,0,2,0,25.8,57,股份成品仓（厂标)
1410030201700,硅胶(含变色指示剂),CP500g/瓶,CP,西化,瓶,226857,499205,1,0,0,2,0,25.8,90,成品库（NN）
1410030201700,硅胶(含变色指示剂),CP500g/瓶,CP,西化,瓶,226857,499205,1,0,0,2,0,25.8,2536,佛山天津仓
1410030201700,硅胶(含变色指示剂),CP500g/瓶,CP,西化,瓶,226857,499205,1,0,0,2,0,25.8,79,佛山西陇成品(固)
1410030201700,硅胶(含变色指示剂),CP500g/瓶,CP,西化,瓶,226857,499205,1,0,0,2,0,25.8,56,股份出口仓
1410030201700,硅胶(含变色指示剂),CP500g/瓶,CP,西化,瓶,226857,499205,1,0,0,2,0,25.8,52,汕头直运仓
1410030201700,硅胶(含变色指示剂),CP500g/瓶,CP,西化,瓶,226857,499205,1,0,0,2,0,25.8,85,四川小成品（固）
1410030201700,硅胶(含变色指示剂),CP500g/瓶,CP,西化,瓶,226857,499205,1,0,0,2,0,25.8,4,精细佛山仓
1410030201700,硅胶(含变色指示剂),CP500g/瓶,CP,西化,瓶,226857,499205,1,0,0,2,0,25.8,75,zyc_sc
1410030201700,硅胶(含变色指示剂),CP500g/瓶,CP,西化,瓶,226857,499205,1,0,0,2,0,25.8,48,股份佛山成品（固）
1410030201700,硅胶(含变色指示剂),CP500g/瓶,CP,西化,瓶,226857,499205,1,0,0,2,0,25.8,4473,冲单仓
1410030201700,硅胶(含变色指示剂),CP500g/瓶,CP,西化,瓶,230952,500105,1,0,0,2,0,25.8,28,平台仓
1410030201700,硅胶(含变色指示剂),CP500g/瓶,CP,西化,瓶,230952,500105,1,0,0,2,0,25.8,1370,中基仓(上海仓)
1410030201700,硅胶(含变色指示剂),CP500g/瓶,CP,西化,瓶,230952,500105,1,0,0,2,0,25.8,57,股份成品仓（厂标)
1410030201700,硅胶(含变色指示剂),CP500g/瓶,CP,西化,瓶,230952,500105,1,0,0,2,0,25.8,90,成品库（NN）
1410030201700,硅胶(含变色指示剂),CP500g/瓶,CP,西化,瓶,230952,500105,1,0,0,2,0,25.8,2536,佛山天津仓
1410030201700,硅胶(含变色指示剂),CP500g/瓶,CP,西化,瓶,230952,500105,1,0,0,2,0,25.8,79,佛山西陇成品(固)
1410030201700,硅胶(含变色指示剂),CP500g/瓶,CP,西化,瓶,230952,500105,1,0,0,2,0,25.8,56,股份出口仓
1410030201700,硅胶(含变色指示剂),CP500g/瓶,CP,西化,瓶,230952,500105,1,0,0,2,0,25.8,52,汕头直运仓
1410030201700,硅胶(含变色指示剂),CP500g/瓶,CP,西化,瓶,230952,500105,1,0,0,2,0,25.8,85,四川小成品（固）
1410030201700,硅胶(含变色指示剂),CP500g/瓶,CP,西化,瓶,230952,500105,1,0,0,2,0,25.8,4,精细佛山仓
1410030201700,硅胶(含变色指示剂),CP500g/瓶,CP,西化,瓶,230952,500105,1,0,0,2,0,25.8,75,zyc_sc
1410030201700,硅胶(含变色指示剂),CP500g/瓶,CP,西化,瓶,230952,500105,1,0,0,2,0,25.8,48,股份佛山成品（固）
1410030201700,硅胶(含变色指示剂),CP500g/瓶,CP,西化,瓶,230952,500105,1,0,0,2,0,25.8,4473,冲单仓
1410030201700,硅胶(含变色指示剂),CP500g/瓶,CP,西化,瓶,235047,501016,1,0,0,2,0,25.8,77,平台仓
1410030201700,硅胶(含变色指示剂),CP500g/瓶,CP,西化,瓶,235047,501016,1,0,0,2,0,25.8,1370,中基仓(上海仓)
1410030201700,硅胶(含变色指示剂),CP500g/瓶,CP,西化,瓶,235047,501016,1,0,0,2,0,25.8,57,股份成品仓（厂标)
1410030201700,硅胶(含变色指示剂),CP500g/瓶,CP,西化,瓶,235047,501016,1,0,0,2,0,25.8,90,成品库（NN）
1410030201700,硅胶(含变色指示剂),CP500g/瓶,CP,西化,瓶,235047,501016,1,0,0,2,0,25.8,2536,佛山天津仓
1410030201700,硅胶(含变色指示剂),CP500g/瓶,CP,西化,瓶,235047,501016,1,0,0,2,0,25.8,79,佛山西陇成品(固)
1410030201700,硅胶(含变色指示剂),CP500g/瓶,CP,西化,瓶,235047,501016,1,0,0,2,0,25.8,56,股份出口仓
1410030201700,硅胶(含变色指示剂),CP500g/瓶,CP,西化,瓶,235047,501016,1,0,0,2,0,25.8,52,汕头直运仓
1410030201700,硅胶(含变色指示剂),CP500g/瓶,CP,西化,瓶,235047,501016,1,0,0,2,0,25.8,85,四川小成品（固）
1410030201700,硅胶(含变色指示剂),CP500g/瓶,CP,西化,瓶,235047,501016,1,0,0,2,0,25.8,4,精细佛山仓
1410030201700,硅胶(含变色指示剂),CP500g/瓶,CP,西化,瓶,235047,501016,1,0,0,2,0,25.8,75,zyc_sc
1410030201700,硅胶(含变色指示剂),CP500g/瓶,CP,西化,瓶,235047,501016,1,0,0,2,0,25.8,48,股份佛山成品（固）
1410030201700,硅胶(含变色指示剂),CP500g/瓶,CP,西化,瓶,235047,501016,1,0,0,2,0,25.8,4473,冲单仓
1260140101700,过硫酸铵,AR500g/瓶,,西化,瓶,1214,1214,1,4,0,2,0,9.9,17,平台佛山仓
1260140101700,过硫酸铵,AR500g/瓶,,西化,瓶,1214,1214,1,4,0,2,0,9.9,34,平台汕头仓
1260140101700,过硫酸铵,AR500g/瓶,,西化,瓶,1214,1214,1,4,0,2,0,9.9,56,股份出口仓
1260140101700,过硫酸铵,AR500g/瓶,,西化,瓶,1214,1214,1,4,0,2,0,9.9,57,股份成品仓（厂标)
1260140101700,过硫酸铵,AR500g/瓶,,西化,瓶,1214,1214,1,4,0,2,0,9.9,2536,佛山天津仓
1260140101700,过硫酸铵,AR500g/瓶,,西化,瓶,1214,1214,1,4,0,2,0,9.9,1370,中基仓(上海仓)
1260140101700,过硫酸铵,AR500g/瓶,,西化,瓶,1214,1214,1,4,0,2,0,9.9,48,股份佛山成品（固）
1260140101700,过硫酸铵,AR500g/瓶,,西化,瓶,1214,1214,1,4,0,2,0,9.9,85,四川小成品（固）
1260140101700,过硫酸铵,AR500g/瓶,,西化,瓶,1214,1214,1,4,0,2,0,9.9,4,精细佛山仓
1260140101700,过硫酸铵,AR500g/瓶,,西化,瓶,1214,1214,1,4,0,2,0,9.9,82,佛山外寄仓
1260140101700,过硫酸铵,AR500g/瓶,,西化,瓶,1214,1214,1,4,0,2,0,9.9,278,甲类成品仓
1260140101700,过硫酸铵,AR500g/瓶,,西化,瓶,1214,1214,1,4,0,2,0,9.9,2996,佛山仓库
1260140101700,过硫酸铵,AR500g/瓶,,西化,瓶,1214,1214,1,4,0,2,0,9.9,79,佛山西陇成品(固)
1260140101700,过硫酸铵,AR500g/瓶,,西化,瓶,1214,1214,1,4,0,2,0,9.9,50,股份佛山成品（液）
1260140101700,过硫酸铵,AR500g/瓶,,西化,瓶,1214,1214,1,4,0,2,0,9.9,90,成品库（NN）
1260140101700,过硫酸铵,AR500g/瓶,,西化,瓶,1214,1214,1,4,0,2,0,9.9,4481,冲单仓
1260140101700,过硫酸铵,AR500g/瓶,,西化,瓶,1214,1214,1,4,0,2,0,9.9,4476,平账仓
1260140101700,过硫酸铵,AR500g/瓶,AR,西化,瓶,223192,222039,1,4,0,2,7,14.2,29,平台仓
1260140101700,过硫酸铵,AR500g/瓶,AR,西化,瓶,223192,222039,1,4,0,2,7,14.2,56,股份出口仓
1260140101700,过硫酸铵,AR500g/瓶,AR,西化,瓶,223192,222039,1,4,0,2,7,14.2,57,股份成品仓（厂标)
1260140101700,过硫酸铵,AR500g/瓶,AR,西化,瓶,223192,222039,1,4,0,2,7,14.2,2536,佛山天津仓
1260140101700,过硫酸铵,AR500g/瓶,AR,西化,瓶,223192,222039,1,4,0,2,7,14.2,1370,中基仓(上海仓)
1260140101700,过硫酸铵,AR500g/瓶,AR,西化,瓶,223192,222039,1,4,0,2,7,14.2,48,股份佛山成品（固）
1260140101700,过硫酸铵,AR500g/瓶,AR,西化,瓶,223192,222039,1,4,0,2,7,14.2,85,四川小成品（固）
1260140101700,过硫酸铵,AR500g/瓶,AR,西化,瓶,223192,222039,1,4,0,2,7,14.2,4,精细佛山仓
1260140101700,过硫酸铵,AR500g/瓶,AR,西化,瓶,223192,222039,1,4,0,2,7,14.2,82,佛山外寄仓
1260140101700,过硫酸铵,AR500g/瓶,AR,西化,瓶,223192,222039,1,4,0,2,7,14.2,278,甲类成品仓
1260140101700,过硫酸铵,AR500g/瓶,AR,西化,瓶,223192,222039,1,4,0,2,7,14.2,2996,佛山仓库
1260140101700,过硫酸铵,AR500g/瓶,AR,西化,瓶,223192,222039,1,4,0,2,7,14.2,79,佛山西陇成品(固)
1260140101700,过硫酸铵,AR500g/瓶,AR,西化,瓶,223192,222039,1,4,0,2,7,14.2,50,股份佛山成品（液）
1260140101700,过硫酸铵,AR500g/瓶,AR,西化,瓶,223192,222039,1,4,0,2,7,14.2,90,成品库（NN）
1260140101700,过硫酸铵,AR500g/瓶,AR,西化,瓶,223192,222039,1,4,0,2,7,14.2,4481,冲单仓
1260140101700,过硫酸铵,AR500g/瓶,AR,西化,瓶,223192,222039,1,4,0,2,7,14.2,4476,平账仓
1260140101700,过硫酸铵,AR500g/瓶,AR,西化,瓶,227287,224086,1,4,0,2,7,14.2,30,平台仓
1260140101700,过硫酸铵,AR500g/瓶,AR,西化,瓶,227287,224086,1,4,0,2,7,14.2,56,股份出口仓
1260140101700,过硫酸铵,AR500g/瓶,AR,西化,瓶,227287,224086,1,4,0,2,7,14.2,57,股份成品仓（厂标)
1260140101700,过硫酸铵,AR500g/瓶,AR,西化,瓶,227287,224086,1,4,0,2,7,14.2,2536,佛山天津仓
1260140101700,过硫酸铵,AR500g/瓶,AR,西化,瓶,227287,224086,1,4,0,2,7,14.2,1370,中基仓(上海仓)
1260140101700,过硫酸铵,AR500g/瓶,AR,西化,瓶,227287,224086,1,4,0,2,7,14.2,48,股份佛山成品（固）
1260140101700,过硫酸铵,AR500g/瓶,AR,西化,瓶,227287,224086,1,4,0,2,7,14.2,85,四川小成品（固）
1260140101700,过硫酸铵,AR500g/瓶,AR,西化,瓶,227287,224086,1,4,0,2,7,14.2,4,精细佛山仓
1260140101700,过硫酸铵,AR500g/瓶,AR,西化,瓶,227287,224086,1,4,0,2,7,14.2,82,佛山外寄仓
1260140101700,过硫酸铵,AR500g/瓶,AR,西化,瓶,227287,224086,1,4,0,2,7,14.2,278,甲类成品仓
1260140101700,过硫酸铵,AR500g/瓶,AR,西化,瓶,227287,224086,1,4,0,2,7,14.2,2996,佛山仓库
1260140101700,过硫酸铵,AR500g/瓶,AR,西化,瓶,227287,224086,1,4,0,2,7,14.2,79,佛山西陇成品(固)
1260140101700,过硫酸铵,AR500g/瓶,AR,西化,瓶,227287,224086,1,4,0,2,7,14.2,50,股份佛山成品（液）
1260140101700,过硫酸铵,AR500g/瓶,AR,西化,瓶,227287,224086,1,4,0,2,7,14.2,90,成品库（NN）
1260140101700,过硫酸铵,AR500g/瓶,AR,西化,瓶,227287,224086,1,4,0,2,7,14.2,4481,冲单仓
1260140101700,过硫酸铵,AR500g/瓶,AR,西化,瓶,227287,224086,1,4,0,2,7,14.2,4476,平账仓
1260140101700,过硫酸铵,AR500g/瓶,AR,西化,瓶,231382,226133,1,4,0,2,7,14.2,28,平台仓
1260140101700,过硫酸铵,AR500g/瓶,AR,西化,瓶,231382,226133,1,4,0,2,7,14.2,56,股份出口仓
1260140101700,过硫酸铵,AR500g/瓶,AR,西化,瓶,231382,226133,1,4,0,2,7,14.2,57,股份成品仓（厂标)
1260140101700,过硫酸铵,AR500g/瓶,AR,西化,瓶,231382,226133,1,4,0,2,7,14.2,2536,佛山天津仓
1260140101700,过硫酸铵,AR500g/瓶,AR,西化,瓶,231382,226133,1,4,0,2,7,14.2,1370,中基仓(上海仓)
1260140101700,过硫酸铵,AR500g/瓶,AR,西化,瓶,231382,226133,1,4,0,2,7,14.2,48,股份佛山成品（固）
1260140101700,过硫酸铵,AR500g/瓶,AR,西化,瓶,231382,226133,1,4,0,2,7,14.2,85,四川小成品（固）
1260140101700,过硫酸铵,AR500g/瓶,AR,西化,瓶,231382,226133,1,4,0,2,7,14.2,4,精细佛山仓
1260140101700,过硫酸铵,AR500g/瓶,AR,西化,瓶,231382,226133,1,4,0,2,7,14.2,82,佛山外寄仓
1260140101700,过硫酸铵,AR500g/瓶,AR,西化,瓶,231382,226133,1,4,0,2,7,14.2,278,甲类成品仓
1260140101700,过硫酸铵,AR500g/瓶,AR,西化,瓶,231382,226133,1,4,0,2,7,14.2,2996,佛山仓库
1260140101700,过硫酸铵,AR500g/瓶,AR,西化,瓶,231382,226133,1,4,0,2,7,14.2,79,佛山西陇成品(固)
1260140101700,过硫酸铵,AR500g/瓶,AR,西化,瓶,231382,226133,1,4,0,2,7,14.2,50,股份佛山成品（液）
1260140101700,过硫酸铵,AR500g/瓶,AR,西化,瓶,231382,226133,1,4,0,2,7,14.2,90,成品库（NN）
1260140101700,过硫酸铵,AR500g/瓶,AR,西化,瓶,231382,226133,1,4,0,2,7,14.2,4481,冲单仓
1260140101700,过硫酸铵,AR500g/瓶,AR,西化,瓶,231382,226133,1,4,0,2,7,14.2,4476,平账仓
1260140101700,过硫酸铵,AR500g/瓶,AR,西化,瓶,235477,228180,1,4,0,2,7,14.2,77,平台仓
1260140101700,过硫酸铵,AR500g/瓶,AR,西化,瓶,235477,228180,1,4,0,2,7,14.2,56,股份出口仓
1260140101700,过硫酸铵,AR500g/瓶,AR,西化,瓶,235477,228180,1,4,0,2,7,14.2,57,股份成品仓（厂标)
1260140101700,过硫酸铵,AR500g/瓶,AR,西化,瓶,235477,228180,1,4,0,2,7,14.2,2536,佛山天津仓
1260140101700,过硫酸铵,AR500g/瓶,AR,西化,瓶,235477,228180,1,4,0,2,7,14.2,1370,中基仓(上海仓)
1260140101700,过硫酸铵,AR500g/瓶,AR,西化,瓶,235477,228180,1,4,0,2,7,14.2,48,股份佛山成品（固）
1260140101700,过硫酸铵,AR500g/瓶,AR,西化,瓶,235477,228180,1,4,0,2,7,14.2,85,四川小成品（固）
1260140101700,过硫酸铵,AR500g/瓶,AR,西化,瓶,235477,228180,1,4,0,2,7,14.2,4,精细佛山仓
1260140101700,过硫酸铵,AR500g/瓶,AR,西化,瓶,235477,228180,1,4,0,2,7,14.2,82,佛山外寄仓
1260140101700,过硫酸铵,AR500g/瓶,AR,西化,瓶,235477,228180,1,4,0,2,7,14.2,278,甲类成品仓
1260140101700,过硫酸铵,AR500g/瓶,AR,西化,瓶,235477,228180,1,4,0,2,7,14.2,2996,佛山仓库
1260140101700,过硫酸铵,AR500g/瓶,AR,西化,瓶,235477,228180,1,4,0,2,7,14.2,79,佛山西陇成品(固)
1260140101700,过硫酸铵,AR500g/瓶,AR,西化,瓶,235477,228180,1,4,0,2,7,14.2,50,股份佛山成品（液）
1260140101700,过硫酸铵,AR500g/瓶,AR,西化,瓶,235477,228180,1,4,0,2,7,14.2,90,成品库（NN）
1260140101700,过硫酸铵,AR500g/瓶,AR,西化,瓶,235477,228180,1,4,0,2,7,14.2,4481,冲单仓
1260140101700,过硫酸铵,AR500g/瓶,AR,西化,瓶,235477,228180,1,4,0,2,7,14.2,4476,平账仓
1010590104202,十二水合磷酸氢二钠（磷酸氢二钠）,AR25kg/桶;,,西化,KG,1550,1550,25,0,0,2,0,19.2,17,平台佛山仓
1010590104202,十二水合磷酸氢二钠（磷酸氢二钠）,AR25kg/桶;,,西化,KG,1550,1550,25,0,0,2,0,19.2,40,直运2仓
1010590104202,十二水合磷酸氢二钠（磷酸氢二钠）,AR25kg/桶;,,西化,KG,1550,1550,25,0,0,2,0,19.2,1370,中基仓(上海仓)
1010590104202,十二水合磷酸氢二钠（磷酸氢二钠）,AR25kg/桶;,,西化,KG,1550,1550,25,0,0,2,0,19.2,81,佛山西陇成品(二)
1010590104202,十二水合磷酸氢二钠（磷酸氢二钠）,AR25kg/桶;,,西化,KG,1550,1550,25,0,0,2,0,19.2,58,股份成品库（二）
1010590104202,十二水合磷酸氢二钠（磷酸氢二钠）,AR25kg/桶;,,西化,KG,1550,1550,25,0,0,2,0,19.2,4,精细佛山仓
1010590104202,十二水合磷酸氢二钠（磷酸氢二钠）,AR25kg/桶;,,西化,KG,1550,1550,25,0,0,2,0,19.2,2536,佛山天津仓
1010590104202,十二水合磷酸氢二钠（磷酸氢二钠）,AR25kg/桶;,,西化,KG,1550,1550,25,0,0,2,0,19.2,9,汕头工厂仓
1010590104202,十二水合磷酸氢二钠（磷酸氢二钠）,AR25kg/桶;,,西化,KG,1550,1550,25,0,0,2,0,19.2,49,股份佛山成品（二）
1010590104202,十二水合磷酸氢二钠（磷酸氢二钠）,AR25kg/桶;,,西化,KG,1550,1550,25,0,0,2,0,19.2,4473,冲单仓
1010590104202,十二水合磷酸氢二钠(磷酸氢二钠),AR25kg/桶,AR,西化,KG,222007,491932,25,0,0,2,0,27.4,29,平台仓
1010590104202,十二水合磷酸氢二钠(磷酸氢二钠),AR25kg/桶,AR,西化,KG,222007,491932,25,0,0,2,0,27.4,40,直运2仓
1010590104202,十二水合磷酸氢二钠(磷酸氢二钠),AR25kg/桶,AR,西化,KG,222007,491932,25,0,0,2,0,27.4,1370,中基仓(上海仓)
1010590104202,十二水合磷酸氢二钠(磷酸氢二钠),AR25kg/桶,AR,西化,KG,222007,491932,25,0,0,2,0,27.4,81,佛山西陇成品(二)
1010590104202,十二水合磷酸氢二钠(磷酸氢二钠),AR25kg/桶,AR,西化,KG,222007,491932,25,0,0,2,0,27.4,58,股份成品库（二）
1010590104202,十二水合磷酸氢二钠(磷酸氢二钠),AR25kg/桶,AR,西化,KG,222007,491932,25,0,0,2,0,27.4,4,精细佛山仓
1010590104202,十二水合磷酸氢二钠(磷酸氢二钠),AR25kg/桶,AR,西化,KG,222007,491932,25,0,0,2,0,27.4,2536,佛山天津仓
1010590104202,十二水合磷酸氢二钠(磷酸氢二钠),AR25kg/桶,AR,西化,KG,222007,491932,25,0,0,2,0,27.4,9,汕头工厂仓
1010590104202,十二水合磷酸氢二钠(磷酸氢二钠),AR25kg/桶,AR,西化,KG,222007,491932,25,0,0,2,0,27.4,49,股份佛山成品（二）
1010590104202,十二水合磷酸氢二钠(磷酸氢二钠),AR25kg/桶,AR,西化,KG,222007,491932,25,0,0,2,0,27.4,4473,冲单仓
1010590104202,十二水合磷酸氢二钠(磷酸氢二钠),AR25kg/桶,AR,西化,KG,226102,498856,25,0,0,2,0,27.4,30,平台仓
1010590104202,十二水合磷酸氢二钠(磷酸氢二钠),AR25kg/桶,AR,西化,KG,226102,498856,25,0,0,2,0,27.4,40,直运2仓
1010590104202,十二水合磷酸氢二钠(磷酸氢二钠),AR25kg/桶,AR,西化,KG,226102,498856,25,0,0,2,0,27.4,1370,中基仓(上海仓)
1010590104202,十二水合磷酸氢二钠(磷酸氢二钠),AR25kg/桶,AR,西化,KG,226102,498856,25,0,0,2,0,27.4,81,佛山西陇成品(二)
1010590104202,十二水合磷酸氢二钠(磷酸氢二钠),AR25kg/桶,AR,西化,KG,226102,498856,25,0,0,2,0,27.4,58,股份成品库（二）
1010590104202,十二水合磷酸氢二钠(磷酸氢二钠),AR25kg/桶,AR,西化,KG,226102,498856,25,0,0,2,0,27.4,4,精细佛山仓
1010590104202,十二水合磷酸氢二钠(磷酸氢二钠),AR25kg/桶,AR,西化,KG,226102,498856,25,0,0,2,0,27.4,2536,佛山天津仓
1010590104202,十二水合磷酸氢二钠(磷酸氢二钠),AR25kg/桶,AR,西化,KG,226102,498856,25,0,0,2,0,27.4,9,汕头工厂仓
1010590104202,十二水合磷酸氢二钠(磷酸氢二钠),AR25kg/桶,AR,西化,KG,226102,498856,25,0,0,2,0,27.4,49,股份佛山成品（二）
1010590104202,十二水合磷酸氢二钠(磷酸氢二钠),AR25kg/桶,AR,西化,KG,226102,498856,25,0,0,2,0,27.4,4473,冲单仓
1010590104202,十二水合磷酸氢二钠(磷酸氢二钠),AR25kg/桶,AR,西化,KG,230197,499764,25,0,0,2,0,27.4,28,平台仓
1010590104202,十二水合磷酸氢二钠(磷酸氢二钠),AR25kg/桶,AR,西化,KG,230197,499764,25,0,0,2,0,27.4,40,直运2仓
1010590104202,十二水合磷酸氢二钠(磷酸氢二钠),AR25kg/桶,AR,西化,KG,230197,499764,25,0,0,2,0,27.4,1370,中基仓(上海仓)
1010590104202,十二水合磷酸氢二钠(磷酸氢二钠),AR25kg/桶,AR,西化,KG,230197,499764,25,0,0,2,0,27.4,81,佛山西陇成品(二)
1010590104202,十二水合磷酸氢二钠(磷酸氢二钠),AR25kg/桶,AR,西化,KG,230197,499764,25,0,0,2,0,27.4,58,股份成品库（二）
1010590104202,十二水合磷酸氢二钠(磷酸氢二钠),AR25kg/桶,AR,西化,KG,230197,499764,25,0,0,2,0,27.4,4,精细佛山仓
1010590104202,十二水合磷酸氢二钠(磷酸氢二钠),AR25kg/桶,AR,西化,KG,230197,499764,25,0,0,2,0,27.4,2536,佛山天津仓
1010590104202,十二水合磷酸氢二钠(磷酸氢二钠),AR25kg/桶,AR,西化,KG,230197,499764,25,0,0,2,0,27.4,9,汕头工厂仓
1010590104202,十二水合磷酸氢二钠(磷酸氢二钠),AR25kg/桶,AR,西化,KG,230197,499764,25,0,0,2,0,27.4,49,股份佛山成品（二）
1010590104202,十二水合磷酸氢二钠(磷酸氢二钠),AR25kg/桶,AR,西化,KG,230197,499764,25,0,0,2,0,27.4,4473,冲单仓
1010590104202,十二水合磷酸氢二钠(磷酸氢二钠),AR25kg/桶,AR,西化,KG,234292,500663,25,0,0,2,0,27.4,77,平台仓
1010590104202,十二水合磷酸氢二钠(磷酸氢二钠),AR25kg/桶,AR,西化,KG,234292,500663,25,0,0,2,0,27.4,40,直运2仓
1010590104202,十二水合磷酸氢二钠(磷酸氢二钠),AR25kg/桶,AR,西化,KG,234292,500663,25,0,0,2,0,27.4,1370,中基仓(上海仓)
1010590104202,十二水合磷酸氢二钠(磷酸氢二钠),AR25kg/桶,AR,西化,KG,234292,500663,25,0,0,2,0,27.4,81,佛山西陇成品(二)
1010590104202,十二水合磷酸氢二钠(磷酸氢二钠),AR25kg/桶,AR,西化,KG,234292,500663,25,0,0,2,0,27.4,58,股份成品库（二）
1010590104202,十二水合磷酸氢二钠(磷酸氢二钠),AR25kg/桶,AR,西化,KG,234292,500663,25,0,0,2,0,27.4,4,精细佛山仓
1010590104202,十二水合磷酸氢二钠(磷酸氢二钠),AR25kg/桶,AR,西化,KG,234292,500663,25,0,0,2,0,27.4,2536,佛山天津仓
1010590104202,十二水合磷酸氢二钠(磷酸氢二钠),AR25kg/桶,AR,西化,KG,234292,500663,25,0,0,2,0,27.4,9,汕头工厂仓
1010590104202,十二水合磷酸氢二钠(磷酸氢二钠),AR25kg/桶,AR,西化,KG,234292,500663,25,0,0,2,0,27.4,49,股份佛山成品（二）
1010590104202,十二水合磷酸氢二钠(磷酸氢二钠),AR25kg/桶,AR,西化,KG,234292,500663,25,0,0,2,0,27.4,4473,冲单仓
2280180700100,丙三醇（甘油）,散水,食品级,金光,KG,261439,253448,1,0,0,1,0,10.2,22,上海期货仓
2280180700100,丙三醇（甘油）,散水,食品级,金光,KG,261439,253448,1,0,0,1,0,10.2,2,穗杰新仓
2280180700100,丙三醇（甘油）,散水,食品级,金光,KG,261439,253448,1,0,0,1,0,10.2,13,直运仓
2280180700100,丙三醇（甘油）,散水,食品级,金光,KG,261439,253448,1,0,0,1,0,10.2,40,直运2仓
2280180700100,丙三醇（甘油）,散水,食品级,金光,KG,261439,253448,1,0,0,1,0,10.2,41,合恒仓
2280180700100,丙三醇（甘油）,散水,食品级,金光,KG,261439,253448,1,0,0,1,0,10.2,4462,智配云1仓
2280180700100,丙三醇(甘油)(印尼金光)(散水),FA散水,,印尼金光,KG,263945,256097,1,0,0,2,0,5.0,29,平台仓
2280180700100,丙三醇(甘油)(印尼金光)(散水),FA散水,,印尼金光,KG,263945,256097,1,0,0,2,0,5.0,2,穗杰新仓
2280180700100,丙三醇(甘油)(印尼金光)(散水),FA散水,,印尼金光,KG,263945,256097,1,0,0,2,0,5.0,13,直运仓
2280180700100,丙三醇(甘油)(印尼金光)(散水),FA散水,,印尼金光,KG,263945,256097,1,0,0,2,0,5.0,40,直运2仓
2280180700100,丙三醇(甘油)(印尼金光)(散水),FA散水,,印尼金光,KG,263945,256097,1,0,0,2,0,5.0,41,合恒仓
2280180700100,丙三醇(甘油)(印尼金光)(散水),FA散水,,印尼金光,KG,263945,256097,1,0,0,2,0,5.0,4462,智配云1仓
2280180700100,丙三醇(甘油)(印尼金光)(散水),FA散水,,印尼金光,KG,263946,256098,1,0,0,2,0,5.0,30,平台仓
2280180700100,丙三醇(甘油)(印尼金光)(散水),FA散水,,印尼金光,KG,263946,256098,1,0,0,2,0,5.0,2,穗杰新仓
2280180700100,丙三醇(甘油)(印尼金光)(散水),FA散水,,印尼金光,KG,263946,256098,1,0,0,2,0,5.0,13,直运仓
2280180700100,丙三醇(甘油)(印尼金光)(散水),FA散水,,印尼金光,KG,263946,256098,1,0,0,2,0,5.0,40,直运2仓
2280180700100,丙三醇(甘油)(印尼金光)(散水),FA散水,,印尼金光,KG,263946,256098,1,0,0,2,0,5.0,41,合恒仓
2280180700100,丙三醇(甘油)(印尼金光)(散水),FA散水,,印尼金光,KG,263946,256098,1,0,0,2,0,5.0,4462,智配云1仓
2280180700100,丙三醇(甘油)(印尼金光)(散水),FA散水,,印尼金光,KG,263947,256099,1,0,0,2,0,5.0,28,平台仓
2280180700100,丙三醇(甘油)(印尼金光)(散水),FA散水,,印尼金光,KG,263947,256099,1,0,0,2,0,5.0,2,穗杰新仓
2280180700100,丙三醇(甘油)(印尼金光)(散水),FA散水,,印尼金光,KG,263947,256099,1,0,0,2,0,5.0,13,直运仓
2280180700100,丙三醇(甘油)(印尼金光)(散水),FA散水,,印尼金光,KG,263947,256099,1,0,0,2,0,5.0,40,直运2仓
2280180700100,丙三醇(甘油)(印尼金光)(散水),FA散水,,印尼金光,KG,263947,256099,1,0,0,2,0,5.0,41,合恒仓
2280180700100,丙三醇(甘油)(印尼金光)(散水),FA散水,,印尼金光,KG,263947,256099,1,0,0,2,0,5.0,4462,智配云1仓
2280180700100,丙三醇(甘油)(印尼金光)(散水),FA散水,,印尼金光,KG,263948,256100,1,0,0,2,0,5.0,77,平台仓
2280180700100,丙三醇(甘油)(印尼金光)(散水),FA散水,,印尼金光,KG,263948,256100,1,0,0,2,0,5.0,2,穗杰新仓
2280180700100,丙三醇(甘油)(印尼金光)(散水),FA散水,,印尼金光,KG,263948,256100,1,0,0,2,0,5.0,13,直运仓
2280180700100,丙三醇(甘油)(印尼金光)(散水),FA散水,,印尼金光,KG,263948,256100,1,0,0,2,0,5.0,40,直运2仓
2280180700100,丙三醇(甘油)(印尼金光)(散水),FA散水,,印尼金光,KG,263948,256100,1,0,0,2,0,5.0,41,合恒仓
2280180700100,丙三醇(甘油)(印尼金光)(散水),FA散水,,印尼金光,KG,263948,256100,1,0,0,2,0,5.0,4462,智配云1仓
2280250308102,异丙醇,165KG/桶(全新桶),工业级,其他,KG,10044,10045,165,4,0,1,0,8.2,21,广州期货仓
2280250308102,异丙醇,165KG/桶(全新桶),工业级,其他,KG,10044,10045,165,4,0,1,0,8.2,12,清远众望仓
2280250308102,异丙醇,165KG/桶(全新桶),工业级,其他,KG,10044,10045,165,4,0,1,0,8.2,13,直运仓
2280250308102,异丙醇,165KG/桶(全新桶),工业级,其他,KG,10044,10045,165,4,0,1,0,8.2,706,东莞和发仓
2280250308102,异丙醇,165KG/桶(全新桶),工业级,其他,KG,10044,10045,165,4,0,1,0,8.2,52,汕头直运仓
2280250308102,异丙醇,165KG/桶(全新桶),工业级,其他,KG,10044,10045,165,4,0,1,0,8.2,4451,百安仓
2280250308102,异丙醇,165KG/桶(全新桶),工业级,其他,KG,10044,10045,165,4,0,1,0,8.2,4473,冲单仓
2280250308102,异丙醇(全新桶),GY165kg/桶,,其他,KG,151577,151582,165,4,0,2,0,0.0,29,平台仓
2280250308102,异丙醇(全新桶),GY165kg/桶,,其他,KG,151577,151582,165,4,0,2,0,0.0,12,清远众望仓
2280250308102,异丙醇(全新桶),GY165kg/桶,,其他,KG,151577,151582,165,4,0,2,0,0.0,13,直运仓
2280250308102,异丙醇(全新桶),GY165kg/桶,,其他,KG,151577,151582,165,4,0,2,0,0.0,706,东莞和发仓
2280250308102,异丙醇(全新桶),GY165kg/桶,,其他,KG,151577,151582,165,4,0,2,0,0.0,52,汕头直运仓
2280250308102,异丙醇(全新桶),GY165kg/桶,,其他,KG,151577,151582,165,4,0,2,0,0.0,4451,百安仓
2280250308102,异丙醇(全新桶),GY165kg/桶,,其他,KG,151577,151582,165,4,0,2,0,0.0,4473,冲单仓
2280250308102,异丙醇(全新桶),GY165kg/桶,,其他,KG,151578,151583,165,4,0,2,0,0.0,30,平台仓
2280250308102,异丙醇(全新桶),GY165kg/桶,,其他,KG,151578,151583,165,4,0,2,0,0.0,12,清远众望仓
2280250308102,异丙醇(全新桶),GY165kg/桶,,其他,KG,151578,151583,165,4,0,2,0,0.0,13,直运仓
2280250308102,异丙醇(全新桶),GY165kg/桶,,其他,KG,151578,151583,165,4,0,2,0,0.0,706,东莞和发仓
2280250308102,异丙醇(全新桶),GY165kg/桶,,其他,KG,151578,151583,165,4,0,2,0,0.0,52,汕头直运仓
2280250308102,异丙醇(全新桶),GY165kg/桶,,其他,KG,151578,151583,165,4,0,2,0,0.0,4451,百安仓
2280250308102,异丙醇(全新桶),GY165kg/桶,,其他,KG,151578,151583,165,4,0,2,0,0.0,4473,冲单仓
2280250308102,异丙醇(全新桶),GY165kg/桶,,其他,KG,151579,151584,165,4,0,2,0,0.0,28,平台仓
2280250308102,异丙醇(全新桶),GY165kg/桶,,其他,KG,151579,151584,165,4,0,2,0,0.0,12,清远众望仓
2280250308102,异丙醇(全新桶),GY165kg/桶,,其他,KG,151579,151584,165,4,0,2,0,0.0,13,直运仓
2280250308102,异丙醇(全新桶),GY165kg/桶,,其他,KG,151579,151584,165,4,0,2,0,0.0,706,东莞和发仓
2280250308102,异丙醇(全新桶),GY165kg/桶,,其他,KG,151579,151584,165,4,0,2,0,0.0,52,汕头直运仓
2280250308102,异丙醇(全新桶),GY165kg/桶,,其他,KG,151579,151584,165,4,0,2,0,0.0,4451,百安仓
2280250308102,异丙醇(全新桶),GY165kg/桶,,其他,KG,151579,151584,165,4,0,2,0,0.0,4473,冲单仓
2280250308102,异丙醇(全新桶),GY165kg/桶,,其他,KG,151580,151585,165,4,0,2,0,0.0,77,平台仓
2280250308102,异丙醇(全新桶),GY165kg/桶,,其他,KG,151580,151585,165,4,0,2,0,0.0,12,清远众望仓
2280250308102,异丙醇(全新桶),GY165kg/桶,,其他,KG,151580,151585,165,4,0,2,0,0.0,13,直运仓
2280250308102,异丙醇(全新桶),GY165kg/桶,,其他,KG,151580,151585,165,4,0,2,0,0.0,706,东莞和发仓
2280250308102,异丙醇(全新桶),GY165kg/桶,,其他,KG,151580,151585,165,4,0,2,0,0.0,52,汕头直运仓
2280250308102,异丙醇(全新桶),GY165kg/桶,,其他,KG,151580,151585,165,4,0,2,0,0.0,4451,百安仓
2280250308102,异丙醇(全新桶),GY165kg/桶,,其他,KG,151580,151585,165,4,0,2,0,0.0,4473,冲单仓
1280340101601,乙醇（无水乙醇）,AR500ml/玻瓶,,西化,瓶,1768,1768,1,4,0,2,0,9.8,17,平台佛山仓
1280340101601,乙醇（无水乙醇）,AR500ml/玻瓶,,西化,瓶,1768,1768,1,4,0,2,0,9.8,2536,佛山天津仓
1280340101601,乙醇（无水乙醇）,AR500ml/玻瓶,,西化,瓶,1768,1768,1,4,0,2,0,9.8,13,直运仓
1280340101601,乙醇（无水乙醇）,AR500ml/玻瓶,,西化,瓶,1768,1768,1,4,0,2,0,9.8,57,股份成品仓（厂标)
1280340101601,乙醇（无水乙醇）,AR500ml/玻瓶,,西化,瓶,1768,1768,1,4,0,2,0,9.8,278,甲类成品仓
1280340101601,乙醇（无水乙醇）,AR500ml/玻瓶,,西化,瓶,1768,1768,1,4,0,2,0,9.8,50,股份佛山成品（液）
1280340101601,乙醇（无水乙醇）,AR500ml/玻瓶,,西化,瓶,1768,1768,1,4,0,2,0,9.8,4,精细佛山仓
1280340101601,乙醇（无水乙醇）,AR500ml/玻瓶,,西化,瓶,1768,1768,1,4,0,2,0,9.8,82,佛山外寄仓
1280340101601,乙醇（无水乙醇）,AR500ml/玻瓶,,西化,瓶,1768,1768,1,4,0,2,0,9.8,2996,佛山仓库
1280340101601,乙醇（无水乙醇）,AR500ml/玻瓶,,西化,瓶,1768,1768,1,4,0,2,0,9.8,1370,中基仓(上海仓)
1280340101601,乙醇（无水乙醇）,AR500ml/玻瓶,,西化,瓶,1768,1768,1,4,0,2,0,9.8,2996,佛山仓库
1280340101601,乙醇（无水乙醇）,AR500ml/玻瓶,,西化,瓶,1768,1768,1,4,0,2,0,9.8,90,成品库（NN）
1280340101601,乙醇（无水乙醇）,AR500ml/玻瓶,,西化,瓶,1768,1768,1,4,0,2,0,9.8,4481,冲单仓
1280340101601,乙醇（无水乙醇）,AR500ml/玻瓶,,西化,瓶,1768,1768,1,4,0,2,0,9.8,4473,冲单仓
1280340101601,乙醇(无水乙醇),AR500ml/玻瓶,AR,西化,瓶,221709,491823,1,4,0,2,0,14.0,29,平台仓
1280340101601,乙醇(无水乙醇),AR500ml/玻瓶,AR,西化,瓶,221709,491823,1,4,0,2,0,14.0,91,平台实体仓
1280340101601,乙醇(无水乙醇),AR500ml/玻瓶,AR,西化,瓶,221709,491823,1,4,0,2,0,14.0,2536,佛山天津仓
1280340101601,乙醇(无水乙醇),AR500ml/玻瓶,AR,西化,瓶,221709,491823,1,4,0,2,0,14.0,13,直运仓
1280340101601,乙醇(无水乙醇),AR500ml/玻瓶,AR,西化,瓶,221709,491823,1,4,0,2,0,14.0,57,股份成品仓（厂标)
1280340101601,乙醇(无水乙醇),AR500ml/玻瓶,AR,西化,瓶,221709,491823,1,4,0,2,0,14.0,278,甲类成品仓
1280340101601,乙醇(无水乙醇),AR500ml/玻瓶,AR,西化,瓶,221709,491823,1,4,0,2,0,14.0,50,股份佛山成品（液）
1280340101601,乙醇(无水乙醇),AR500ml/玻瓶,AR,西化,瓶,221709,491823,1,4,0,2,0,14.0,4,精细佛山仓
1280340101601,乙醇(无水乙醇),AR500ml/玻瓶,AR,西化,瓶,221709,491823,1,4,0,2,0,14.0,82,佛山外寄仓
1280340101601,乙醇(无水乙醇),AR500ml/玻瓶,AR,西化,瓶,221709,491823,1,4,0,2,0,14.0,2996,佛山仓库
1280340101601,乙醇(无水乙醇),AR500ml/玻瓶,AR,西化,瓶,221709,491823,1,4,0,2,0,14.0,1370,中基仓(上海仓)
1280340101601,乙醇(无水乙醇),AR500ml/玻瓶,AR,西化,瓶,221709,491823,1,4,0,2,0,14.0,2996,佛山仓库
1280340101601,乙醇(无水乙醇),AR500ml/玻瓶,AR,西化,瓶,221709,491823,1,4,0,2,0,14.0,90,成品库（NN）
1280340101601,乙醇(无水乙醇),AR500ml/玻瓶,AR,西化,瓶,221709,491823,1,4,0,2,0,14.0,4481,冲单仓
1280340101601,乙醇(无水乙醇),AR500ml/玻瓶,AR,西化,瓶,221709,491823,1,4,0,2,0,14.0,4473,冲单仓
1280340101601,乙醇(无水乙醇),AR500ml/玻瓶,AR,西化,瓶,225804,498748,1,4,0,2,0,14.0,30,平台仓
1280340101601,乙醇(无水乙醇),AR500ml/玻瓶,AR,西化,瓶,225804,498748,1,4,0,2,0,14.0,2536,佛山天津仓
1280340101601,乙醇(无水乙醇),AR500ml/玻瓶,AR,西化,瓶,225804,498748,1,4,0,2,0,14.0,13,直运仓
1280340101601,乙醇(无水乙醇),AR500ml/玻瓶,AR,西化,瓶,225804,498748,1,4,0,2,0,14.0,57,股份成品仓（厂标)
1280340101601,乙醇(无水乙醇),AR500ml/玻瓶,AR,西化,瓶,225804,498748,1,4,0,2,0,14.0,278,甲类成品仓
1280340101601,乙醇(无水乙醇),AR500ml/玻瓶,AR,西化,瓶,225804,498748,1,4,0,2,0,14.0,50,股份佛山成品（液）
1280340101601,乙醇(无水乙醇),AR500ml/玻瓶,AR,西化,瓶,225804,498748,1,4,0,2,0,14.0,4,精细佛山仓
1280340101601,乙醇(无水乙醇),AR500ml/玻瓶,AR,西化,瓶,225804,498748,1,4,0,2,0,14.0,82,佛山外寄仓
1280340101601,乙醇(无水乙醇),AR500ml/玻瓶,AR,西化,瓶,225804,498748,1,4,0,2,0,14.0,2996,佛山仓库
1280340101601,乙醇(无水乙醇),AR500ml/玻瓶,AR,西化,瓶,225804,498748,1,4,0,2,0,14.0,1370,中基仓(上海仓)
1280340101601,乙醇(无水乙醇),AR500ml/玻瓶,AR,西化,瓶,225804,498748,1,4,0,2,0,14.0,2996,佛山仓库
1280340101601,乙醇(无水乙醇),AR500ml/玻瓶,AR,西化,瓶,225804,498748,1,4,0,2,0,14.0,90,成品库（NN）
1280340101601,乙醇(无水乙醇),AR500ml/玻瓶,AR,西化,瓶,225804,498748,1,4,0,2,0,14.0,4481,冲单仓
1280340101601,乙醇(无水乙醇),AR500ml/玻瓶,AR,西化,瓶,225804,498748,1,4,0,2,0,14.0,4473,冲单仓
1280340101601,乙醇(无水乙醇),AR500ml/玻瓶,AR,西化,瓶,229899,499656,1,4,0,2,0,14.0,28,平台仓
1280340101601,乙醇(无水乙醇),AR500ml/玻瓶,AR,西化,瓶,229899,499656,1,4,0,2,0,14.0,2536,佛山天津仓
1280340101601,乙醇(无水乙醇),AR500ml/玻瓶,AR,西化,瓶,229899,499656,1,4,0,2,0,14.0,13,直运仓
1280340101601,乙醇(无水乙醇),AR500ml/玻瓶,AR,西化,瓶,229899,499656,1,4,0,2,0,14.0,57,股份成品仓（厂标)
1280340101601,乙醇(无水乙醇),AR500ml/玻瓶,AR,西化,瓶,229899,499656,1,4,0,2,0,14.0,278,甲类成品仓
1280340101601,乙醇(无水乙醇),AR500ml/玻瓶,AR,西化,瓶,229899,499656,1,4,0,2,0,14.0,50,股份佛山成品（液）
1280340101601,乙醇(无水乙醇),AR500ml/玻瓶,AR,西化,瓶,229899,499656,1,4,0,2,0,14.0,4,精细佛山仓
1280340101601,乙醇(无水乙醇),AR500ml/玻瓶,AR,西化,瓶,229899,499656,1,4,0,2,0,14.0,82,佛山外寄仓
1280340101601,乙醇(无水乙醇),AR500ml/玻瓶,AR,西化,瓶,229899,499656,1,4,0,2,0,14.0,2996,佛山仓库
1280340101601,乙醇(无水乙醇),AR500ml/玻瓶,AR,西化,瓶,229899,499656,1,4,0,2,0,14.0,1370,中基仓(上海仓)
1280340101601,乙醇(无水乙醇),AR500ml/玻瓶,AR,西化,瓶,229899,499656,1,4,0,2,0,14.0,2996,佛山仓库
1280340101601,乙醇(无水乙醇),AR500ml/玻瓶,AR,西化,瓶,229899,499656,1,4,0,2,0,14.0,90,成品库（NN）
1280340101601,乙醇(无水乙醇),AR500ml/玻瓶,AR,西化,瓶,229899,499656,1,4,0,2,0,14.0,4481,冲单仓
1280340101601,乙醇(无水乙醇),AR500ml/玻瓶,AR,西化,瓶,229899,499656,1,4,0,2,0,14.0,4473,冲单仓
1280340101601,乙醇(无水乙醇),AR500ml/玻瓶,AR,西化,瓶,233994,500551,1,4,0,2,0,14.0,77,平台仓
1280340101601,乙醇(无水乙醇),AR500ml/玻瓶,AR,西化,瓶,233994,500551,1,4,0,2,0,14.0,2536,佛山天津仓
1280340101601,乙醇(无水乙醇),AR500ml/玻瓶,AR,西化,瓶,233994,500551,1,4,0,2,0,14.0,13,直运仓
1280340101601,乙醇(无水乙醇),AR500ml/玻瓶,AR,西化,瓶,233994,500551,1,4,0,2,0,14.0,57,股份成品仓（厂标)
1280340101601,乙醇(无水乙醇),AR500ml/玻瓶,AR,西化,瓶,233994,500551,1,4,0,2,0,14.0,278,甲类成品仓
1280340101601,乙醇(无水乙醇),AR500ml/玻瓶,AR,西化,瓶,233994,500551,1,4,0,2,0,14.0,50,股份佛山成品（液）
1280340101601,乙醇(无水乙醇),AR500ml/玻瓶,AR,西化,瓶,233994,500551,1,4,0,2,0,14.0,4,精细佛山仓
1280340101601,乙醇(无水乙醇),AR500ml/玻瓶,AR,西化,瓶,233994,500551,1,4,0,2,0,14.0,82,佛山外寄仓
1280340101601,乙醇(无水乙醇),AR500ml/玻瓶,AR,西化,瓶,233994,500551,1,4,0,2,0,14.0,2996,佛山仓库
1280340101601,乙醇(无水乙醇),AR500ml/玻瓶,AR,西化,瓶,233994,500551,1,4,0,2,0,14.0,1370,中基仓(上海仓)
1280340101601,乙醇(无水乙醇),AR500ml/玻瓶,AR,西化,瓶,233994,500551,1,4,0,2,0,14.0,2996,佛山仓库
1280340101601,乙醇(无水乙醇),AR500ml/玻瓶,AR,西化,瓶,233994,500551,1,4,0,2,0,14.0,90,成品库（NN）
1280340101601,乙醇(无水乙醇),AR500ml/玻瓶,AR,西化,瓶,233994,500551,1,4,0,2,0,14.0,4481,冲单仓
1280340101601,乙醇(无水乙醇),AR500ml/玻瓶,AR,西化,瓶,233994,500551,1,4,0,2,0,14.0,4473,冲单仓
1280010106100,乙醇（95%）,AR20kg/桶,,西化,KG,1764,1764,20,4,0,2,0,18.34,17,平台佛山仓
1280010106100,乙醇（95%）,AR20kg/桶,,西化,KG,1764,1764,20,4,0,2,0,18.34,58,股份成品库（二）
1280010106100,乙醇（95%）,AR20kg/桶,,西化,KG,1764,1764,20,4,0,2,0,18.34,49,股份佛山成品（二）
1280010106100,乙醇（95%）,AR20kg/桶,,西化,KG,1764,1764,20,4,0,2,0,18.34,64,四川大成品（液）
1280010106100,乙醇（95%）,AR20kg/桶,,西化,KG,1764,1764,20,4,0,2,0,18.34,81,佛山西陇成品(二)
1280010106100,乙醇（95%）,AR20kg/桶,,西化,KG,1764,1764,20,4,0,2,0,18.34,2536,佛山天津仓
1280010106100,乙醇（95%）,AR20kg/桶,,西化,KG,1764,1764,20,4,0,2,0,18.34,1370,中基仓(上海仓)
1280010106100,乙醇（95%）,AR20kg/桶,,西化,KG,1764,1764,20,4,0,2,0,18.34,4,精细佛山仓
1280010106100,乙醇（95%）,AR20kg/桶,,西化,KG,1764,1764,20,4,0,2,0,18.34,4481,冲单仓
1280010106100,乙醇（95%）,AR20kg/桶,,西化,KG,1764,1764,20,4,0,2,0,18.34,4473,冲单仓
1280010106100,乙醇（95%）,AR20kg/桶,,西化,KG,1764,1764,20,4,0,2,0,18.34,4467,甲乙液体成品(大)
1280010106100,乙醇(95%),AR20kg/桶,AR,西化,KG,221704,491819,20,4,0,2,0,26.2,29,平台仓
1280010106100,乙醇(95%),AR20kg/桶,AR,西化,KG,221704,491819,20,4,0,2,0,26.2,91,平台实体仓
1280010106100,乙醇(95%),AR20kg/桶,AR,西化,KG,221704,491819,20,4,0,2,0,26.2,58,股份成品库（二）
1280010106100,乙醇(95%),AR20kg/桶,AR,西化,KG,221704,491819,20,4,0,2,0,26.2,49,股份佛山成品（二）
1280010106100,乙醇(95%),AR20kg/桶,AR,西化,KG,221704,491819,20,4,0,2,0,26.2,64,四川大成品（液）
1280010106100,乙醇(95%),AR20kg/桶,AR,西化,KG,221704,491819,20,4,0,2,0,26.2,81,佛山西陇成品(二)
1280010106100,乙醇(95%),AR20kg/桶,AR,西化,KG,221704,491819,20,4,0,2,0,26.2,2536,佛山天津仓
1280010106100,乙醇(95%),AR20kg/桶,AR,西化,KG,221704,491819,20,4,0,2,0,26.2,1370,中基仓(上海仓)
1280010106100,乙醇(95%),AR20kg/桶,AR,西化,KG,221704,491819,20,4,0,2,0,26.2,4,精细佛山仓
1280010106100,乙醇(95%),AR20kg/桶,AR,西化,KG,221704,491819,20,4,0,2,0,26.2,4481,冲单仓
1280010106100,乙醇(95%),AR20kg/桶,AR,西化,KG,221704,491819,20,4,0,2,0,26.2,4473,冲单仓
1280010106100,乙醇(95%),AR20kg/桶,AR,西化,KG,221704,491819,20,4,0,2,0,26.2,4467,甲乙液体成品(大)
1280010106100,乙醇(95%),AR20kg/桶,AR,西化,KG,225799,498744,20,4,0,2,0,26.2,30,平台仓
1280010106100,乙醇(95%),AR20kg/桶,AR,西化,KG,225799,498744,20,4,0,2,0,26.2,58,股份成品库（二）
1280010106100,乙醇(95%),AR20kg/桶,AR,西化,KG,225799,498744,20,4,0,2,0,26.2,49,股份佛山成品（二）
1280010106100,乙醇(95%),AR20kg/桶,AR,西化,KG,225799,498744,20,4,0,2,0,26.2,64,四川大成品（液）
1280010106100,乙醇(95%),AR20kg/桶,AR,西化,KG,225799,498744,20,4,0,2,0,26.2,81,佛山西陇成品(二)
1280010106100,乙醇(95%),AR20kg/桶,AR,西化,KG,225799,498744,20,4,0,2,0,26.2,2536,佛山天津仓
1280010106100,乙醇(95%),AR20kg/桶,AR,西化,KG,225799,498744,20,4,0,2,0,26.2,1370,中基仓(上海仓)
1280010106100,乙醇(95%),AR20kg/桶,AR,西化,KG,225799,498744,20,4,0,2,0,26.2,4,精细佛山仓
1280010106100,乙醇(95%),AR20kg/桶,AR,西化,KG,225799,498744,20,4,0,2,0,26.2,4481,冲单仓
1280010106100,乙醇(95%),AR20kg/桶,AR,西化,KG,225799,498744,20,4,0,2,0,26.2,4473,冲单仓
1280010106100,乙醇(95%),AR20kg/桶,AR,西化,KG,225799,498744,20,4,0,2,0,26.2,4467,甲乙液体成品(大)
1280010106100,乙醇(95%),AR20kg/桶,AR,西化,KG,229894,499652,20,4,0,2,0,26.2,28,平台仓
1280010106100,乙醇(95%),AR20kg/桶,AR,西化,KG,229894,499652,20,4,0,2,0,26.2,58,股份成品库（二）
1280010106100,乙醇(95%),AR20kg/桶,AR,西化,KG,229894,499652,20,4,0,2,0,26.2,49,股份佛山成品（二）
1280010106100,乙醇(95%),AR20kg/桶,AR,西化,KG,229894,499652,20,4,0,2,0,26.2,64,四川大成品（液）
1280010106100,乙醇(95%),AR20kg/桶,AR,西化,KG,229894,499652,20,4,0,2,0,26.2,81,佛山西陇成品(二)
1280010106100,乙醇(95%),AR20kg/桶,AR,西化,KG,229894,499652,20,4,0,2,0,26.2,2536,佛山天津仓
1280010106100,乙醇(95%),AR20kg/桶,AR,西化,KG,229894,499652,20,4,0,2,0,26.2,1370,中基仓(上海仓)
1280010106100,乙醇(95%),AR20kg/桶,AR,西化,KG,229894,499652,20,4,0,2,0,26.2,4,精细佛山仓
1280010106100,乙醇(95%),AR20kg/桶,AR,西化,KG,229894,499652,20,4,0,2,0,26.2,4481,冲单仓
1280010106100,乙醇(95%),AR20kg/桶,AR,西化,KG,229894,499652,20,4,0,2,0,26.2,4473,冲单仓
1280010106100,乙醇(95%),AR20kg/桶,AR,西化,KG,229894,499652,20,4,0,2,0,26.2,4467,甲乙液体成品(大)
1280010106100,乙醇(95%),AR20kg/桶,AR,西化,KG,233989,500547,20,4,0,2,0,26.2,77,平台仓
1280010106100,乙醇(95%),AR20kg/桶,AR,西化,KG,233989,500547,20,4,0,2,0,26.2,58,股份成品库（二）
1280010106100,乙醇(95%),AR20kg/桶,AR,西化,KG,233989,500547,20,4,0,2,0,26.2,49,股份佛山成品（二）
1280010106100,乙醇(95%),AR20kg/桶,AR,西化,KG,233989,500547,20,4,0,2,0,26.2,64,四川大成品（液）
1280010106100,乙醇(95%),AR20kg/桶,AR,西化,KG,233989,500547,20,4,0,2,0,26.2,81,佛山西陇成品(二)
1280010106100,乙醇(95%),AR20kg/桶,AR,西化,KG,233989,500547,20,4,0,2,0,26.2,2536,佛山天津仓
1280010106100,乙醇(95%),AR20kg/桶,AR,西化,KG,233989,500547,20,4,0,2,0,26.2,1370,中基仓(上海仓)
1280010106100,乙醇(95%),AR20kg/桶,AR,西化,KG,233989,500547,20,4,0,2,0,26.2,4,精细佛山仓
1280010106100,乙醇(95%),AR20kg/桶,AR,西化,KG,233989,500547,20,4,0,2,0,26.2,4481,冲单仓
1280010106100,乙醇(95%),AR20kg/桶,AR,西化,KG,233989,500547,20,4,0,2,0,26.2,4473,冲单仓
1280010106100,乙醇(95%),AR20kg/桶,AR,西化,KG,233989,500547,20,4,0,2,0,26.2,4467,甲乙液体成品(大)
1260180104700,氨水,AR2500ml/瓶,AR,西化,瓶,222485,492160,1,4,0,2,0,30.0,29,平台仓
1260180104700,氨水,AR2500ml/瓶,AR,西化,瓶,222485,492160,1,4,0,2,0,30.0,91,平台实体仓
1260180104700,氨水,AR2500ml/瓶,AR,西化,瓶,222485,492160,1,4,0,2,0,30.0,80,佛山西陇成品(液)
1260180104700,氨水,AR2500ml/瓶,AR,西化,瓶,222485,492160,1,4,0,2,0,30.0,2536,佛山天津仓
1260180104700,氨水,AR2500ml/瓶,AR,西化,瓶,222485,492160,1,4,0,2,0,30.0,57,股份成品仓（厂标)
1260180104700,氨水,AR2500ml/瓶,AR,西化,瓶,222485,492160,1,4,0,2,0,30.0,1370,中基仓(上海仓)
1260180104700,氨水,AR2500ml/瓶,AR,西化,瓶,222485,492160,1,4,0,2,0,30.0,50,股份佛山成品（液）
1260180104700,氨水,AR2500ml/瓶,AR,西化,瓶,222485,492160,1,4,0,2,0,30.0,4473,冲单仓
1260180104700,氨水,AR2500ml/瓶,AR,西化,瓶,222485,492160,1,4,0,2,0,30.0,4470,京汕仓库
1260180104700,氨水,AR2500ml/瓶,AR,西化,瓶,222485,492160,1,4,0,2,0,30.0,4476,平账仓
1260180104700,氨水,AR2500ml/瓶,AR,西化,瓶,226580,499076,1,4,0,2,0,30.0,30,平台仓
1260180104700,氨水,AR2500ml/瓶,AR,西化,瓶,226580,499076,1,4,0,2,0,30.0,80,佛山西陇成品(液)
1260180104700,氨水,AR2500ml/瓶,AR,西化,瓶,226580,499076,1,4,0,2,0,30.0,2536,佛山天津仓
1260180104700,氨水,AR2500ml/瓶,AR,西化,瓶,226580,499076,1,4,0,2,0,30.0,57,股份成品仓（厂标)
1260180104700,氨水,AR2500ml/瓶,AR,西化,瓶,226580,499076,1,4,0,2,0,30.0,1370,中基仓(上海仓)
1260180104700,氨水,AR2500ml/瓶,AR,西化,瓶,226580,499076,1,4,0,2,0,30.0,50,股份佛山成品（液）
1260180104700,氨水,AR2500ml/瓶,AR,西化,瓶,226580,499076,1,4,0,2,0,30.0,4473,冲单仓
1260180104700,氨水,AR2500ml/瓶,AR,西化,瓶,226580,499076,1,4,0,2,0,30.0,4470,京汕仓库
1260180104700,氨水,AR2500ml/瓶,AR,西化,瓶,226580,499076,1,4,0,2,0,30.0,4476,平账仓
1260180104700,氨水,AR2500ml/瓶,AR,西化,瓶,230675,499976,1,4,0,2,0,30.0,28,平台仓
1260180104700,氨水,AR2500ml/瓶,AR,西化,瓶,230675,499976,1,4,0,2,0,30.0,80,佛山西陇成品(液)
1260180104700,氨水,AR2500ml/瓶,AR,西化,瓶,230675,499976,1,4,0,2,0,30.0,2536,佛山天津仓
1260180104700,氨水,AR2500ml/瓶,AR,西化,瓶,230675,499976,1,4,0,2,0,30.0,57,股份成品仓（厂标)
1260180104700,氨水,AR2500ml/瓶,AR,西化,瓶,230675,499976,1,4,0,2,0,30.0,1370,中基仓(上海仓)
1260180104700,氨水,AR2500ml/瓶,AR,西化,瓶,230675,499976,1,4,0,2,0,30.0,50,股份佛山成品（液）
1260180104700,氨水,AR2500ml/瓶,AR,西化,瓶,230675,499976,1,4,0,2,0,30.0,4473,冲单仓
1260180104700,氨水,AR2500ml/瓶,AR,西化,瓶,230675,499976,1,4,0,2,0,30.0,4470,京汕仓库
1260180104700,氨水,AR2500ml/瓶,AR,西化,瓶,230675,499976,1,4,0,2,0,30.0,4476,平账仓
1260180104700,氨水,AR2500ml/瓶,AR,西化,瓶,234770,500879,1,4,0,2,0,30.0,77,平台仓
1260180104700,氨水,AR2500ml/瓶,AR,西化,瓶,234770,500879,1,4,0,2,0,30.0,80,佛山西陇成品(液)
1260180104700,氨水,AR2500ml/瓶,AR,西化,瓶,234770,500879,1,4,0,2,0,30.0,2536,佛山天津仓
1260180104700,氨水,AR2500ml/瓶,AR,西化,瓶,234770,500879,1,4,0,2,0,30.0,57,股份成品仓（厂标)
1260180104700,氨水,AR2500ml/瓶,AR,西化,瓶,234770,500879,1,4,0,2,0,30.0,1370,中基仓(上海仓)
1260180104700,氨水,AR2500ml/瓶,AR,西化,瓶,234770,500879,1,4,0,2,0,30.0,50,股份佛山成品（液）
1260180104700,氨水,AR2500ml/瓶,AR,西化,瓶,234770,500879,1,4,0,2,0,30.0,4473,冲单仓
1260180104700,氨水,AR2500ml/瓶,AR,西化,瓶,234770,500879,1,4,0,2,0,30.0,4470,京汕仓库
1260180104700,氨水,AR2500ml/瓶,AR,西化,瓶,234770,500879,1,4,0,2,0,30.0,4476,平账仓
1270830104204,氨基磺酸,AR25kg/袋M,AR,西化,KG,73404,73461,25,4,0,2,7,17.4,29,平台仓
1270830104204,氨基磺酸,AR25kg/袋M,AR,西化,KG,73404,73461,25,4,0,2,7,17.4,2536,佛山天津仓
1270830104204,氨基磺酸,AR25kg/袋M,AR,西化,KG,73404,73461,25,4,0,2,7,17.4,79,佛山西陇成品(固)
1270830104204,氨基磺酸,AR25kg/袋M,AR,西化,KG,73404,73461,25,4,0,2,7,17.4,1370,中基仓(上海仓)
1270830104204,氨基磺酸,AR25kg/袋M,AR,西化,KG,73404,73461,25,4,0,2,7,17.4,81,佛山西陇成品(二)
1270830104204,氨基磺酸,AR25kg/袋M,AR,西化,KG,73404,73461,25,4,0,2,7,17.4,58,股份成品库（二）
1270830104204,氨基磺酸,AR25kg/袋M,AR,西化,KG,73404,73461,25,4,0,2,7,17.4,4466,丙类液体成品(大)
1270830104204,氨基磺酸,AR25kg/袋M,AR,西化,KG,73404,73461,25,4,0,2,7,17.4,4465,丙类固体成品(袋)
1270830104204,氨基磺酸,AR25kg/袋M,AR,西化,KG,73405,73462,25,4,0,2,7,17.4,30,平台仓
1270830104204,氨基磺酸,AR25kg/袋M,AR,西化,KG,73405,73462,25,4,0,2,7,17.4,2536,佛山天津仓
1270830104204,氨基磺酸,AR25kg/袋M,AR,西化,KG,73405,73462,25,4,0,2,7,17.4,79,佛山西陇成品(固)
1270830104204,氨基磺酸,AR25kg/袋M,AR,西化,KG,73405,73462,25,4,0,2,7,17.4,1370,中基仓(上海仓)
1270830104204,氨基磺酸,AR25kg/袋M,AR,西化,KG,73405,73462,25,4,0,2,7,17.4,81,佛山西陇成品(二)
1270830104204,氨基磺酸,AR25kg/袋M,AR,西化,KG,73405,73462,25,4,0,2,7,17.4,58,股份成品库（二）
1270830104204,氨基磺酸,AR25kg/袋M,AR,西化,KG,73405,73462,25,4,0,2,7,17.4,4466,丙类液体成品(大)
1270830104204,氨基磺酸,AR25kg/袋M,AR,西化,KG,73405,73462,25,4,0,2,7,17.4,4465,丙类固体成品(袋)
1270830104204,氨基磺酸,AR25kg/袋M,AR,西化,KG,73406,73463,25,4,0,2,7,17.4,28,平台仓
1270830104204,氨基磺酸,AR25kg/袋M,AR,西化,KG,73406,73463,25,4,0,2,7,17.4,2536,佛山天津仓
1270830104204,氨基磺酸,AR25kg/袋M,AR,西化,KG,73406,73463,25,4,0,2,7,17.4,79,佛山西陇成品(固)
1270830104204,氨基磺酸,AR25kg/袋M,AR,西化,KG,73406,73463,25,4,0,2,7,17.4,1370,中基仓(上海仓)
1270830104204,氨基磺酸,AR25kg/袋M,AR,西化,KG,73406,73463,25,4,0,2,7,17.4,81,佛山西陇成品(二)
1270830104204,氨基磺酸,AR25kg/袋M,AR,西化,KG,73406,73463,25,4,0,2,7,17.4,58,股份成品库（二）
1270830104204,氨基磺酸,AR25kg/袋M,AR,西化,KG,73406,73463,25,4,0,2,7,17.4,4466,丙类液体成品(大)
1270830104204,氨基磺酸,AR25kg/袋M,AR,西化,KG,73406,73463,25,4,0,2,7,17.4,4465,丙类固体成品(袋)
1270830104204,氨基磺酸,AR25kg/袋M,AR,西化,KG,98268,98338,25,4,0,2,7,17.4,77,平台仓
1270830104204,氨基磺酸,AR25kg/袋M,AR,西化,KG,98268,98338,25,4,0,2,7,17.4,2536,佛山天津仓
1270830104204,氨基磺酸,AR25kg/袋M,AR,西化,KG,98268,98338,25,4,0,2,7,17.4,79,佛山西陇成品(固)
1270830104204,氨基磺酸,AR25kg/袋M,AR,西化,KG,98268,98338,25,4,0,2,7,17.4,1370,中基仓(上海仓)
1270830104204,氨基磺酸,AR25kg/袋M,AR,西化,KG,98268,98338,25,4,0,2,7,17.4,81,佛山西陇成品(二)
1270830104204,氨基磺酸,AR25kg/袋M,AR,西化,KG,98268,98338,25,4,0,2,7,17.4,58,股份成品库（二）
1270830104204,氨基磺酸,AR25kg/袋M,AR,西化,KG,98268,98338,25,4,0,2,7,17.4,4466,丙类液体成品(大)
1270830104204,氨基磺酸,AR25kg/袋M,AR,西化,KG,98268,98338,25,4,0,2,7,17.4,4465,丙类固体成品(袋)
1280340101601,乙醇（无水乙醇）,AR500ml/玻瓶,,西化,瓶,1768,1768,1,4,0,2,0,9.8,17,平台佛山仓
1280340101601,乙醇（无水乙醇）,AR500ml/玻瓶,,西化,瓶,1768,1768,1,4,0,2,0,9.8,2536,佛山天津仓
1280340101601,乙醇（无水乙醇）,AR500ml/玻瓶,,西化,瓶,1768,1768,1,4,0,2,0,9.8,13,直运仓
1280340101601,乙醇（无水乙醇）,AR500ml/玻瓶,,西化,瓶,1768,1768,1,4,0,2,0,9.8,57,股份成品仓（厂标)
1280340101601,乙醇（无水乙醇）,AR500ml/玻瓶,,西化,瓶,1768,1768,1,4,0,2,0,9.8,278,甲类成品仓
1280340101601,乙醇（无水乙醇）,AR500ml/玻瓶,,西化,瓶,1768,1768,1,4,0,2,0,9.8,50,股份佛山成品（液）
1280340101601,乙醇（无水乙醇）,AR500ml/玻瓶,,西化,瓶,1768,1768,1,4,0,2,0,9.8,4,精细佛山仓
1280340101601,乙醇（无水乙醇）,AR500ml/玻瓶,,西化,瓶,1768,1768,1,4,0,2,0,9.8,82,佛山外寄仓
1280340101601,乙醇（无水乙醇）,AR500ml/玻瓶,,西化,瓶,1768,1768,1,4,0,2,0,9.8,2996,佛山仓库
1280340101601,乙醇（无水乙醇）,AR500ml/玻瓶,,西化,瓶,1768,1768,1,4,0,2,0,9.8,1370,中基仓(上海仓)
1280340101601,乙醇（无水乙醇）,AR500ml/玻瓶,,西化,瓶,1768,1768,1,4,0,2,0,9.8,2996,佛山仓库
1280340101601,乙醇（无水乙醇）,AR500ml/玻瓶,,西化,瓶,1768,1768,1,4,0,2,0,9.8,90,成品库（NN）
1280340101601,乙醇（无水乙醇）,AR500ml/玻瓶,,西化,瓶,1768,1768,1,4,0,2,0,9.8,4481,冲单仓
1280340101601,乙醇（无水乙醇）,AR500ml/玻瓶,,西化,瓶,1768,1768,1,4,0,2,0,9.8,4473,冲单仓
1280340101601,乙醇(无水乙醇),AR500ml/玻瓶,AR,西化,瓶,221709,491823,1,4,0,2,0,14.0,29,平台仓
1280340101601,乙醇(无水乙醇),AR500ml/玻瓶,AR,西化,瓶,221709,491823,1,4,0,2,0,14.0,91,平台实体仓
1280340101601,乙醇(无水乙醇),AR500ml/玻瓶,AR,西化,瓶,221709,491823,1,4,0,2,0,14.0,2536,佛山天津仓
1280340101601,乙醇(无水乙醇),AR500ml/玻瓶,AR,西化,瓶,221709,491823,1,4,0,2,0,14.0,13,直运仓
1280340101601,乙醇(无水乙醇),AR500ml/玻瓶,AR,西化,瓶,221709,491823,1,4,0,2,0,14.0,57,股份成品仓（厂标)
1280340101601,乙醇(无水乙醇),AR500ml/玻瓶,AR,西化,瓶,221709,491823,1,4,0,2,0,14.0,278,甲类成品仓
1280340101601,乙醇(无水乙醇),AR500ml/玻瓶,AR,西化,瓶,221709,491823,1,4,0,2,0,14.0,50,股份佛山成品（液）
1280340101601,乙醇(无水乙醇),AR500ml/玻瓶,AR,西化,瓶,221709,491823,1,4,0,2,0,14.0,4,精细佛山仓
1280340101601,乙醇(无水乙醇),AR500ml/玻瓶,AR,西化,瓶,221709,491823,1,4,0,2,0,14.0,82,佛山外寄仓
1280340101601,乙醇(无水乙醇),AR500ml/玻瓶,AR,西化,瓶,221709,491823,1,4,0,2,0,14.0,2996,佛山仓库
1280340101601,乙醇(无水乙醇),AR500ml/玻瓶,AR,西化,瓶,221709,491823,1,4,0,2,0,14.0,1370,中基仓(上海仓)
1280340101601,乙醇(无水乙醇),AR500ml/玻瓶,AR,西化,瓶,221709,491823,1,4,0,2,0,14.0,2996,佛山仓库
1280340101601,乙醇(无水乙醇),AR500ml/玻瓶,AR,西化,瓶,221709,491823,1,4,0,2,0,14.0,90,成品库（NN）
1280340101601,乙醇(无水乙醇),AR500ml/玻瓶,AR,西化,瓶,221709,491823,1,4,0,2,0,14.0,4481,冲单仓
1280340101601,乙醇(无水乙醇),AR500ml/玻瓶,AR,西化,瓶,221709,491823,1,4,0,2,0,14.0,4473,冲单仓
1280340101601,乙醇(无水乙醇),AR500ml/玻瓶,AR,西化,瓶,225804,498748,1,4,0,2,0,14.0,30,平台仓
1280340101601,乙醇(无水乙醇),AR500ml/玻瓶,AR,西化,瓶,225804,498748,1,4,0,2,0,14.0,2536,佛山天津仓
1280340101601,乙醇(无水乙醇),AR500ml/玻瓶,AR,西化,瓶,225804,498748,1,4,0,2,0,14.0,13,直运仓
1280340101601,乙醇(无水乙醇),AR500ml/玻瓶,AR,西化,瓶,225804,498748,1,4,0,2,0,14.0,57,股份成品仓（厂标)
1280340101601,乙醇(无水乙醇),AR500ml/玻瓶,AR,西化,瓶,225804,498748,1,4,0,2,0,14.0,278,甲类成品仓
1280340101601,乙醇(无水乙醇),AR500ml/玻瓶,AR,西化,瓶,225804,498748,1,4,0,2,0,14.0,50,股份佛山成品（液）
1280340101601,乙醇(无水乙醇),AR500ml/玻瓶,AR,西化,瓶,225804,498748,1,4,0,2,0,14.0,4,精细佛山仓
1280340101601,乙醇(无水乙醇),AR500ml/玻瓶,AR,西化,瓶,225804,498748,1,4,0,2,0,14.0,82,佛山外寄仓
1280340101601,乙醇(无水乙醇),AR500ml/玻瓶,AR,西化,瓶,225804,498748,1,4,0,2,0,14.0,2996,佛山仓库
1280340101601,乙醇(无水乙醇),AR500ml/玻瓶,AR,西化,瓶,225804,498748,1,4,0,2,0,14.0,1370,中基仓(上海仓)
1280340101601,乙醇(无水乙醇),AR500ml/玻瓶,AR,西化,瓶,225804,498748,1,4,0,2,0,14.0,2996,佛山仓库
1280340101601,乙醇(无水乙醇),AR500ml/玻瓶,AR,西化,瓶,225804,498748,1,4,0,2,0,14.0,90,成品库（NN）
1280340101601,乙醇(无水乙醇),AR500ml/玻瓶,AR,西化,瓶,225804,498748,1,4,0,2,0,14.0,4481,冲单仓
1280340101601,乙醇(无水乙醇),AR500ml/玻瓶,AR,西化,瓶,225804,498748,1,4,0,2,0,14.0,4473,冲单仓
1280340101601,乙醇(无水乙醇),AR500ml/玻瓶,AR,西化,瓶,229899,499656,1,4,0,2,0,14.0,28,平台仓
1280340101601,乙醇(无水乙醇),AR500ml/玻瓶,AR,西化,瓶,229899,499656,1,4,0,2,0,14.0,2536,佛山天津仓
1280340101601,乙醇(无水乙醇),AR500ml/玻瓶,AR,西化,瓶,229899,499656,1,4,0,2,0,14.0,13,直运仓
1280340101601,乙醇(无水乙醇),AR500ml/玻瓶,AR,西化,瓶,229899,499656,1,4,0,2,0,14.0,57,股份成品仓（厂标)
1280340101601,乙醇(无水乙醇),AR500ml/玻瓶,AR,西化,瓶,229899,499656,1,4,0,2,0,14.0,278,甲类成品仓
1280340101601,乙醇(无水乙醇),AR500ml/玻瓶,AR,西化,瓶,229899,499656,1,4,0,2,0,14.0,50,股份佛山成品（液）
1280340101601,乙醇(无水乙醇),AR500ml/玻瓶,AR,西化,瓶,229899,499656,1,4,0,2,0,14.0,4,精细佛山仓
1280340101601,乙醇(无水乙醇),AR500ml/玻瓶,AR,西化,瓶,229899,499656,1,4,0,2,0,14.0,82,佛山外寄仓
1280340101601,乙醇(无水乙醇),AR500ml/玻瓶,AR,西化,瓶,229899,499656,1,4,0,2,0,14.0,2996,佛山仓库
1280340101601,乙醇(无水乙醇),AR500ml/玻瓶,AR,西化,瓶,229899,499656,1,4,0,2,0,14.0,1370,中基仓(上海仓)
1280340101601,乙醇(无水乙醇),AR500ml/玻瓶,AR,西化,瓶,229899,499656,1,4,0,2,0,14.0,2996,佛山仓库
1280340101601,乙醇(无水乙醇),AR500ml/玻瓶,AR,西化,瓶,229899,499656,1,4,0,2,0,14.0,90,成品库（NN）
1280340101601,乙醇(无水乙醇),AR500ml/玻瓶,AR,西化,瓶,229899,499656,1,4,0,2,0,14.0,4481,冲单仓
1280340101601,乙醇(无水乙醇),AR500ml/玻瓶,AR,西化,瓶,229899,499656,1,4,0,2,0,14.0,4473,冲单仓
1280340101601,乙醇(无水乙醇),AR500ml/玻瓶,AR,西化,瓶,233994,500551,1,4,0,2,0,14.0,77,平台仓
1280340101601,乙醇(无水乙醇),AR500ml/玻瓶,AR,西化,瓶,233994,500551,1,4,0,2,0,14.0,2536,佛山天津仓
1280340101601,乙醇(无水乙醇),AR500ml/玻瓶,AR,西化,瓶,233994,500551,1,4,0,2,0,14.0,13,直运仓
1280340101601,乙醇(无水乙醇),AR500ml/玻瓶,AR,西化,瓶,233994,500551,1,4,0,2,0,14.0,57,股份成品仓（厂标)
1280340101601,乙醇(无水乙醇),AR500ml/玻瓶,AR,西化,瓶,233994,500551,1,4,0,2,0,14.0,278,甲类成品仓
1280340101601,乙醇(无水乙醇),AR500ml/玻瓶,AR,西化,瓶,233994,500551,1,4,0,2,0,14.0,50,股份佛山成品（液）
1280340101601,乙醇(无水乙醇),AR500ml/玻瓶,AR,西化,瓶,233994,500551,1,4,0,2,0,14.0,4,精细佛山仓
1280340101601,乙醇(无水乙醇),AR500ml/玻瓶,AR,西化,瓶,233994,500551,1,4,0,2,0,14.0,82,佛山外寄仓
1280340101601,乙醇(无水乙醇),AR500ml/玻瓶,AR,西化,瓶,233994,500551,1,4,0,2,0,14.0,2996,佛山仓库
1280340101601,乙醇(无水乙醇),AR500ml/玻瓶,AR,西化,瓶,233994,500551,1,4,0,2,0,14.0,1370,中基仓(上海仓)
1280340101601,乙醇(无水乙醇),AR500ml/玻瓶,AR,西化,瓶,233994,500551,1,4,0,2,0,14.0,2996,佛山仓库
1280340101601,乙醇(无水乙醇),AR500ml/玻瓶,AR,西化,瓶,233994,500551,1,4,0,2,0,14.0,90,成品库（NN）
1280340101601,乙醇(无水乙醇),AR500ml/玻瓶,AR,西化,瓶,233994,500551,1,4,0,2,0,14.0,4481,冲单仓
1280340101601,乙醇(无水乙醇),AR500ml/玻瓶,AR,西化,瓶,233994,500551,1,4,0,2,0,14.0,4473,冲单仓
1010980201700,十二烷基硫酸钠,CP500g/瓶,,西化,瓶,1558,1558,1,0,0,2,0,24.08,17,平台佛山仓
1010980201700,十二烷基硫酸钠,CP500g/瓶,,西化,瓶,1558,1558,1,0,0,2,0,24.08,85,四川小成品（固）
1010980201700,十二烷基硫酸钠,CP500g/瓶,,西化,瓶,1558,1558,1,0,0,2,0,24.08,75,zyc_sc
1010980201700,十二烷基硫酸钠,CP500g/瓶,,西化,瓶,1558,1558,1,0,0,2,0,24.08,90,成品库（NN）
1010980201700,十二烷基硫酸钠,CP500g/瓶,,西化,瓶,1558,1558,1,0,0,2,0,24.08,4,精细佛山仓
1010980201700,十二烷基硫酸钠,CP500g/瓶,,西化,瓶,1558,1558,1,0,0,2,0,24.08,2536,佛山天津仓
1010980201700,十二烷基硫酸钠,CP500g/瓶,,西化,瓶,1558,1558,1,0,0,2,0,24.08,57,股份成品仓（厂标)
1010980201700,十二烷基硫酸钠,CP500g/瓶,,西化,瓶,1558,1558,1,0,0,2,0,24.08,1370,中基仓(上海仓)
1010980201700,十二烷基硫酸钠,CP500g/瓶,,西化,瓶,1558,1558,1,0,0,2,0,24.08,79,佛山西陇成品(固)
1010980201700,十二烷基硫酸钠,CP500g/瓶,,西化,瓶,1558,1558,1,0,0,2,0,24.08,48,股份佛山成品（固）
1010980201700,十二烷基硫酸钠,CP500g/瓶,,西化,瓶,1558,1558,1,0,0,2,0,24.08,4476,平账仓
1010980201700,十二烷基硫酸钠,CP500g/瓶,CP,西化,瓶,222014,221394,1,0,0,2,7,34.4,29,平台仓
1010980201700,十二烷基硫酸钠,CP500g/瓶,CP,西化,瓶,222014,221394,1,0,0,2,7,34.4,91,平台实体仓
1010980201700,十二烷基硫酸钠,CP500g/瓶,CP,西化,瓶,222014,221394,1,0,0,2,7,34.4,85,四川小成品（固）
1010980201700,十二烷基硫酸钠,CP500g/瓶,CP,西化,瓶,222014,221394,1,0,0,2,7,34.4,75,zyc_sc
1010980201700,十二烷基硫酸钠,CP500g/瓶,CP,西化,瓶,222014,221394,1,0,0,2,7,34.4,90,成品库（NN）
1010980201700,十二烷基硫酸钠,CP500g/瓶,CP,西化,瓶,222014,221394,1,0,0,2,7,34.4,4,精细佛山仓
1010980201700,十二烷基硫酸钠,CP500g/瓶,CP,西化,瓶,222014,221394,1,0,0,2,7,34.4,2536,佛山天津仓
1010980201700,十二烷基硫酸钠,CP500g/瓶,CP,西化,瓶,222014,221394,1,0,0,2,7,34.4,57,股份成品仓（厂标)
1010980201700,十二烷基硫酸钠,CP500g/瓶,CP,西化,瓶,222014,221394,1,0,0,2,7,34.4,1370,中基仓(上海仓)
1010980201700,十二烷基硫酸钠,CP500g/瓶,CP,西化,瓶,222014,221394,1,0,0,2,7,34.4,79,佛山西陇成品(固)
1010980201700,十二烷基硫酸钠,CP500g/瓶,CP,西化,瓶,222014,221394,1,0,0,2,7,34.4,48,股份佛山成品（固）
1010980201700,十二烷基硫酸钠,CP500g/瓶,CP,西化,瓶,222014,221394,1,0,0,2,7,34.4,4476,平账仓
1010980201700,十二烷基硫酸钠,CP500g/瓶,CP,西化,瓶,226109,223441,1,0,0,2,7,34.4,30,平台仓
1010980201700,十二烷基硫酸钠,CP500g/瓶,CP,西化,瓶,226109,223441,1,0,0,2,7,34.4,85,四川小成品（固）
1010980201700,十二烷基硫酸钠,CP500g/瓶,CP,西化,瓶,226109,223441,1,0,0,2,7,34.4,75,zyc_sc
1010980201700,十二烷基硫酸钠,CP500g/瓶,CP,西化,瓶,226109,223441,1,0,0,2,7,34.4,90,成品库（NN）
1010980201700,十二烷基硫酸钠,CP500g/瓶,CP,西化,瓶,226109,223441,1,0,0,2,7,34.4,4,精细佛山仓
1010980201700,十二烷基硫酸钠,CP500g/瓶,CP,西化,瓶,226109,223441,1,0,0,2,7,34.4,2536,佛山天津仓
1010980201700,十二烷基硫酸钠,CP500g/瓶,CP,西化,瓶,226109,223441,1,0,0,2,7,34.4,57,股份成品仓（厂标)
1010980201700,十二烷基硫酸钠,CP500g/瓶,CP,西化,瓶,226109,223441,1,0,0,2,7,34.4,1370,中基仓(上海仓)
1010980201700,十二烷基硫酸钠,CP500g/瓶,CP,西化,瓶,226109,223441,1,0,0,2,7,34.4,79,佛山西陇成品(固)
1010980201700,十二烷基硫酸钠,CP500g/瓶,CP,西化,瓶,226109,223441,1,0,0,2,7,34.4,48,股份佛山成品（固）
1010980201700,十二烷基硫酸钠,CP500g/瓶,CP,西化,瓶,226109,223441,1,0,0,2,7,34.4,4476,平账仓
1010980201700,十二烷基硫酸钠,CP500g/瓶,CP,西化,瓶,230204,225488,1,0,0,2,7,34.4,28,平台仓
1010980201700,十二烷基硫酸钠,CP500g/瓶,CP,西化,瓶,230204,225488,1,0,0,2,7,34.4,85,四川小成品（固）
1010980201700,十二烷基硫酸钠,CP500g/瓶,CP,西化,瓶,230204,225488,1,0,0,2,7,34.4,75,zyc_sc
1010980201700,十二烷基硫酸钠,CP500g/瓶,CP,西化,瓶,230204,225488,1,0,0,2,7,34.4,90,成品库（NN）
1010980201700,十二烷基硫酸钠,CP500g/瓶,CP,西化,瓶,230204,225488,1,0,0,2,7,34.4,4,精细佛山仓
1010980201700,十二烷基硫酸钠,CP500g/瓶,CP,西化,瓶,230204,225488,1,0,0,2,7,34.4,2536,佛山天津仓
1010980201700,十二烷基硫酸钠,CP500g/瓶,CP,西化,瓶,230204,225488,1,0,0,2,7,34.4,57,股份成品仓（厂标)
1010980201700,十二烷基硫酸钠,CP500g/瓶,CP,西化,瓶,230204,225488,1,0,0,2,7,34.4,1370,中基仓(上海仓)
1010980201700,十二烷基硫酸钠,CP500g/瓶,CP,西化,瓶,230204,225488,1,0,0,2,7,34.4,79,佛山西陇成品(固)
1010980201700,十二烷基硫酸钠,CP500g/瓶,CP,西化,瓶,230204,225488,1,0,0,2,7,34.4,48,股份佛山成品（固）
1010980201700,十二烷基硫酸钠,CP500g/瓶,CP,西化,瓶,230204,225488,1,0,0,2,7,34.4,4476,平账仓
1010980201700,十二烷基硫酸钠,CP500g/瓶,CP,西化,瓶,234299,227535,1,0,0,2,7,34.4,77,平台仓
1010980201700,十二烷基硫酸钠,CP500g/瓶,CP,西化,瓶,234299,227535,1,0,0,2,7,34.4,85,四川小成品（固）
1010980201700,十二烷基硫酸钠,CP500g/瓶,CP,西化,瓶,234299,227535,1,0,0,2,7,34.4,75,zyc_sc
1010980201700,十二烷基硫酸钠,CP500g/瓶,CP,西化,瓶,234299,227535,1,0,0,2,7,34.4,90,成品库（NN）
1010980201700,十二烷基硫酸钠,CP500g/瓶,CP,西化,瓶,234299,227535,1,0,0,2,7,34.4,4,精细佛山仓
1010980201700,十二烷基硫酸钠,CP500g/瓶,CP,西化,瓶,234299,227535,1,0,0,2,7,34.4,2536,佛山天津仓
1010980201700,十二烷基硫酸钠,CP500g/瓶,CP,西化,瓶,234299,227535,1,0,0,2,7,34.4,57,股份成品仓（厂标)
1010980201700,十二烷基硫酸钠,CP500g/瓶,CP,西化,瓶,234299,227535,1,0,0,2,7,34.4,1370,中基仓(上海仓)
1010980201700,十二烷基硫酸钠,CP500g/瓶,CP,西化,瓶,234299,227535,1,0,0,2,7,34.4,79,佛山西陇成品(固)
1010980201700,十二烷基硫酸钠,CP500g/瓶,CP,西化,瓶,234299,227535,1,0,0,2,7,34.4,48,股份佛山成品（固）
1010980201700,十二烷基硫酸钠,CP500g/瓶,CP,西化,瓶,234299,227535,1,0,0,2,7,34.4,4476,平账仓
1280250101600,异丙醇,AR500ml/瓶,,西化,瓶,1829,1829,1,4,0,2,0,11.76,17,平台佛山仓
1280250101600,异丙醇,AR500ml/瓶,,西化,瓶,1829,1829,1,4,0,2,0,11.76,2533,佛山成品（液）
1280250101600,异丙醇,AR500ml/瓶,,西化,瓶,1829,1829,1,4,0,2,0,11.76,57,股份成品仓（厂标)
1280250101600,异丙醇,AR500ml/瓶,,西化,瓶,1829,1829,1,4,0,2,0,11.76,4,精细佛山仓
1280250101600,异丙醇,AR500ml/瓶,,西化,瓶,1829,1829,1,4,0,2,0,11.76,56,股份出口仓
1280250101600,异丙醇,AR500ml/瓶,,西化,瓶,1829,1829,1,4,0,2,0,11.76,82,佛山外寄仓
1280250101600,异丙醇,AR500ml/瓶,,西化,瓶,1829,1829,1,4,0,2,0,11.76,2536,佛山天津仓
1280250101600,异丙醇,AR500ml/瓶,,西化,瓶,1829,1829,1,4,0,2,0,11.76,50,股份佛山成品（液）
1280250101600,异丙醇,AR500ml/瓶,,西化,瓶,1829,1829,1,4,0,2,0,11.76,80,佛山西陇成品(液)
1280250101600,异丙醇,AR500ml/瓶,,西化,瓶,1829,1829,1,4,0,2,0,11.76,2996,佛山仓库
1280250101600,异丙醇,AR500ml/瓶,,西化,瓶,1829,1829,1,4,0,2,0,11.76,1370,中基仓(上海仓)
1280250101600,异丙醇,AR500ml/瓶,,西化,瓶,1829,1829,1,4,0,2,0,11.76,278,甲类成品仓
1280250101600,异丙醇,AR500ml/瓶,,西化,瓶,1829,1829,1,4,0,2,0,11.76,2996,佛山仓库
1280250101600,异丙醇,AR500ml/瓶,,西化,瓶,1829,1829,1,4,0,2,0,11.76,61,四川小成品（液）
1280250101600,异丙醇,AR500ml/瓶,,西化,瓶,1829,1829,1,4,0,2,0,11.76,90,成品库（NN）
1280250101600,异丙醇,AR500ml/瓶,,西化,瓶,1829,1829,1,4,0,2,0,11.76,4476,平账仓
1280250101600,异丙醇,AR500ml/瓶,,西化,瓶,1829,1829,1,4,0,2,0,11.76,4481,冲单仓
1280250101600,异丙醇,AR500ml/瓶,,西化,瓶,1829,1829,1,4,0,2,0,11.76,4473,冲单仓
1280250101600,异丙醇,AR500ml/瓶,AR,西化,瓶,222165,221498,1,4,0,2,7,16.8,29,平台仓
1280250101600,异丙醇,AR500ml/瓶,AR,西化,瓶,222165,221498,1,4,0,2,7,16.8,2533,佛山成品（液）
1280250101600,异丙醇,AR500ml/瓶,AR,西化,瓶,222165,221498,1,4,0,2,7,16.8,57,股份成品仓（厂标)
1280250101600,异丙醇,AR500ml/瓶,AR,西化,瓶,222165,221498,1,4,0,2,7,16.8,4,精细佛山仓
1280250101600,异丙醇,AR500ml/瓶,AR,西化,瓶,222165,221498,1,4,0,2,7,16.8,56,股份出口仓
1280250101600,异丙醇,AR500ml/瓶,AR,西化,瓶,222165,221498,1,4,0,2,7,16.8,82,佛山外寄仓
1280250101600,异丙醇,AR500ml/瓶,AR,西化,瓶,222165,221498,1,4,0,2,7,16.8,2536,佛山天津仓
1280250101600,异丙醇,AR500ml/瓶,AR,西化,瓶,222165,221498,1,4,0,2,7,16.8,50,股份佛山成品（液）
1280250101600,异丙醇,AR500ml/瓶,AR,西化,瓶,222165,221498,1,4,0,2,7,16.8,80,佛山西陇成品(液)
1280250101600,异丙醇,AR500ml/瓶,AR,西化,瓶,222165,221498,1,4,0,2,7,16.8,2996,佛山仓库
1280250101600,异丙醇,AR500ml/瓶,AR,西化,瓶,222165,221498,1,4,0,2,7,16.8,1370,中基仓(上海仓)
1280250101600,异丙醇,AR500ml/瓶,AR,西化,瓶,222165,221498,1,4,0,2,7,16.8,278,甲类成品仓
1280250101600,异丙醇,AR500ml/瓶,AR,西化,瓶,222165,221498,1,4,0,2,7,16.8,2996,佛山仓库
1280250101600,异丙醇,AR500ml/瓶,AR,西化,瓶,222165,221498,1,4,0,2,7,16.8,61,四川小成品（液）
1280250101600,异丙醇,AR500ml/瓶,AR,西化,瓶,222165,221498,1,4,0,2,7,16.8,90,成品库（NN）
1280250101600,异丙醇,AR500ml/瓶,AR,西化,瓶,222165,221498,1,4,0,2,7,16.8,4476,平账仓
1280250101600,异丙醇,AR500ml/瓶,AR,西化,瓶,222165,221498,1,4,0,2,7,16.8,4481,冲单仓
1280250101600,异丙醇,AR500ml/瓶,AR,西化,瓶,222165,221498,1,4,0,2,7,16.8,4473,冲单仓
1280250101600,异丙醇,AR500ml/瓶,AR,西化,瓶,226260,223545,1,4,0,2,7,16.8,30,平台仓
1280250101600,异丙醇,AR500ml/瓶,AR,西化,瓶,226260,223545,1,4,0,2,7,16.8,2533,佛山成品（液）
1280250101600,异丙醇,AR500ml/瓶,AR,西化,瓶,226260,223545,1,4,0,2,7,16.8,57,股份成品仓（厂标)
1280250101600,异丙醇,AR500ml/瓶,AR,西化,瓶,226260,223545,1,4,0,2,7,16.8,4,精细佛山仓
1280250101600,异丙醇,AR500ml/瓶,AR,西化,瓶,226260,223545,1,4,0,2,7,16.8,56,股份出口仓
1280250101600,异丙醇,AR500ml/瓶,AR,西化,瓶,226260,223545,1,4,0,2,7,16.8,82,佛山外寄仓
1280250101600,异丙醇,AR500ml/瓶,AR,西化,瓶,226260,223545,1,4,0,2,7,16.8,2536,佛山天津仓
1280250101600,异丙醇,AR500ml/瓶,AR,西化,瓶,226260,223545,1,4,0,2,7,16.8,50,股份佛山成品（液）
1280250101600,异丙醇,AR500ml/瓶,AR,西化,瓶,226260,223545,1,4,0,2,7,16.8,80,佛山西陇成品(液)
1280250101600,异丙醇,AR500ml/瓶,AR,西化,瓶,226260,223545,1,4,0,2,7,16.8,2996,佛山仓库
1280250101600,异丙醇,AR500ml/瓶,AR,西化,瓶,226260,223545,1,4,0,2,7,16.8,1370,中基仓(上海仓)
1280250101600,异丙醇,AR500ml/瓶,AR,西化,瓶,226260,223545,1,4,0,2,7,16.8,278,甲类成品仓
1280250101600,异丙醇,AR500ml/瓶,AR,西化,瓶,226260,223545,1,4,0,2,7,16.8,2996,佛山仓库
1280250101600,异丙醇,AR500ml/瓶,AR,西化,瓶,226260,223545,1,4,0,2,7,16.8,61,四川小成品（液）
1280250101600,异丙醇,AR500ml/瓶,AR,西化,瓶,226260,223545,1,4,0,2,7,16.8,90,成品库（NN）
1280250101600,异丙醇,AR500ml/瓶,AR,西化,瓶,226260,223545,1,4,0,2,7,16.8,4476,平账仓
1280250101600,异丙醇,AR500ml/瓶,AR,西化,瓶,226260,223545,1,4,0,2,7,16.8,4481,冲单仓
1280250101600,异丙醇,AR500ml/瓶,AR,西化,瓶,226260,223545,1,4,0,2,7,16.8,4473,冲单仓
1280250101600,异丙醇,AR500ml/瓶,AR,西化,瓶,230355,225592,1,4,0,2,7,16.8,28,平台仓
1280250101600,异丙醇,AR500ml/瓶,AR,西化,瓶,230355,225592,1,4,0,2,7,16.8,2533,佛山成品（液）
1280250101600,异丙醇,AR500ml/瓶,AR,西化,瓶,230355,225592,1,4,0,2,7,16.8,57,股份成品仓（厂标)
1280250101600,异丙醇,AR500ml/瓶,AR,西化,瓶,230355,225592,1,4,0,2,7,16.8,4,精细佛山仓
1280250101600,异丙醇,AR500ml/瓶,AR,西化,瓶,230355,225592,1,4,0,2,7,16.8,56,股份出口仓
1280250101600,异丙醇,AR500ml/瓶,AR,西化,瓶,230355,225592,1,4,0,2,7,16.8,82,佛山外寄仓
1280250101600,异丙醇,AR500ml/瓶,AR,西化,瓶,230355,225592,1,4,0,2,7,16.8,2536,佛山天津仓
1280250101600,异丙醇,AR500ml/瓶,AR,西化,瓶,230355,225592,1,4,0,2,7,16.8,50,股份佛山成品（液）
1280250101600,异丙醇,AR500ml/瓶,AR,西化,瓶,230355,225592,1,4,0,2,7,16.8,80,佛山西陇成品(液)
1280250101600,异丙醇,AR500ml/瓶,AR,西化,瓶,230355,225592,1,4,0,2,7,16.8,2996,佛山仓库
1280250101600,异丙醇,AR500ml/瓶,AR,西化,瓶,230355,225592,1,4,0,2,7,16.8,1370,中基仓(上海仓)
1280250101600,异丙醇,AR500ml/瓶,AR,西化,瓶,230355,225592,1,4,0,2,7,16.8,278,甲类成品仓
1280250101600,异丙醇,AR500ml/瓶,AR,西化,瓶,230355,225592,1,4,0,2,7,16.8,2996,佛山仓库
1280250101600,异丙醇,AR500ml/瓶,AR,西化,瓶,230355,225592,1,4,0,2,7,16.8,61,四川小成品（液）
1280250101600,异丙醇,AR500ml/瓶,AR,西化,瓶,230355,225592,1,4,0,2,7,16.8,90,成品库（NN）
1280250101600,异丙醇,AR500ml/瓶,AR,西化,瓶,230355,225592,1,4,0,2,7,16.8,4476,平账仓
1280250101600,异丙醇,AR500ml/瓶,AR,西化,瓶,230355,225592,1,4,0,2,7,16.8,4481,冲单仓
1280250101600,异丙醇,AR500ml/瓶,AR,西化,瓶,230355,225592,1,4,0,2,7,16.8,4473,冲单仓
1280250101600,异丙醇,AR500ml/瓶,AR,西化,瓶,234450,227639,1,4,0,2,7,16.8,77,平台仓
1280250101600,异丙醇,AR500ml/瓶,AR,西化,瓶,234450,227639,1,4,0,2,7,16.8,2533,佛山成品（液）
1280250101600,异丙醇,AR500ml/瓶,AR,西化,瓶,234450,227639,1,4,0,2,7,16.8,57,股份成品仓（厂标)
1280250101600,异丙醇,AR500ml/瓶,AR,西化,瓶,234450,227639,1,4,0,2,7,16.8,4,精细佛山仓
1280250101600,异丙醇,AR500ml/瓶,AR,西化,瓶,234450,227639,1,4,0,2,7,16.8,56,股份出口仓
1280250101600,异丙醇,AR500ml/瓶,AR,西化,瓶,234450,227639,1,4,0,2,7,16.8,82,佛山外寄仓
1280250101600,异丙醇,AR500ml/瓶,AR,西化,瓶,234450,227639,1,4,0,2,7,16.8,2536,佛山天津仓
1280250101600,异丙醇,AR500ml/瓶,AR,西化,瓶,234450,227639,1,4,0,2,7,16.8,50,股份佛山成品（液）
1280250101600,异丙醇,AR500ml/瓶,AR,西化,瓶,234450,227639,1,4,0,2,7,16.8,80,佛山西陇成品(液)
1280250101600,异丙醇,AR500ml/瓶,AR,西化,瓶,234450,227639,1,4,0,2,7,16.8,2996,佛山仓库
1280250101600,异丙醇,AR500ml/瓶,AR,西化,瓶,234450,227639,1,4,0,2,7,16.8,1370,中基仓(上海仓)
1280250101600,异丙醇,AR500ml/瓶,AR,西化,瓶,234450,227639,1,4,0,2,7,16.8,278,甲类成品仓
1280250101600,异丙醇,AR500ml/瓶,AR,西化,瓶,234450,227639,1,4,0,2,7,16.8,2996,佛山仓库
1280250101600,异丙醇,AR500ml/瓶,AR,西化,瓶,234450,227639,1,4,0,2,7,16.8,61,四川小成品（液）
1280250101600,异丙醇,AR500ml/瓶,AR,西化,瓶,234450,227639,1,4,0,2,7,16.8,90,成品库（NN）
1280250101600,异丙醇,AR500ml/瓶,AR,西化,瓶,234450,227639,1,4,0,2,7,16.8,4476,平账仓
1280250101600,异丙醇,AR500ml/瓶,AR,西化,瓶,234450,227639,1,4,0,2,7,16.8,4481,冲单仓
1280250101600,异丙醇,AR500ml/瓶,AR,西化,瓶,234450,227639,1,4,0,2,7,16.8,4473,冲单仓
1690300901700,溴甲酚绿,IND500g/瓶,IND,西化,瓶,619602,613136,1,0,0,2,0,0.0,29,平台仓
1690300901700,溴甲酚绿,IND500g/瓶,IND,西化,瓶,619602,613136,1,0,0,2,0,0.0,57,股份成品仓（厂标)
1690300901700,溴甲酚绿,IND500g/瓶,IND,西化,瓶,619602,613136,1,0,0,2,0,0.0,9,汕头工厂仓
1690300901700,溴甲酚绿,IND500g/瓶,IND,西化,瓶,619605,613139,1,0,0,2,0,0.0,77,平台仓
1690300901700,溴甲酚绿,IND500g/瓶,IND,西化,瓶,619605,613139,1,0,0,2,0,0.0,57,股份成品仓（厂标)
1690300901700,溴甲酚绿,IND500g/瓶,IND,西化,瓶,619605,613139,1,0,0,2,0,0.0,9,汕头工厂仓
1690300901700,溴甲酚绿,IND500g/瓶;,,西化,瓶,622071,615603,1,0,0,2,0,1248.26,57,股份成品仓（厂标)
1690300901700,溴甲酚绿,IND500g/瓶;,,西化,瓶,622071,615603,1,0,0,2,0,1248.26,9,汕头工厂仓
1270570106600,乙酸(冰醋酸),AR200kg/桶,AR,西化,KG,221679,491785,200,4,0,2,0,16.2,29,平台仓
1270570106600,乙酸(冰醋酸),AR200kg/桶,AR,西化,KG,221679,491785,200,4,0,2,0,16.2,1370,中基仓(上海仓)
1270570106600,乙酸(冰醋酸),AR200kg/桶,AR,西化,KG,221679,491785,200,4,0,2,0,16.2,81,佛山西陇成品(二)
1270570106600,乙酸(冰醋酸),AR200kg/桶,AR,西化,KG,221679,491785,200,4,0,2,0,16.2,58,股份成品库（二）
1270570106600,乙酸(冰醋酸),AR200kg/桶,AR,西化,KG,225774,498730,200,4,0,2,0,16.2,30,平台仓
1270570106600,乙酸(冰醋酸),AR200kg/桶,AR,西化,KG,225774,498730,200,4,0,2,0,16.2,1370,中基仓(上海仓)
1270570106600,乙酸(冰醋酸),AR200kg/桶,AR,西化,KG,225774,498730,200,4,0,2,0,16.2,81,佛山西陇成品(二)
1270570106600,乙酸(冰醋酸),AR200kg/桶,AR,西化,KG,225774,498730,200,4,0,2,0,16.2,58,股份成品库（二）
1270570106600,乙酸(冰醋酸),AR200kg/桶,AR,西化,KG,229869,499638,200,4,0,2,0,16.2,28,平台仓
1270570106600,乙酸(冰醋酸),AR200kg/桶,AR,西化,KG,229869,499638,200,4,0,2,0,16.2,1370,中基仓(上海仓)
1270570106600,乙酸(冰醋酸),AR200kg/桶,AR,西化,KG,229869,499638,200,4,0,2,0,16.2,81,佛山西陇成品(二)
1270570106600,乙酸(冰醋酸),AR200kg/桶,AR,西化,KG,229869,499638,200,4,0,2,0,16.2,58,股份成品库（二）
1270570106600,乙酸(冰醋酸),AR200kg/桶,AR,西化,KG,233964,500533,200,4,0,2,0,16.2,77,平台仓
1270570106600,乙酸(冰醋酸),AR200kg/桶,AR,西化,KG,233964,500533,200,4,0,2,0,16.2,1370,中基仓(上海仓)
1270570106600,乙酸(冰醋酸),AR200kg/桶,AR,西化,KG,233964,500533,200,4,0,2,0,16.2,81,佛山西陇成品(二)
1270570106600,乙酸(冰醋酸),AR200kg/桶,AR,西化,KG,233964,500533,200,4,0,2,0,16.2,58,股份成品库（二）
1270110101600,盐酸,AR500ml/瓶,AR,西化,瓶,222724,492265,1,2,0,2,0,24.4,29,平台仓
1270110101600,盐酸,AR500ml/瓶,AR,西化,瓶,222724,492265,1,2,0,2,0,24.4,2533,佛山成品（液）
1270110101600,盐酸,AR500ml/瓶,AR,西化,瓶,222724,492265,1,2,0,2,0,24.4,63,四川三酸一水（瓶）
1270110101600,盐酸,AR500ml/瓶,AR,西化,瓶,222724,492265,1,2,0,2,0,24.4,52,汕头直运仓
1270110101600,盐酸,AR500ml/瓶,AR,西化,瓶,222724,492265,1,2,0,2,0,24.4,90,成品库（NN）
1270110101600,盐酸,AR500ml/瓶,AR,西化,瓶,222724,492265,1,2,0,2,0,24.4,4,精细佛山仓
1270110101600,盐酸,AR500ml/瓶,AR,西化,瓶,222724,492265,1,2,0,2,0,24.4,80,佛山西陇成品(液)
1270110101600,盐酸,AR500ml/瓶,AR,西化,瓶,222724,492265,1,2,0,2,0,24.4,57,股份成品仓（厂标)
1270110101600,盐酸,AR500ml/瓶,AR,西化,瓶,222724,492265,1,2,0,2,0,24.4,50,股份佛山成品（液）
1270110101600,盐酸,AR500ml/瓶,AR,西化,瓶,222724,492265,1,2,0,2,0,24.4,2539,易制毒仓
1270110101600,盐酸,AR500ml/瓶,AR,西化,瓶,222724,492265,1,2,0,2,0,24.4,4470,京汕仓库
1270110101600,盐酸,AR500ml/瓶,AR,西化,瓶,222724,492265,1,2,0,2,0,24.4,4473,冲单仓
1270110101600,盐酸,AR500ml/瓶,AR,西化,瓶,226819,499185,1,2,0,2,0,24.4,30,平台仓
1270110101600,盐酸,AR500ml/瓶,AR,西化,瓶,226819,499185,1,2,0,2,0,24.4,2533,佛山成品（液）
1270110101600,盐酸,AR500ml/瓶,AR,西化,瓶,226819,499185,1,2,0,2,0,24.4,63,四川三酸一水（瓶）
1270110101600,盐酸,AR500ml/瓶,AR,西化,瓶,226819,499185,1,2,0,2,0,24.4,52,汕头直运仓
1270110101600,盐酸,AR500ml/瓶,AR,西化,瓶,226819,499185,1,2,0,2,0,24.4,90,成品库（NN）
1270110101600,盐酸,AR500ml/瓶,AR,西化,瓶,226819,499185,1,2,0,2,0,24.4,4,精细佛山仓
1270110101600,盐酸,AR500ml/瓶,AR,西化,瓶,226819,499185,1,2,0,2,0,24.4,80,佛山西陇成品(液)
1270110101600,盐酸,AR500ml/瓶,AR,西化,瓶,226819,499185,1,2,0,2,0,24.4,57,股份成品仓（厂标)
1270110101600,盐酸,AR500ml/瓶,AR,西化,瓶,226819,499185,1,2,0,2,0,24.4,50,股份佛山成品（液）
1270110101600,盐酸,AR500ml/瓶,AR,西化,瓶,226819,499185,1,2,0,2,0,24.4,2539,易制毒仓
1270110101600,盐酸,AR500ml/瓶,AR,西化,瓶,226819,499185,1,2,0,2,0,24.4,4470,京汕仓库
1270110101600,盐酸,AR500ml/瓶,AR,西化,瓶,226819,499185,1,2,0,2,0,24.4,4473,冲单仓
1270110101600,盐酸,AR500ml/瓶,AR,西化,瓶,230914,500085,1,2,0,2,0,24.4,28,平台仓
1270110101600,盐酸,AR500ml/瓶,AR,西化,瓶,230914,500085,1,2,0,2,0,24.4,2533,佛山成品（液）
1270110101600,盐酸,AR500ml/瓶,AR,西化,瓶,230914,500085,1,2,0,2,0,24.4,63,四川三酸一水（瓶）
1270110101600,盐酸,AR500ml/瓶,AR,西化,瓶,230914,500085,1,2,0,2,0,24.4,52,汕头直运仓
1270110101600,盐酸,AR500ml/瓶,AR,西化,瓶,230914,500085,1,2,0,2,0,24.4,90,成品库（NN）
1270110101600,盐酸,AR500ml/瓶,AR,西化,瓶,230914,500085,1,2,0,2,0,24.4,4,精细佛山仓
1270110101600,盐酸,AR500ml/瓶,AR,西化,瓶,230914,500085,1,2,0,2,0,24.4,80,佛山西陇成品(液)
1270110101600,盐酸,AR500ml/瓶,AR,西化,瓶,230914,500085,1,2,0,2,0,24.4,57,股份成品仓（厂标)
1270110101600,盐酸,AR500ml/瓶,AR,西化,瓶,230914,500085,1,2,0,2,0,24.4,50,股份佛山成品（液）
1270110101600,盐酸,AR500ml/瓶,AR,西化,瓶,230914,500085,1,2,0,2,0,24.4,2539,易制毒仓
1270110101600,盐酸,AR500ml/瓶,AR,西化,瓶,230914,500085,1,2,0,2,0,24.4,4470,京汕仓库
1270110101600,盐酸,AR500ml/瓶,AR,西化,瓶,230914,500085,1,2,0,2,0,24.4,4473,冲单仓
1270110101600,盐酸,AR500ml/瓶,AR,西化,瓶,235009,500996,1,2,0,2,0,24.4,77,平台仓
1270110101600,盐酸,AR500ml/瓶,AR,西化,瓶,235009,500996,1,2,0,2,0,24.4,2533,佛山成品（液）
1270110101600,盐酸,AR500ml/瓶,AR,西化,瓶,235009,500996,1,2,0,2,0,24.4,63,四川三酸一水（瓶）
1270110101600,盐酸,AR500ml/瓶,AR,西化,瓶,235009,500996,1,2,0,2,0,24.4,52,汕头直运仓
1270110101600,盐酸,AR500ml/瓶,AR,西化,瓶,235009,500996,1,2,0,2,0,24.4,90,成品库（NN）
1270110101600,盐酸,AR500ml/瓶,AR,西化,瓶,235009,500996,1,2,0,2,0,24.4,4,精细佛山仓
1270110101600,盐酸,AR500ml/瓶,AR,西化,瓶,235009,500996,1,2,0,2,0,24.4,80,佛山西陇成品(液)
1270110101600,盐酸,AR500ml/瓶,AR,西化,瓶,235009,500996,1,2,0,2,0,24.4,57,股份成品仓（厂标)
1270110101600,盐酸,AR500ml/瓶,AR,西化,瓶,235009,500996,1,2,0,2,0,24.4,50,股份佛山成品（液）
1270110101600,盐酸,AR500ml/瓶,AR,西化,瓶,235009,500996,1,2,0,2,0,24.4,2539,易制毒仓
1270110101600,盐酸,AR500ml/瓶,AR,西化,瓶,235009,500996,1,2,0,2,0,24.4,4470,京汕仓库
1270110101600,盐酸,AR500ml/瓶,AR,西化,瓶,235009,500996,1,2,0,2,0,24.4,4473,冲单仓
1270320501600,硫酸,GR500ml/玻瓶,,西化,瓶,1353,1353,1,2,0,2,0,26.32,17,平台佛山仓
1270320501600,硫酸,GR500ml/玻瓶,,西化,瓶,1353,1353,1,2,0,2,0,26.32,24,样品仓
1270320501600,硫酸,GR500ml/玻瓶,,西化,瓶,1353,1353,1,2,0,2,0,26.32,34,平台汕头仓
1270320501600,硫酸,GR500ml/玻瓶,,西化,瓶,1353,1353,1,2,0,2,0,26.32,50,股份佛山成品（液）
1270320501600,硫酸,GR500ml/玻瓶,,西化,瓶,1353,1353,1,2,0,2,0,26.32,85,四川小成品（固）
1270320501600,硫酸,GR500ml/玻瓶,,西化,瓶,1353,1353,1,2,0,2,0,26.32,63,四川三酸一水（瓶）
1270320501600,硫酸,GR500ml/玻瓶,,西化,瓶,1353,1353,1,2,0,2,0,26.32,2533,佛山成品（液）
1270320501600,硫酸,GR500ml/玻瓶,,西化,瓶,1353,1353,1,2,0,2,0,26.32,80,佛山西陇成品(液)
1270320501600,硫酸,GR500ml/玻瓶,,西化,瓶,1353,1353,1,2,0,2,0,26.32,2539,易制毒仓
1270320501600,硫酸,GR500ml/玻瓶,,西化,瓶,1353,1353,1,2,0,2,0,26.32,52,汕头直运仓
1270320501600,硫酸,GR500ml/玻瓶,,西化,瓶,1353,1353,1,2,0,2,0,26.32,4,精细佛山仓
1270320501600,硫酸,GR500ml/玻瓶,,西化,瓶,1353,1353,1,2,0,2,0,26.32,90,成品库（NN）
1270320501600,硫酸,GR500ml/玻瓶,,西化,瓶,1353,1353,1,2,0,2,0,26.32,57,股份成品仓（厂标)
1270320501600,硫酸,GR500ml/玻瓶,,西化,瓶,1353,1353,1,2,0,2,0,26.32,4473,冲单仓
1270320501600,硫酸,GR500ml/玻瓶,GR,西化,瓶,222848,221837,1,2,0,2,1,37.6,29,平台仓
1270320501600,硫酸,GR500ml/玻瓶,GR,西化,瓶,222848,221837,1,2,0,2,1,37.6,50,股份佛山成品（液）
1270320501600,硫酸,GR500ml/玻瓶,GR,西化,瓶,222848,221837,1,2,0,2,1,37.6,85,四川小成品（固）
1270320501600,硫酸,GR500ml/玻瓶,GR,西化,瓶,222848,221837,1,2,0,2,1,37.6,63,四川三酸一水（瓶）
1270320501600,硫酸,GR500ml/玻瓶,GR,西化,瓶,222848,221837,1,2,0,2,1,37.6,2533,佛山成品（液）
1270320501600,硫酸,GR500ml/玻瓶,GR,西化,瓶,222848,221837,1,2,0,2,1,37.6,80,佛山西陇成品(液)
1270320501600,硫酸,GR500ml/玻瓶,GR,西化,瓶,222848,221837,1,2,0,2,1,37.6,2539,易制毒仓
1270320501600,硫酸,GR500ml/玻瓶,GR,西化,瓶,222848,221837,1,2,0,2,1,37.6,52,汕头直运仓
1270320501600,硫酸,GR500ml/玻瓶,GR,西化,瓶,222848,221837,1,2,0,2,1,37.6,4,精细佛山仓
1270320501600,硫酸,GR500ml/玻瓶,GR,西化,瓶,222848,221837,1,2,0,2,1,37.6,90,成品库（NN）
1270320501600,硫酸,GR500ml/玻瓶,GR,西化,瓶,222848,221837,1,2,0,2,1,37.6,57,股份成品仓（厂标)
1270320501600,硫酸,GR500ml/玻瓶,GR,西化,瓶,222848,221837,1,2,0,2,1,37.6,4473,冲单仓
1270320501600,硫酸,GR500ml/玻瓶,GR,西化,瓶,226943,223884,1,2,0,2,1,37.6,30,平台仓
1270320501600,硫酸,GR500ml/玻瓶,GR,西化,瓶,226943,223884,1,2,0,2,1,37.6,50,股份佛山成品（液）
1270320501600,硫酸,GR500ml/玻瓶,GR,西化,瓶,226943,223884,1,2,0,2,1,37.6,85,四川小成品（固）
1270320501600,硫酸,GR500ml/玻瓶,GR,西化,瓶,226943,223884,1,2,0,2,1,37.6,63,四川三酸一水（瓶）
1270320501600,硫酸,GR500ml/玻瓶,GR,西化,瓶,226943,223884,1,2,0,2,1,37.6,2533,佛山成品（液）
1270320501600,硫酸,GR500ml/玻瓶,GR,西化,瓶,226943,223884,1,2,0,2,1,37.6,80,佛山西陇成品(液)
1270320501600,硫酸,GR500ml/玻瓶,GR,西化,瓶,226943,223884,1,2,0,2,1,37.6,2539,易制毒仓
1270320501600,硫酸,GR500ml/玻瓶,GR,西化,瓶,226943,223884,1,2,0,2,1,37.6,52,汕头直运仓
1270320501600,硫酸,GR500ml/玻瓶,GR,西化,瓶,226943,223884,1,2,0,2,1,37.6,4,精细佛山仓
1270320501600,硫酸,GR500ml/玻瓶,GR,西化,瓶,226943,223884,1,2,0,2,1,37.6,90,成品库（NN）
1270320501600,硫酸,GR500ml/玻瓶,GR,西化,瓶,226943,223884,1,2,0,2,1,37.6,57,股份成品仓（厂标)
1270320501600,硫酸,GR500ml/玻瓶,GR,西化,瓶,226943,223884,1,2,0,2,1,37.6,4473,冲单仓
1270320501600,硫酸,GR500ml/玻瓶,GR,西化,瓶,231038,225931,1,2,0,2,1,37.6,28,平台仓
1270320501600,硫酸,GR500ml/玻瓶,GR,西化,瓶,231038,225931,1,2,0,2,1,37.6,50,股份佛山成品（液）
1270320501600,硫酸,GR500ml/玻瓶,GR,西化,瓶,231038,225931,1,2,0,2,1,37.6,85,四川小成品（固）
1270320501600,硫酸,GR500ml/玻瓶,GR,西化,瓶,231038,225931,1,2,0,2,1,37.6,63,四川三酸一水（瓶）
1270320501600,硫酸,GR500ml/玻瓶,GR,西化,瓶,231038,225931,1,2,0,2,1,37.6,2533,佛山成品（液）
1270320501600,硫酸,GR500ml/玻瓶,GR,西化,瓶,231038,225931,1,2,0,2,1,37.6,80,佛山西陇成品(液)
1270320501600,硫酸,GR500ml/玻瓶,GR,西化,瓶,231038,225931,1,2,0,2,1,37.6,2539,易制毒仓
1270320501600,硫酸,GR500ml/玻瓶,GR,西化,瓶,231038,225931,1,2,0,2,1,37.6,52,汕头直运仓
1270320501600,硫酸,GR500ml/玻瓶,GR,西化,瓶,231038,225931,1,2,0,2,1,37.6,4,精细佛山仓
1270320501600,硫酸,GR500ml/玻瓶,GR,西化,瓶,231038,225931,1,2,0,2,1,37.6,90,成品库（NN）
1270320501600,硫酸,GR500ml/玻瓶,GR,西化,瓶,231038,225931,1,2,0,2,1,37.6,57,股份成品仓（厂标)
1270320501600,硫酸,GR500ml/玻瓶,GR,西化,瓶,231038,225931,1,2,0,2,1,37.6,4473,冲单仓
1270320501600,硫酸,GR500ml/玻瓶,GR,西化,瓶,235133,227978,1,2,0,2,1,37.6,77,平台仓
1270320501600,硫酸,GR500ml/玻瓶,GR,西化,瓶,235133,227978,1,2,0,2,1,37.6,50,股份佛山成品（液）
1270320501600,硫酸,GR500ml/玻瓶,GR,西化,瓶,235133,227978,1,2,0,2,1,37.6,85,四川小成品（固）
1270320501600,硫酸,GR500ml/玻瓶,GR,西化,瓶,235133,227978,1,2,0,2,1,37.6,63,四川三酸一水（瓶）
1270320501600,硫酸,GR500ml/玻瓶,GR,西化,瓶,235133,227978,1,2,0,2,1,37.6,2533,佛山成品（液）
1270320501600,硫酸,GR500ml/玻瓶,GR,西化,瓶,235133,227978,1,2,0,2,1,37.6,80,佛山西陇成品(液)
1270320501600,硫酸,GR500ml/玻瓶,GR,西化,瓶,235133,227978,1,2,0,2,1,37.6,2539,易制毒仓
1270320501600,硫酸,GR500ml/玻瓶,GR,西化,瓶,235133,227978,1,2,0,2,1,37.6,52,汕头直运仓
1270320501600,硫酸,GR500ml/玻瓶,GR,西化,瓶,235133,227978,1,2,0,2,1,37.6,4,精细佛山仓
1270320501600,硫酸,GR500ml/玻瓶,GR,西化,瓶,235133,227978,1,2,0,2,1,37.6,90,成品库（NN）
1270320501600,硫酸,GR500ml/玻瓶,GR,西化,瓶,235133,227978,1,2,0,2,1,37.6,57,股份成品仓（厂标)
1270320501600,硫酸,GR500ml/玻瓶,GR,西化,瓶,235133,227978,1,2,0,2,1,37.6,4473,冲单仓
1550130101701,硫脲（FS）,AR500g/瓶,,西化,瓶,1337,1337,1,4,0,2,0,18.76,17,平台佛山仓
1550130101701,硫脲（FS）,AR500g/瓶,,西化,瓶,1337,1337,1,4,0,2,0,18.76,79,佛山西陇成品(固)
1550130101701,硫脲（FS）,AR500g/瓶,,西化,瓶,1337,1337,1,4,0,2,0,18.76,57,股份成品仓（厂标)
1550130101701,硫脲（FS）,AR500g/瓶,,西化,瓶,1337,1337,1,4,0,2,0,18.76,2536,佛山天津仓
1550130101701,硫脲（FS）,AR500g/瓶,,西化,瓶,1337,1337,1,4,0,2,0,18.76,4,精细佛山仓
1550130101701,硫脲（FS）,AR500g/瓶,,西化,瓶,1337,1337,1,4,0,2,0,18.76,90,成品库（NN）
1550130101701,硫脲（FS）,AR500g/瓶,,西化,瓶,1337,1337,1,4,0,2,0,18.76,48,股份佛山成品（固）
1550130101701,硫脲（FS）,AR500g/瓶,,西化,瓶,1337,1337,1,4,0,2,0,18.76,83,佛山出口仓
1550130101701,硫脲,AR500g/瓶,AR,西化,瓶,6369,6369,1,4,0,2,1,26.8,29,平台仓
1550130101701,硫脲,AR500g/瓶,AR,西化,瓶,6369,6369,1,4,0,2,1,26.8,79,佛山西陇成品(固)
1550130101701,硫脲,AR500g/瓶,AR,西化,瓶,6369,6369,1,4,0,2,1,26.8,57,股份成品仓（厂标)
1550130101701,硫脲,AR500g/瓶,AR,西化,瓶,6369,6369,1,4,0,2,1,26.8,2536,佛山天津仓
1550130101701,硫脲,AR500g/瓶,AR,西化,瓶,6369,6369,1,4,0,2,1,26.8,4,精细佛山仓
1550130101701,硫脲,AR500g/瓶,AR,西化,瓶,6369,6369,1,4,0,2,1,26.8,90,成品库（NN）
1550130101701,硫脲,AR500g/瓶,AR,西化,瓶,6369,6369,1,4,0,2,1,26.8,48,股份佛山成品（固）
1550130101701,硫脲,AR500g/瓶,AR,西化,瓶,6369,6369,1,4,0,2,1,26.8,83,佛山出口仓
1550130101701,硫脲,AR500g/瓶,AR,西化,瓶,11667,11712,1,4,0,2,1,26.8,30,平台仓
1550130101701,硫脲,AR500g/瓶,AR,西化,瓶,11667,11712,1,4,0,2,1,26.8,79,佛山西陇成品(固)
1550130101701,硫脲,AR500g/瓶,AR,西化,瓶,11667,11712,1,4,0,2,1,26.8,57,股份成品仓（厂标)
1550130101701,硫脲,AR500g/瓶,AR,西化,瓶,11667,11712,1,4,0,2,1,26.8,2536,佛山天津仓
1550130101701,硫脲,AR500g/瓶,AR,西化,瓶,11667,11712,1,4,0,2,1,26.8,4,精细佛山仓
1550130101701,硫脲,AR500g/瓶,AR,西化,瓶,11667,11712,1,4,0,2,1,26.8,90,成品库（NN）
1550130101701,硫脲,AR500g/瓶,AR,西化,瓶,11667,11712,1,4,0,2,1,26.8,48,股份佛山成品（固）
1550130101701,硫脲,AR500g/瓶,AR,西化,瓶,11667,11712,1,4,0,2,1,26.8,83,佛山出口仓
1550130101701,硫脲,AR500g/瓶,AR,西化,瓶,13735,13780,1,4,0,2,1,26.8,28,平台仓
1550130101701,硫脲,AR500g/瓶,AR,西化,瓶,13735,13780,1,4,0,2,1,26.8,79,佛山西陇成品(固)
1550130101701,硫脲,AR500g/瓶,AR,西化,瓶,13735,13780,1,4,0,2,1,26.8,57,股份成品仓（厂标)
1550130101701,硫脲,AR500g/瓶,AR,西化,瓶,13735,13780,1,4,0,2,1,26.8,2536,佛山天津仓
1550130101701,硫脲,AR500g/瓶,AR,西化,瓶,13735,13780,1,4,0,2,1,26.8,4,精细佛山仓
1550130101701,硫脲,AR500g/瓶,AR,西化,瓶,13735,13780,1,4,0,2,1,26.8,90,成品库（NN）
1550130101701,硫脲,AR500g/瓶,AR,西化,瓶,13735,13780,1,4,0,2,1,26.8,48,股份佛山成品（固）
1550130101701,硫脲,AR500g/瓶,AR,西化,瓶,13735,13780,1,4,0,2,1,26.8,83,佛山出口仓
1550130101701,硫脲,AR500g/瓶,AR,西化,瓶,82576,82646,1,4,0,2,1,26.8,77,平台仓
1550130101701,硫脲,AR500g/瓶,AR,西化,瓶,82576,82646,1,4,0,2,1,26.8,79,佛山西陇成品(固)
1550130101701,硫脲,AR500g/瓶,AR,西化,瓶,82576,82646,1,4,0,2,1,26.8,57,股份成品仓（厂标)
1550130101701,硫脲,AR500g/瓶,AR,西化,瓶,82576,82646,1,4,0,2,1,26.8,2536,佛山天津仓
1550130101701,硫脲,AR500g/瓶,AR,西化,瓶,82576,82646,1,4,0,2,1,26.8,4,精细佛山仓
1550130101701,硫脲,AR500g/瓶,AR,西化,瓶,82576,82646,1,4,0,2,1,26.8,90,成品库（NN）
1550130101701,硫脲,AR500g/瓶,AR,西化,瓶,82576,82646,1,4,0,2,1,26.8,48,股份佛山成品（固）
1550130101701,硫脲,AR500g/瓶,AR,西化,瓶,82576,82646,1,4,0,2,1,26.8,83,佛山出口仓
1010510101700,一水合次亚磷酸钠（次亚磷酸钠）,AR500g/瓶,,西化,瓶,1740,1740,1,0,0,2,0,38.5,17,平台佛山仓
1010510101700,一水合次亚磷酸钠（次亚磷酸钠）,AR500g/瓶,,西化,瓶,1740,1740,1,0,0,2,0,38.5,9,汕头工厂仓
1010510101700,一水合次亚磷酸钠（次亚磷酸钠）,AR500g/瓶,,西化,瓶,1740,1740,1,0,0,2,0,38.5,2536,佛山天津仓
1010510101700,一水合次亚磷酸钠（次亚磷酸钠）,AR500g/瓶,,西化,瓶,1740,1740,1,0,0,2,0,38.5,57,股份成品仓（厂标)
1010510101700,一水合次亚磷酸钠（次亚磷酸钠）,AR500g/瓶,,西化,瓶,1740,1740,1,0,0,2,0,38.5,75,zyc_sc
1010510101700,一水合次亚磷酸钠（次亚磷酸钠）,AR500g/瓶,,西化,瓶,1740,1740,1,0,0,2,0,38.5,48,股份佛山成品（固）
1010510101700,一水合次亚磷酸钠（次亚磷酸钠）,AR500g/瓶,,西化,瓶,1740,1740,1,0,0,2,0,38.5,85,四川小成品（固）
1010510101700,一水合次亚磷酸钠（次亚磷酸钠）,AR500g/瓶,,西化,瓶,1740,1740,1,0,0,2,0,38.5,79,佛山西陇成品(固)
1010510101700,一水合次亚磷酸钠（次亚磷酸钠）,AR500g/瓶,,西化,瓶,1740,1740,1,0,0,2,0,38.5,1370,中基仓(上海仓)
1010510101700,一水合次亚磷酸钠（次亚磷酸钠）,AR500g/瓶,,西化,瓶,1740,1740,1,0,0,2,0,38.5,4,精细佛山仓
1010510101700,一水合次亚磷酸钠(次亚磷酸钠),AR500g/瓶,AR,西化,瓶,221377,221023,1,0,0,2,7,55.0,29,平台仓
1010510101700,一水合次亚磷酸钠(次亚磷酸钠),AR500g/瓶,AR,西化,瓶,221377,221023,1,0,0,2,7,55.0,9,汕头工厂仓
1010510101700,一水合次亚磷酸钠(次亚磷酸钠),AR500g/瓶,AR,西化,瓶,221377,221023,1,0,0,2,7,55.0,2536,佛山天津仓
1010510101700,一水合次亚磷酸钠(次亚磷酸钠),AR500g/瓶,AR,西化,瓶,221377,221023,1,0,0,2,7,55.0,57,股份成品仓（厂标)
1010510101700,一水合次亚磷酸钠(次亚磷酸钠),AR500g/瓶,AR,西化,瓶,221377,221023,1,0,0,2,7,55.0,75,zyc_sc
1010510101700,一水合次亚磷酸钠(次亚磷酸钠),AR500g/瓶,AR,西化,瓶,221377,221023,1,0,0,2,7,55.0,48,股份佛山成品（固）
1010510101700,一水合次亚磷酸钠(次亚磷酸钠),AR500g/瓶,AR,西化,瓶,221377,221023,1,0,0,2,7,55.0,85,四川小成品（固）
1010510101700,一水合次亚磷酸钠(次亚磷酸钠),AR500g/瓶,AR,西化,瓶,221377,221023,1,0,0,2,7,55.0,79,佛山西陇成品(固)
1010510101700,一水合次亚磷酸钠(次亚磷酸钠),AR500g/瓶,AR,西化,瓶,221377,221023,1,0,0,2,7,55.0,1370,中基仓(上海仓)
1010510101700,一水合次亚磷酸钠(次亚磷酸钠),AR500g/瓶,AR,西化,瓶,221377,221023,1,0,0,2,7,55.0,4,精细佛山仓
1010510101700,一水合次亚磷酸钠(次亚磷酸钠),AR500g/瓶,AR,西化,瓶,225472,223070,1,0,0,2,7,55.0,30,平台仓
1010510101700,一水合次亚磷酸钠(次亚磷酸钠),AR500g/瓶,AR,西化,瓶,225472,223070,1,0,0,2,7,55.0,9,汕头工厂仓
1010510101700,一水合次亚磷酸钠(次亚磷酸钠),AR500g/瓶,AR,西化,瓶,225472,223070,1,0,0,2,7,55.0,2536,佛山天津仓
1010510101700,一水合次亚磷酸钠(次亚磷酸钠),AR500g/瓶,AR,西化,瓶,225472,223070,1,0,0,2,7,55.0,57,股份成品仓（厂标)
1010510101700,一水合次亚磷酸钠(次亚磷酸钠),AR500g/瓶,AR,西化,瓶,225472,223070,1,0,0,2,7,55.0,75,zyc_sc
1010510101700,一水合次亚磷酸钠(次亚磷酸钠),AR500g/瓶,AR,西化,瓶,225472,223070,1,0,0,2,7,55.0,48,股份佛山成品（固）
1010510101700,一水合次亚磷酸钠(次亚磷酸钠),AR500g/瓶,AR,西化,瓶,225472,223070,1,0,0,2,7,55.0,85,四川小成品（固）
1010510101700,一水合次亚磷酸钠(次亚磷酸钠),AR500g/瓶,AR,西化,瓶,225472,223070,1,0,0,2,7,55.0,79,佛山西陇成品(固)
1010510101700,一水合次亚磷酸钠(次亚磷酸钠),AR500g/瓶,AR,西化,瓶,225472,223070,1,0,0,2,7,55.0,1370,中基仓(上海仓)
1010510101700,一水合次亚磷酸钠(次亚磷酸钠),AR500g/瓶,AR,西化,瓶,225472,223070,1,0,0,2,7,55.0,4,精细佛山仓
1010510101700,一水合次亚磷酸钠(次亚磷酸钠),AR500g/瓶,AR,西化,瓶,229567,225117,1,0,0,2,7,55.0,28,平台仓
1010510101700,一水合次亚磷酸钠(次亚磷酸钠),AR500g/瓶,AR,西化,瓶,229567,225117,1,0,0,2,7,55.0,9,汕头工厂仓
1010510101700,一水合次亚磷酸钠(次亚磷酸钠),AR500g/瓶,AR,西化,瓶,229567,225117,1,0,0,2,7,55.0,2536,佛山天津仓
1010510101700,一水合次亚磷酸钠(次亚磷酸钠),AR500g/瓶,AR,西化,瓶,229567,225117,1,0,0,2,7,55.0,57,股份成品仓（厂标)
1010510101700,一水合次亚磷酸钠(次亚磷酸钠),AR500g/瓶,AR,西化,瓶,229567,225117,1,0,0,2,7,55.0,75,zyc_sc
1010510101700,一水合次亚磷酸钠(次亚磷酸钠),AR500g/瓶,AR,西化,瓶,229567,225117,1,0,0,2,7,55.0,48,股份佛山成品（固）
1010510101700,一水合次亚磷酸钠(次亚磷酸钠),AR500g/瓶,AR,西化,瓶,229567,225117,1,0,0,2,7,55.0,85,四川小成品（固）
1010510101700,一水合次亚磷酸钠(次亚磷酸钠),AR500g/瓶,AR,西化,瓶,229567,225117,1,0,0,2,7,55.0,79,佛山西陇成品(固)
1010510101700,一水合次亚磷酸钠(次亚磷酸钠),AR500g/瓶,AR,西化,瓶,229567,225117,1,0,0,2,7,55.0,1370,中基仓(上海仓)
1010510101700,一水合次亚磷酸钠(次亚磷酸钠),AR500g/瓶,AR,西化,瓶,229567,225117,1,0,0,2,7,55.0,4,精细佛山仓
1010510101700,一水合次亚磷酸钠(次亚磷酸钠),AR500g/瓶,AR,西化,瓶,233662,227164,1,0,0,2,7,55.0,77,平台仓
1010510101700,一水合次亚磷酸钠(次亚磷酸钠),AR500g/瓶,AR,西化,瓶,233662,227164,1,0,0,2,7,55.0,9,汕头工厂仓
1010510101700,一水合次亚磷酸钠(次亚磷酸钠),AR500g/瓶,AR,西化,瓶,233662,227164,1,0,0,2,7,55.0,2536,佛山天津仓
1010510101700,一水合次亚磷酸钠(次亚磷酸钠),AR500g/瓶,AR,西化,瓶,233662,227164,1,0,0,2,7,55.0,57,股份成品仓（厂标)
1010510101700,一水合次亚磷酸钠(次亚磷酸钠),AR500g/瓶,AR,西化,瓶,233662,227164,1,0,0,2,7,55.0,75,zyc_sc
1010510101700,一水合次亚磷酸钠(次亚磷酸钠),AR500g/瓶,AR,西化,瓶,233662,227164,1,0,0,2,7,55.0,48,股份佛山成品（固）
1010510101700,一水合次亚磷酸钠(次亚磷酸钠),AR500g/瓶,AR,西化,瓶,233662,227164,1,0,0,2,7,55.0,85,四川小成品（固）
1010510101700,一水合次亚磷酸钠(次亚磷酸钠),AR500g/瓶,AR,西化,瓶,233662,227164,1,0,0,2,7,55.0,79,佛山西陇成品(固)
1010510101700,一水合次亚磷酸钠(次亚磷酸钠),AR500g/瓶,AR,西化,瓶,233662,227164,1,0,0,2,7,55.0,1370,中基仓(上海仓)
1010510101700,一水合次亚磷酸钠(次亚磷酸钠),AR500g/瓶,AR,西化,瓶,233662,227164,1,0,0,2,7,55.0,4,精细佛山仓
1180010110600,氧化银,AR1000g/瓶,AR,西化,瓶,223320,222128,1,4,0,2,1,0.0,29,平台仓
1180010110600,氧化银,AR1000g/瓶,AR,西化,瓶,223320,222128,1,4,0,2,1,0.0,9,汕头工厂仓
1180010110600,氧化银,AR1000g/瓶,AR,西化,瓶,223320,222128,1,4,0,2,1,0.0,731,成品仓
1180010110600,氧化银,AR1000g/瓶,AR,西化,瓶,223320,222128,1,4,0,2,1,0.0,79,佛山西陇成品(固)
1180010110600,氧化银,AR1000g/瓶,AR,西化,瓶,223320,222128,1,4,0,2,1,0.0,85,四川小成品（固）
1180010110600,氧化银,AR1000g/瓶,AR,西化,瓶,223320,222128,1,4,0,2,1,0.0,57,股份成品仓（厂标)
1180010110600,氧化银,AR1000g/瓶,AR,西化,瓶,223320,222128,1,4,0,2,1,0.0,4473,冲单仓
1180010110600,氧化银,AR1000g/瓶,AR,西化,瓶,227415,224175,1,4,0,2,1,0.0,30,平台仓
1180010110600,氧化银,AR1000g/瓶,AR,西化,瓶,227415,224175,1,4,0,2,1,0.0,9,汕头工厂仓
1180010110600,氧化银,AR1000g/瓶,AR,西化,瓶,227415,224175,1,4,0,2,1,0.0,731,成品仓
1180010110600,氧化银,AR1000g/瓶,AR,西化,瓶,227415,224175,1,4,0,2,1,0.0,79,佛山西陇成品(固)
1180010110600,氧化银,AR1000g/瓶,AR,西化,瓶,227415,224175,1,4,0,2,1,0.0,85,四川小成品（固）
1180010110600,氧化银,AR1000g/瓶,AR,西化,瓶,227415,224175,1,4,0,2,1,0.0,57,股份成品仓（厂标)
1180010110600,氧化银,AR1000g/瓶,AR,西化,瓶,227415,224175,1,4,0,2,1,0.0,4473,冲单仓
1180010110600,氧化银,AR1000g/瓶,AR,西化,瓶,231510,226222,1,4,0,2,1,0.0,28,平台仓
1180010110600,氧化银,AR1000g/瓶,AR,西化,瓶,231510,226222,1,4,0,2,1,0.0,9,汕头工厂仓
1180010110600,氧化银,AR1000g/瓶,AR,西化,瓶,231510,226222,1,4,0,2,1,0.0,731,成品仓
1180010110600,氧化银,AR1000g/瓶,AR,西化,瓶,231510,226222,1,4,0,2,1,0.0,79,佛山西陇成品(固)
1180010110600,氧化银,AR1000g/瓶,AR,西化,瓶,231510,226222,1,4,0,2,1,0.0,85,四川小成品（固）
1180010110600,氧化银,AR1000g/瓶,AR,西化,瓶,231510,226222,1,4,0,2,1,0.0,57,股份成品仓（厂标)
1180010110600,氧化银,AR1000g/瓶,AR,西化,瓶,231510,226222,1,4,0,2,1,0.0,4473,冲单仓
1180010110600,氧化银,AR1000g/瓶,AR,西化,瓶,235605,228269,1,4,0,2,1,0.0,77,平台仓
1180010110600,氧化银,AR1000g/瓶,AR,西化,瓶,235605,228269,1,4,0,2,1,0.0,9,汕头工厂仓
1180010110600,氧化银,AR1000g/瓶,AR,西化,瓶,235605,228269,1,4,0,2,1,0.0,731,成品仓
1180010110600,氧化银,AR1000g/瓶,AR,西化,瓶,235605,228269,1,4,0,2,1,0.0,79,佛山西陇成品(固)
1180010110600,氧化银,AR1000g/瓶,AR,西化,瓶,235605,228269,1,4,0,2,1,0.0,85,四川小成品（固）
1180010110600,氧化银,AR1000g/瓶,AR,西化,瓶,235605,228269,1,4,0,2,1,0.0,57,股份成品仓（厂标)
1180010110600,氧化银,AR1000g/瓶,AR,西化,瓶,235605,228269,1,4,0,2,1,0.0,4473,冲单仓
1180010110600,氧化银,AR、100g,,西化,瓶,298876,291355,1,4,0,3,0,7825.96,9,汕头工厂仓
1180010110600,氧化银,AR、100g,,西化,瓶,298876,291355,1,4,0,3,0,7825.96,731,成品仓
1180010110600,氧化银,AR、100g,,西化,瓶,298876,291355,1,4,0,3,0,7825.96,79,佛山西陇成品(固)
1180010110600,氧化银,AR、100g,,西化,瓶,298876,291355,1,4,0,3,0,7825.96,85,四川小成品（固）
1180010110600,氧化银,AR、100g,,西化,瓶,298876,291355,1,4,0,3,0,7825.96,57,股份成品仓（厂标)
1180010110600,氧化银,AR、100g,,西化,瓶,298876,291355,1,4,0,3,0,7825.96,4473,冲单仓
1180010110600,氧化银,AR1000g/瓶,,西化,瓶,457116,448303,1,4,0,2,0,12238.5,17,平台佛山仓
1180010110600,氧化银,AR1000g/瓶,,西化,瓶,457116,448303,1,4,0,2,0,12238.5,9,汕头工厂仓
1180010110600,氧化银,AR1000g/瓶,,西化,瓶,457116,448303,1,4,0,2,0,12238.5,731,成品仓
1180010110600,氧化银,AR1000g/瓶,,西化,瓶,457116,448303,1,4,0,2,0,12238.5,79,佛山西陇成品(固)
1180010110600,氧化银,AR1000g/瓶,,西化,瓶,457116,448303,1,4,0,2,0,12238.5,85,四川小成品（固）
1180010110600,氧化银,AR1000g/瓶,,西化,瓶,457116,448303,1,4,0,2,0,12238.5,57,股份成品仓（厂标)
1180010110600,氧化银,AR1000g/瓶,,西化,瓶,457116,448303,1,4,0,2,0,12238.5,4473,冲单仓
1280340801600,乙醇（无水乙醇）,"高效液相色谱淋洗液(HPLC),500ml/瓶;",,西化,瓶,131844,131922,1,4,0,2,0,20.0,17,平台佛山仓
1280340801600,乙醇（无水乙醇）,"高效液相色谱淋洗液(HPLC),500ml/瓶;",,西化,瓶,131844,131922,1,4,0,2,0,20.0,82,佛山外寄仓
1280340801600,乙醇（无水乙醇）,"高效液相色谱淋洗液(HPLC),500ml/瓶;",,西化,瓶,131844,131922,1,4,0,2,0,20.0,61,四川小成品（液）
1280340801600,乙醇（无水乙醇）,"高效液相色谱淋洗液(HPLC),500ml/瓶;",,西化,瓶,131844,131922,1,4,0,2,0,20.0,57,股份成品仓（厂标)
1280340801600,乙醇（无水乙醇）,"高效液相色谱淋洗液(HPLC),500ml/瓶;",,西化,瓶,131844,131922,1,4,0,2,0,20.0,50,股份佛山成品（液）
1280340801600,乙醇（无水乙醇）,"高效液相色谱淋洗液(HPLC),500ml/瓶;",,西化,瓶,131844,131922,1,4,0,2,0,20.0,1370,中基仓(上海仓)
1280340801600,乙醇（无水乙醇）,"高效液相色谱淋洗液(HPLC),500ml/瓶;",,西化,瓶,131844,131922,1,4,0,2,0,20.0,2536,佛山天津仓
1280340801600,乙醇（无水乙醇）,"高效液相色谱淋洗液(HPLC),500ml/瓶;",,西化,瓶,131844,131922,1,4,0,2,0,20.0,278,甲类成品仓
1280340801600,乙醇（无水乙醇）,"高效液相色谱淋洗液(HPLC),500ml/瓶;",,西化,瓶,131844,131922,1,4,0,2,0,20.0,4481,冲单仓
1280340801600,乙醇(无水乙醇),"高效液相色谱淋洗液(HPLC),500ml/瓶",HPLC,西化,瓶,221727,221207,1,4,0,2,7,28.6,29,平台仓
1280340801600,乙醇(无水乙醇),"高效液相色谱淋洗液(HPLC),500ml/瓶",HPLC,西化,瓶,221727,221207,1,4,0,2,7,28.6,91,平台实体仓
1280340801600,乙醇(无水乙醇),"高效液相色谱淋洗液(HPLC),500ml/瓶",HPLC,西化,瓶,221727,221207,1,4,0,2,7,28.6,82,佛山外寄仓
1280340801600,乙醇(无水乙醇),"高效液相色谱淋洗液(HPLC),500ml/瓶",HPLC,西化,瓶,221727,221207,1,4,0,2,7,28.6,61,四川小成品（液）
1280340801600,乙醇(无水乙醇),"高效液相色谱淋洗液(HPLC),500ml/瓶",HPLC,西化,瓶,221727,221207,1,4,0,2,7,28.6,57,股份成品仓（厂标)
1280340801600,乙醇(无水乙醇),"高效液相色谱淋洗液(HPLC),500ml/瓶",HPLC,西化,瓶,221727,221207,1,4,0,2,7,28.6,50,股份佛山成品（液）
1280340801600,乙醇(无水乙醇),"高效液相色谱淋洗液(HPLC),500ml/瓶",HPLC,西化,瓶,221727,221207,1,4,0,2,7,28.6,1370,中基仓(上海仓)
1280340801600,乙醇(无水乙醇),"高效液相色谱淋洗液(HPLC),500ml/瓶",HPLC,西化,瓶,221727,221207,1,4,0,2,7,28.6,2536,佛山天津仓
1280340801600,乙醇(无水乙醇),"高效液相色谱淋洗液(HPLC),500ml/瓶",HPLC,西化,瓶,221727,221207,1,4,0,2,7,28.6,278,甲类成品仓
1280340801600,乙醇(无水乙醇),"高效液相色谱淋洗液(HPLC),500ml/瓶",HPLC,西化,瓶,221727,221207,1,4,0,2,7,28.6,4481,冲单仓
1280340801600,乙醇(无水乙醇),"高效液相色谱淋洗液(HPLC),500ml/瓶",HPLC,西化,瓶,225822,223254,1,4,0,2,7,28.6,30,平台仓
1280340801600,乙醇(无水乙醇),"高效液相色谱淋洗液(HPLC),500ml/瓶",HPLC,西化,瓶,225822,223254,1,4,0,2,7,28.6,82,佛山外寄仓
1280340801600,乙醇(无水乙醇),"高效液相色谱淋洗液(HPLC),500ml/瓶",HPLC,西化,瓶,225822,223254,1,4,0,2,7,28.6,61,四川小成品（液）
1280340801600,乙醇(无水乙醇),"高效液相色谱淋洗液(HPLC),500ml/瓶",HPLC,西化,瓶,225822,223254,1,4,0,2,7,28.6,57,股份成品仓（厂标)
1280340801600,乙醇(无水乙醇),"高效液相色谱淋洗液(HPLC),500ml/瓶",HPLC,西化,瓶,225822,223254,1,4,0,2,7,28.6,50,股份佛山成品（液）
1280340801600,乙醇(无水乙醇),"高效液相色谱淋洗液(HPLC),500ml/瓶",HPLC,西化,瓶,225822,223254,1,4,0,2,7,28.6,1370,中基仓(上海仓)
1280340801600,乙醇(无水乙醇),"高效液相色谱淋洗液(HPLC),500ml/瓶",HPLC,西化,瓶,225822,223254,1,4,0,2,7,28.6,2536,佛山天津仓
1280340801600,乙醇(无水乙醇),"高效液相色谱淋洗液(HPLC),500ml/瓶",HPLC,西化,瓶,225822,223254,1,4,0,2,7,28.6,278,甲类成品仓
1280340801600,乙醇(无水乙醇),"高效液相色谱淋洗液(HPLC),500ml/瓶",HPLC,西化,瓶,225822,223254,1,4,0,2,7,28.6,4481,冲单仓
1280340801600,乙醇(无水乙醇),"高效液相色谱淋洗液(HPLC),500ml/瓶",HPLC,西化,瓶,229917,225301,1,4,0,2,7,28.6,28,平台仓
1280340801600,乙醇(无水乙醇),"高效液相色谱淋洗液(HPLC),500ml/瓶",HPLC,西化,瓶,229917,225301,1,4,0,2,7,28.6,82,佛山外寄仓
1280340801600,乙醇(无水乙醇),"高效液相色谱淋洗液(HPLC),500ml/瓶",HPLC,西化,瓶,229917,225301,1,4,0,2,7,28.6,61,四川小成品（液）
1280340801600,乙醇(无水乙醇),"高效液相色谱淋洗液(HPLC),500ml/瓶",HPLC,西化,瓶,229917,225301,1,4,0,2,7,28.6,57,股份成品仓（厂标)
1280340801600,乙醇(无水乙醇),"高效液相色谱淋洗液(HPLC),500ml/瓶",HPLC,西化,瓶,229917,225301,1,4,0,2,7,28.6,50,股份佛山成品（液）
1280340801600,乙醇(无水乙醇),"高效液相色谱淋洗液(HPLC),500ml/瓶",HPLC,西化,瓶,229917,225301,1,4,0,2,7,28.6,1370,中基仓(上海仓)
1280340801600,乙醇(无水乙醇),"高效液相色谱淋洗液(HPLC),500ml/瓶",HPLC,西化,瓶,229917,225301,1,4,0,2,7,28.6,2536,佛山天津仓
1280340801600,乙醇(无水乙醇),"高效液相色谱淋洗液(HPLC),500ml/瓶",HPLC,西化,瓶,229917,225301,1,4,0,2,7,28.6,278,甲类成品仓
1280340801600,乙醇(无水乙醇),"高效液相色谱淋洗液(HPLC),500ml/瓶",HPLC,西化,瓶,229917,225301,1,4,0,2,7,28.6,4481,冲单仓
1280340801600,乙醇(无水乙醇),"高效液相色谱淋洗液(HPLC),500ml/瓶",HPLC,西化,瓶,234012,227348,1,4,0,2,7,28.6,77,平台仓
1280340801600,乙醇(无水乙醇),"高效液相色谱淋洗液(HPLC),500ml/瓶",HPLC,西化,瓶,234012,227348,1,4,0,2,7,28.6,82,佛山外寄仓
1280340801600,乙醇(无水乙醇),"高效液相色谱淋洗液(HPLC),500ml/瓶",HPLC,西化,瓶,234012,227348,1,4,0,2,7,28.6,61,四川小成品（液）
1280340801600,乙醇(无水乙醇),"高效液相色谱淋洗液(HPLC),500ml/瓶",HPLC,西化,瓶,234012,227348,1,4,0,2,7,28.6,57,股份成品仓（厂标)
1280340801600,乙醇(无水乙醇),"高效液相色谱淋洗液(HPLC),500ml/瓶",HPLC,西化,瓶,234012,227348,1,4,0,2,7,28.6,50,股份佛山成品（液）
1280340801600,乙醇(无水乙醇),"高效液相色谱淋洗液(HPLC),500ml/瓶",HPLC,西化,瓶,234012,227348,1,4,0,2,7,28.6,1370,中基仓(上海仓)
1280340801600,乙醇(无水乙醇),"高效液相色谱淋洗液(HPLC),500ml/瓶",HPLC,西化,瓶,234012,227348,1,4,0,2,7,28.6,2536,佛山天津仓
1280340801600,乙醇(无水乙醇),"高效液相色谱淋洗液(HPLC),500ml/瓶",HPLC,西化,瓶,234012,227348,1,4,0,2,7,28.6,278,甲类成品仓
1280340801600,乙醇(无水乙醇),"高效液相色谱淋洗液(HPLC),500ml/瓶",HPLC,西化,瓶,234012,227348,1,4,0,2,7,28.6,4481,冲单仓
1270400106100,硼酸,"AR20kg/桶,2kg*10袋",AR,西化,KG,108610,108683,20,4,0,2,7,0.0,29,平台仓
1270400106100,硼酸,"AR20kg/桶,2kg*10袋",AR,西化,KG,108610,108683,20,4,0,2,7,0.0,58,股份成品库（二）
1270400106100,硼酸,"AR20kg/桶,2kg*10袋",AR,西化,KG,108614,108687,20,4,0,2,7,0.0,77,平台仓
1270400106100,硼酸,"AR20kg/桶,2kg*10袋",AR,西化,KG,108614,108687,20,4,0,2,7,0.0,58,股份成品库（二）
1010240104203,十水合四硼酸钠(四硼酸钠),"AR25kg/桶,2.5kg*10袋",AR,西化,KG,108605,108678,25,0,0,2,7,0.0,29,平台仓
1010240104203,十水合四硼酸钠(四硼酸钠),"AR25kg/桶,2.5kg*10袋",AR,西化,KG,108605,108678,25,0,0,2,7,0.0,58,股份成品库（二）
1010240104203,十水合四硼酸钠(四硼酸钠),"AR25kg/桶,2.5kg*10袋",AR,西化,KG,108606,108679,25,0,0,2,7,0.0,30,平台仓
1010240104203,十水合四硼酸钠(四硼酸钠),"AR25kg/桶,2.5kg*10袋",AR,西化,KG,108606,108679,25,0,0,2,7,0.0,58,股份成品库（二）
1010240104203,十水合四硼酸钠(四硼酸钠),"AR25kg/桶,2.5kg*10袋",AR,西化,KG,108607,108680,25,0,0,2,7,0.0,28,平台仓
1010240104203,十水合四硼酸钠(四硼酸钠),"AR25kg/桶,2.5kg*10袋",AR,西化,KG,108607,108680,25,0,0,2,7,0.0,58,股份成品库（二）
1010240104203,十水合四硼酸钠(四硼酸钠),"AR25kg/桶,2.5kg*10袋",AR,西化,KG,108609,108682,25,0,0,2,7,0.0,77,平台仓
1010240104203,十水合四硼酸钠(四硼酸钠),"AR25kg/桶,2.5kg*10袋",AR,西化,KG,108609,108682,25,0,0,2,7,0.0,58,股份成品库（二）
1030070204202,碳酸钙,CP25kg/桶,CP,西化,KG,222982,221912,25,0,0,2,7,35.2,29,平台仓
1030070204202,碳酸钙,CP25kg/桶,CP,西化,KG,222982,221912,25,0,0,2,7,35.2,91,平台实体仓
1030070204202,碳酸钙,CP25kg/桶,CP,西化,KG,222982,221912,25,0,0,2,7,35.2,58,股份成品库（二）
1030070204202,碳酸钙,CP25kg/桶,CP,西化,KG,222982,221912,25,0,0,2,7,35.2,81,佛山西陇成品(二)
1030070204202,碳酸钙,CP25kg/桶,CP,西化,KG,227077,223959,25,0,0,2,7,35.2,30,平台仓
1030070204202,碳酸钙,CP25kg/桶,CP,西化,KG,227077,223959,25,0,0,2,7,35.2,58,股份成品库（二）
1030070204202,碳酸钙,CP25kg/桶,CP,西化,KG,227077,223959,25,0,0,2,7,35.2,81,佛山西陇成品(二)
1030070204202,碳酸钙,CP25kg/桶,CP,西化,KG,231172,226006,25,0,0,2,7,35.2,28,平台仓
1030070204202,碳酸钙,CP25kg/桶,CP,西化,KG,231172,226006,25,0,0,2,7,35.2,58,股份成品库（二）
1030070204202,碳酸钙,CP25kg/桶,CP,西化,KG,231172,226006,25,0,0,2,7,35.2,81,佛山西陇成品(二)
1030070204202,碳酸钙,CP25kg/桶,CP,西化,KG,235267,228053,25,0,0,2,7,35.2,77,平台仓
1030070204202,碳酸钙,CP25kg/桶,CP,西化,KG,235267,228053,25,0,0,2,7,35.2,58,股份成品库（二）
1030070204202,碳酸钙,CP25kg/桶,CP,西化,KG,235267,228053,25,0,0,2,7,35.2,81,佛山西陇成品(二)
1040050104600,二氧化锰,AR250g/瓶,,西化,瓶,1170,1170,1,0,0,2,0,19.5,17,平台佛山仓
1040050104600,二氧化锰,AR250g/瓶,,西化,瓶,1170,1170,1,0,0,2,0,19.5,56,股份出口仓
1040050104600,二氧化锰,AR250g/瓶,,西化,瓶,1170,1170,1,0,0,2,0,19.5,90,成品库（NN）
1040050104600,二氧化锰,AR250g/瓶,,西化,瓶,1170,1170,1,0,0,2,0,19.5,48,股份佛山成品（固）
1040050104600,二氧化锰,AR250g/瓶,,西化,瓶,1170,1170,1,0,0,2,0,19.5,1370,中基仓(上海仓)
1040050104600,二氧化锰,AR250g/瓶,,西化,瓶,1170,1170,1,0,0,2,0,19.5,79,佛山西陇成品(固)
1040050104600,二氧化锰,AR250g/瓶,,西化,瓶,1170,1170,1,0,0,2,0,19.5,2536,佛山天津仓
1040050104600,二氧化锰,AR250g/瓶,,西化,瓶,1170,1170,1,0,0,2,0,19.5,57,股份成品仓（厂标)
1040050104600,二氧化锰,AR250g/瓶,,西化,瓶,1170,1170,1,0,0,2,0,19.5,4,精细佛山仓
1040050104600,二氧化锰,AR250g/瓶,,西化,瓶,1170,1170,1,0,0,2,0,19.5,85,四川小成品（固）
1040050104600,二氧化锰,AR250g/瓶,,西化,瓶,1170,1170,1,0,0,2,0,19.5,4476,平账仓
1040050104600,二氧化锰,AR250g/瓶,AR,西化,瓶,221790,221242,1,0,0,2,1,27.8,29,平台仓
1040050104600,二氧化锰,AR250g/瓶,AR,西化,瓶,221790,221242,1,0,0,2,1,27.8,91,平台实体仓
1040050104600,二氧化锰,AR250g/瓶,AR,西化,瓶,221790,221242,1,0,0,2,1,27.8,56,股份出口仓
1040050104600,二氧化锰,AR250g/瓶,AR,西化,瓶,221790,221242,1,0,0,2,1,27.8,90,成品库（NN）
1040050104600,二氧化锰,AR250g/瓶,AR,西化,瓶,221790,221242,1,0,0,2,1,27.8,48,股份佛山成品（固）
1040050104600,二氧化锰,AR250g/瓶,AR,西化,瓶,221790,221242,1,0,0,2,1,27.8,1370,中基仓(上海仓)
1040050104600,二氧化锰,AR250g/瓶,AR,西化,瓶,221790,221242,1,0,0,2,1,27.8,79,佛山西陇成品(固)
1040050104600,二氧化锰,AR250g/瓶,AR,西化,瓶,221790,221242,1,0,0,2,1,27.8,2536,佛山天津仓
1040050104600,二氧化锰,AR250g/瓶,AR,西化,瓶,221790,221242,1,0,0,2,1,27.8,57,股份成品仓（厂标)
1040050104600,二氧化锰,AR250g/瓶,AR,西化,瓶,221790,221242,1,0,0,2,1,27.8,4,精细佛山仓
1040050104600,二氧化锰,AR250g/瓶,AR,西化,瓶,221790,221242,1,0,0,2,1,27.8,85,四川小成品（固）
1040050104600,二氧化锰,AR250g/瓶,AR,西化,瓶,221790,221242,1,0,0,2,1,27.8,4476,平账仓
1040050104600,二氧化锰,AR250g/瓶,AR,西化,瓶,225885,223289,1,0,0,2,1,27.8,30,平台仓
1040050104600,二氧化锰,AR250g/瓶,AR,西化,瓶,225885,223289,1,0,0,2,1,27.8,56,股份出口仓
1040050104600,二氧化锰,AR250g/瓶,AR,西化,瓶,225885,223289,1,0,0,2,1,27.8,90,成品库（NN）
1040050104600,二氧化锰,AR250g/瓶,AR,西化,瓶,225885,223289,1,0,0,2,1,27.8,48,股份佛山成品（固）
1040050104600,二氧化锰,AR250g/瓶,AR,西化,瓶,225885,223289,1,0,0,2,1,27.8,1370,中基仓(上海仓)
1040050104600,二氧化锰,AR250g/瓶,AR,西化,瓶,225885,223289,1,0,0,2,1,27.8,79,佛山西陇成品(固)
1040050104600,二氧化锰,AR250g/瓶,AR,西化,瓶,225885,223289,1,0,0,2,1,27.8,2536,佛山天津仓
1040050104600,二氧化锰,AR250g/瓶,AR,西化,瓶,225885,223289,1,0,0,2,1,27.8,57,股份成品仓（厂标)
1040050104600,二氧化锰,AR250g/瓶,AR,西化,瓶,225885,223289,1,0,0,2,1,27.8,4,精细佛山仓
1040050104600,二氧化锰,AR250g/瓶,AR,西化,瓶,225885,223289,1,0,0,2,1,27.8,85,四川小成品（固）
1040050104600,二氧化锰,AR250g/瓶,AR,西化,瓶,225885,223289,1,0,0,2,1,27.8,4476,平账仓
1040050104600,二氧化锰,AR250g/瓶,AR,西化,瓶,229980,225336,1,0,0,2,1,27.8,28,平台仓
1040050104600,二氧化锰,AR250g/瓶,AR,西化,瓶,229980,225336,1,0,0,2,1,27.8,56,股份出口仓
1040050104600,二氧化锰,AR250g/瓶,AR,西化,瓶,229980,225336,1,0,0,2,1,27.8,90,成品库（NN）
1040050104600,二氧化锰,AR250g/瓶,AR,西化,瓶,229980,225336,1,0,0,2,1,27.8,48,股份佛山成品（固）
1040050104600,二氧化锰,AR250g/瓶,AR,西化,瓶,229980,225336,1,0,0,2,1,27.8,1370,中基仓(上海仓)
1040050104600,二氧化锰,AR250g/瓶,AR,西化,瓶,229980,225336,1,0,0,2,1,27.8,79,佛山西陇成品(固)
1040050104600,二氧化锰,AR250g/瓶,AR,西化,瓶,229980,225336,1,0,0,2,1,27.8,2536,佛山天津仓
1040050104600,二氧化锰,AR250g/瓶,AR,西化,瓶,229980,225336,1,0,0,2,1,27.8,57,股份成品仓（厂标)
1040050104600,二氧化锰,AR250g/瓶,AR,西化,瓶,229980,225336,1,0,0,2,1,27.8,4,精细佛山仓
1040050104600,二氧化锰,AR250g/瓶,AR,西化,瓶,229980,225336,1,0,0,2,1,27.8,85,四川小成品（固）
1040050104600,二氧化锰,AR250g/瓶,AR,西化,瓶,229980,225336,1,0,0,2,1,27.8,4476,平账仓
1040050104600,二氧化锰,AR250g/瓶,AR,西化,瓶,234075,227383,1,0,0,2,1,27.8,77,平台仓
1040050104600,二氧化锰,AR250g/瓶,AR,西化,瓶,234075,227383,1,0,0,2,1,27.8,56,股份出口仓
1040050104600,二氧化锰,AR250g/瓶,AR,西化,瓶,234075,227383,1,0,0,2,1,27.8,90,成品库（NN）
1040050104600,二氧化锰,AR250g/瓶,AR,西化,瓶,234075,227383,1,0,0,2,1,27.8,48,股份佛山成品（固）
1040050104600,二氧化锰,AR250g/瓶,AR,西化,瓶,234075,227383,1,0,0,2,1,27.8,1370,中基仓(上海仓)
1040050104600,二氧化锰,AR250g/瓶,AR,西化,瓶,234075,227383,1,0,0,2,1,27.8,79,佛山西陇成品(固)
1040050104600,二氧化锰,AR250g/瓶,AR,西化,瓶,234075,227383,1,0,0,2,1,27.8,2536,佛山天津仓
1040050104600,二氧化锰,AR250g/瓶,AR,西化,瓶,234075,227383,1,0,0,2,1,27.8,57,股份成品仓（厂标)
1040050104600,二氧化锰,AR250g/瓶,AR,西化,瓶,234075,227383,1,0,0,2,1,27.8,4,精细佛山仓
1040050104600,二氧化锰,AR250g/瓶,AR,西化,瓶,234075,227383,1,0,0,2,1,27.8,85,四川小成品（固）
1040050104600,二氧化锰,AR250g/瓶,AR,西化,瓶,234075,227383,1,0,0,2,1,27.8,4476,平账仓
1410030201700,硅胶（含变色指示剂）,CP500g/瓶,,西化,瓶,1209,1209,1,0,0,2,0,18.1,17,平台佛山仓
1410030201700,硅胶（含变色指示剂）,CP500g/瓶,,西化,瓶,1209,1209,1,0,0,2,0,18.1,1370,中基仓(上海仓)
1410030201700,硅胶（含变色指示剂）,CP500g/瓶,,西化,瓶,1209,1209,1,0,0,2,0,18.1,57,股份成品仓（厂标)
1410030201700,硅胶（含变色指示剂）,CP500g/瓶,,西化,瓶,1209,1209,1,0,0,2,0,18.1,90,成品库（NN）
1410030201700,硅胶（含变色指示剂）,CP500g/瓶,,西化,瓶,1209,1209,1,0,0,2,0,18.1,2536,佛山天津仓
1410030201700,硅胶（含变色指示剂）,CP500g/瓶,,西化,瓶,1209,1209,1,0,0,2,0,18.1,79,佛山西陇成品(固)
1410030201700,硅胶（含变色指示剂）,CP500g/瓶,,西化,瓶,1209,1209,1,0,0,2,0,18.1,56,股份出口仓
1410030201700,硅胶（含变色指示剂）,CP500g/瓶,,西化,瓶,1209,1209,1,0,0,2,0,18.1,52,汕头直运仓
1410030201700,硅胶（含变色指示剂）,CP500g/瓶,,西化,瓶,1209,1209,1,0,0,2,0,18.1,85,四川小成品（固）
1410030201700,硅胶（含变色指示剂）,CP500g/瓶,,西化,瓶,1209,1209,1,0,0,2,0,18.1,4,精细佛山仓
1410030201700,硅胶（含变色指示剂）,CP500g/瓶,,西化,瓶,1209,1209,1,0,0,2,0,18.1,75,zyc_sc
1410030201700,硅胶（含变色指示剂）,CP500g/瓶,,西化,瓶,1209,1209,1,0,0,2,0,18.1,48,股份佛山成品（固）
1410030201700,硅胶（含变色指示剂）,CP500g/瓶,,西化,瓶,1209,1209,1,0,0,2,0,18.1,4473,冲单仓
1410030201700,硅胶(含变色指示剂),CP500g/瓶,CP,西化,瓶,222762,492285,1,0,0,2,0,25.8,29,平台仓
1410030201700,硅胶(含变色指示剂),CP500g/瓶,CP,西化,瓶,222762,492285,1,0,0,2,0,25.8,91,平台实体仓
1410030201700,硅胶(含变色指示剂),CP500g/瓶,CP,西化,瓶,222762,492285,1,0,0,2,0,25.8,1370,中基仓(上海仓)
1410030201700,硅胶(含变色指示剂),CP500g/瓶,CP,西化,瓶,222762,492285,1,0,0,2,0,25.8,57,股份成品仓（厂标)
1410030201700,硅胶(含变色指示剂),CP500g/瓶,CP,西化,瓶,222762,492285,1,0,0,2,0,25.8,90,成品库（NN）
1410030201700,硅胶(含变色指示剂),CP500g/瓶,CP,西化,瓶,222762,492285,1,0,0,2,0,25.8,2536,佛山天津仓
1410030201700,硅胶(含变色指示剂),CP500g/瓶,CP,西化,瓶,222762,492285,1,0,0,2,0,25.8,79,佛山西陇成品(固)
1410030201700,硅胶(含变色指示剂),CP500g/瓶,CP,西化,瓶,222762,492285,1,0,0,2,0,25.8,56,股份出口仓
1410030201700,硅胶(含变色指示剂),CP500g/瓶,CP,西化,瓶,222762,492285,1,0,0,2,0,25.8,52,汕头直运仓
1410030201700,硅胶(含变色指示剂),CP500g/瓶,CP,西化,瓶,222762,492285,1,0,0,2,0,25.8,85,四川小成品（固）
1410030201700,硅胶(含变色指示剂),CP500g/瓶,CP,西化,瓶,222762,492285,1,0,0,2,0,25.8,4,精细佛山仓
1410030201700,硅胶(含变色指示剂),CP500g/瓶,CP,西化,瓶,222762,492285,1,0,0,2,0,25.8,75,zyc_sc
1410030201700,硅胶(含变色指示剂),CP500g/瓶,CP,西化,瓶,222762,492285,1,0,0,2,0,25.8,48,股份佛山成品（固）
1410030201700,硅胶(含变色指示剂),CP500g/瓶,CP,西化,瓶,222762,492285,1,0,0,2,0,25.8,4473,冲单仓
1410030201700,硅胶(含变色指示剂),CP500g/瓶,CP,西化,瓶,226857,499205,1,0,0,2,0,25.8,30,平台仓
1410030201700,硅胶(含变色指示剂),CP500g/瓶,CP,西化,瓶,226857,499205,1,0,0,2,0,25.8,1370,中基仓(上海仓)
1410030201700,硅胶(含变色指示剂),CP500g/瓶,CP,西化,瓶,226857,499205,1,0,0,2,0,25.8,57,股份成品仓（厂标)
1410030201700,硅胶(含变色指示剂),CP500g/瓶,CP,西化,瓶,226857,499205,1,0,0,2,0,25.8,90,成品库（NN）
1410030201700,硅胶(含变色指示剂),CP500g/瓶,CP,西化,瓶,226857,499205,1,0,0,2,0,25.8,2536,佛山天津仓
1410030201700,硅胶(含变色指示剂),CP500g/瓶,CP,西化,瓶,226857,499205,1,0,0,2,0,25.8,79,佛山西陇成品(固)
1410030201700,硅胶(含变色指示剂),CP500g/瓶,CP,西化,瓶,226857,499205,1,0,0,2,0,25.8,56,股份出口仓
1410030201700,硅胶(含变色指示剂),CP500g/瓶,CP,西化,瓶,226857,499205,1,0,0,2,0,25.8,52,汕头直运仓
1410030201700,硅胶(含变色指示剂),CP500g/瓶,CP,西化,瓶,226857,499205,1,0,0,2,0,25.8,85,四川小成品（固）
1410030201700,硅胶(含变色指示剂),CP500g/瓶,CP,西化,瓶,226857,499205,1,0,0,2,0,25.8,4,精细佛山仓
1410030201700,硅胶(含变色指示剂),CP500g/瓶,CP,西化,瓶,226857,499205,1,0,0,2,0,25.8,75,zyc_sc
1410030201700,硅胶(含变色指示剂),CP500g/瓶,CP,西化,瓶,226857,499205,1,0,0,2,0,25.8,48,股份佛山成品（固）
1410030201700,硅胶(含变色指示剂),CP500g/瓶,CP,西化,瓶,226857,499205,1,0,0,2,0,25.8,4473,冲单仓
1410030201700,硅胶(含变色指示剂),CP500g/瓶,CP,西化,瓶,230952,500105,1,0,0,2,0,25.8,28,平台仓
1410030201700,硅胶(含变色指示剂),CP500g/瓶,CP,西化,瓶,230952,500105,1,0,0,2,0,25.8,1370,中基仓(上海仓)
1410030201700,硅胶(含变色指示剂),CP500g/瓶,CP,西化,瓶,230952,500105,1,0,0,2,0,25.8,57,股份成品仓（厂标)
1410030201700,硅胶(含变色指示剂),CP500g/瓶,CP,西化,瓶,230952,500105,1,0,0,2,0,25.8,90,成品库（NN）
1410030201700,硅胶(含变色指示剂),CP500g/瓶,CP,西化,瓶,230952,500105,1,0,0,2,0,25.8,2536,佛山天津仓
1410030201700,硅胶(含变色指示剂),CP500g/瓶,CP,西化,瓶,230952,500105,1,0,0,2,0,25.8,79,佛山西陇成品(固)
1410030201700,硅胶(含变色指示剂),CP500g/瓶,CP,西化,瓶,230952,500105,1,0,0,2,0,25.8,56,股份出口仓
1410030201700,硅胶(含变色指示剂),CP500g/瓶,CP,西化,瓶,230952,500105,1,0,0,2,0,25.8,52,汕头直运仓
1410030201700,硅胶(含变色指示剂),CP500g/瓶,CP,西化,瓶,230952,500105,1,0,0,2,0,25.8,85,四川小成品（固）
1410030201700,硅胶(含变色指示剂),CP500g/瓶,CP,西化,瓶,230952,500105,1,0,0,2,0,25.8,4,精细佛山仓
1410030201700,硅胶(含变色指示剂),CP500g/瓶,CP,西化,瓶,230952,500105,1,0,0,2,0,25.8,75,zyc_sc
1410030201700,硅胶(含变色指示剂),CP500g/瓶,CP,西化,瓶,230952,500105,1,0,0,2,0,25.8,48,股份佛山成品（固）
1410030201700,硅胶(含变色指示剂),CP500g/瓶,CP,西化,瓶,230952,500105,1,0,0,2,0,25.8,4473,冲单仓
1410030201700,硅胶(含变色指示剂),CP500g/瓶,CP,西化,瓶,235047,501016,1,0,0,2,0,25.8,77,平台仓
1410030201700,硅胶(含变色指示剂),CP500g/瓶,CP,西化,瓶,235047,501016,1,0,0,2,0,25.8,1370,中基仓(上海仓)
1410030201700,硅胶(含变色指示剂),CP500g/瓶,CP,西化,瓶,235047,501016,1,0,0,2,0,25.8,57,股份成品仓（厂标)
1410030201700,硅胶(含变色指示剂),CP500g/瓶,CP,西化,瓶,235047,501016,1,0,0,2,0,25.8,90,成品库（NN）
1410030201700,硅胶(含变色指示剂),CP500g/瓶,CP,西化,瓶,235047,501016,1,0,0,2,0,25.8,2536,佛山天津仓
1410030201700,硅胶(含变色指示剂),CP500g/瓶,CP,西化,瓶,235047,501016,1,0,0,2,0,25.8,79,佛山西陇成品(固)
1410030201700,硅胶(含变色指示剂),CP500g/瓶,CP,西化,瓶,235047,501016,1,0,0,2,0,25.8,56,股份出口仓
1410030201700,硅胶(含变色指示剂),CP500g/瓶,CP,西化,瓶,235047,501016,1,0,0,2,0,25.8,52,汕头直运仓
1410030201700,硅胶(含变色指示剂),CP500g/瓶,CP,西化,瓶,235047,501016,1,0,0,2,0,25.8,85,四川小成品（固）
1410030201700,硅胶(含变色指示剂),CP500g/瓶,CP,西化,瓶,235047,501016,1,0,0,2,0,25.8,4,精细佛山仓
1410030201700,硅胶(含变色指示剂),CP500g/瓶,CP,西化,瓶,235047,501016,1,0,0,2,0,25.8,75,zyc_sc
1410030201700,硅胶(含变色指示剂),CP500g/瓶,CP,西化,瓶,235047,501016,1,0,0,2,0,25.8,48,股份佛山成品（固）
1410030201700,硅胶(含变色指示剂),CP500g/瓶,CP,西化,瓶,235047,501016,1,0,0,2,0,25.8,4473,冲单仓
1270570104701,乙酸(冰醋酸),AR2500ml/玻瓶,AR,西化,瓶,221675,491781,1,4,0,2,0,63.6,29,平台仓
1270570104701,乙酸(冰醋酸),AR2500ml/玻瓶,AR,西化,瓶,221675,491781,1,4,0,2,0,63.6,57,股份成品仓（厂标)
1270570104701,乙酸(冰醋酸),AR2500ml/玻瓶,AR,西化,瓶,221675,491781,1,4,0,2,0,63.6,82,佛山外寄仓
1270570104701,乙酸(冰醋酸),AR2500ml/玻瓶,AR,西化,瓶,221675,491781,1,4,0,2,0,63.6,2536,佛山天津仓
1270570104701,乙酸(冰醋酸),AR2500ml/玻瓶,AR,西化,瓶,221675,491781,1,4,0,2,0,63.6,61,四川小成品（液）
1270570104701,乙酸(冰醋酸),AR2500ml/玻瓶,AR,西化,瓶,225770,498726,1,4,0,2,0,63.6,30,平台仓
1270570104701,乙酸(冰醋酸),AR2500ml/玻瓶,AR,西化,瓶,225770,498726,1,4,0,2,0,63.6,57,股份成品仓（厂标)
1270570104701,乙酸(冰醋酸),AR2500ml/玻瓶,AR,西化,瓶,225770,498726,1,4,0,2,0,63.6,82,佛山外寄仓
1270570104701,乙酸(冰醋酸),AR2500ml/玻瓶,AR,西化,瓶,225770,498726,1,4,0,2,0,63.6,2536,佛山天津仓
1270570104701,乙酸(冰醋酸),AR2500ml/玻瓶,AR,西化,瓶,225770,498726,1,4,0,2,0,63.6,61,四川小成品（液）
1270570104701,乙酸(冰醋酸),AR2500ml/玻瓶,AR,西化,瓶,229865,499634,1,4,0,2,0,63.6,28,平台仓
1270570104701,乙酸(冰醋酸),AR2500ml/玻瓶,AR,西化,瓶,229865,499634,1,4,0,2,0,63.6,57,股份成品仓（厂标)
1270570104701,乙酸(冰醋酸),AR2500ml/玻瓶,AR,西化,瓶,229865,499634,1,4,0,2,0,63.6,82,佛山外寄仓
1270570104701,乙酸(冰醋酸),AR2500ml/玻瓶,AR,西化,瓶,229865,499634,1,4,0,2,0,63.6,2536,佛山天津仓
1270570104701,乙酸(冰醋酸),AR2500ml/玻瓶,AR,西化,瓶,229865,499634,1,4,0,2,0,63.6,61,四川小成品（液）
1270570104701,乙酸(冰醋酸),AR2500ml/玻瓶,AR,西化,瓶,233960,500529,1,4,0,2,0,63.6,77,平台仓
1270570104701,乙酸(冰醋酸),AR2500ml/玻瓶,AR,西化,瓶,233960,500529,1,4,0,2,0,63.6,57,股份成品仓（厂标)
1270570104701,乙酸(冰醋酸),AR2500ml/玻瓶,AR,西化,瓶,233960,500529,1,4,0,2,0,63.6,82,佛山外寄仓
1270570104701,乙酸(冰醋酸),AR2500ml/玻瓶,AR,西化,瓶,233960,500529,1,4,0,2,0,63.6,2536,佛山天津仓
1270570104701,乙酸(冰醋酸),AR2500ml/玻瓶,AR,西化,瓶,233960,500529,1,4,0,2,0,63.6,61,四川小成品（液）
1280340501600,乙醇（无水乙醇）,GR500ml/瓶,,西化,瓶,1782,1782,1,4,0,2,0,14.56,17,平台佛山仓
1280340501600,乙醇（无水乙醇）,GR500ml/瓶,,西化,瓶,1782,1782,1,4,0,2,0,14.56,2996,佛山仓库
1280340501600,乙醇（无水乙醇）,GR500ml/瓶,,西化,瓶,1782,1782,1,4,0,2,0,14.56,57,股份成品仓（厂标)
1280340501600,乙醇（无水乙醇）,GR500ml/瓶,,西化,瓶,1782,1782,1,4,0,2,0,14.56,50,股份佛山成品（液）
1280340501600,乙醇（无水乙醇）,GR500ml/瓶,,西化,瓶,1782,1782,1,4,0,2,0,14.56,2536,佛山天津仓
1280340501600,乙醇（无水乙醇）,GR500ml/瓶,,西化,瓶,1782,1782,1,4,0,2,0,14.56,1370,中基仓(上海仓)
1280340501600,乙醇（无水乙醇）,GR500ml/瓶,,西化,瓶,1782,1782,1,4,0,2,0,14.56,80,佛山西陇成品(液)
1280340501600,乙醇（无水乙醇）,GR500ml/瓶,,西化,瓶,1782,1782,1,4,0,2,0,14.56,82,佛山外寄仓
1280340501600,乙醇（无水乙醇）,GR500ml/瓶,,西化,瓶,1782,1782,1,4,0,2,0,14.56,75,zyc_sc
1280340501600,乙醇（无水乙醇）,GR500ml/瓶,,西化,瓶,1782,1782,1,4,0,2,0,14.56,61,四川小成品（液）
1280340501600,乙醇（无水乙醇）,GR500ml/瓶,,西化,瓶,1782,1782,1,4,0,2,0,14.56,278,甲类成品仓
1280340501600,乙醇（无水乙醇）,GR500ml/瓶,,西化,瓶,1782,1782,1,4,0,2,0,14.56,2996,佛山仓库
1280340501600,乙醇（无水乙醇）,GR500ml/瓶,,西化,瓶,1782,1782,1,4,0,2,0,14.56,4,精细佛山仓
1280340501600,乙醇（无水乙醇）,GR500ml/瓶,,西化,瓶,1782,1782,1,4,0,2,0,14.56,90,成品库（NN）
1280340501600,乙醇（无水乙醇）,GR500ml/瓶,,西化,瓶,1782,1782,1,4,0,2,0,14.56,4481,冲单仓
1280340501600,乙醇(无水乙醇),GR500ml/瓶,GR,西化,瓶,221723,221206,1,4,0,2,1,20.8,29,平台仓
1280340501600,乙醇(无水乙醇),GR500ml/瓶,GR,西化,瓶,221723,221206,1,4,0,2,1,20.8,91,平台实体仓
1280340501600,乙醇(无水乙醇),GR500ml/瓶,GR,西化,瓶,221723,221206,1,4,0,2,1,20.8,2996,佛山仓库
1280340501600,乙醇(无水乙醇),GR500ml/瓶,GR,西化,瓶,221723,221206,1,4,0,2,1,20.8,57,股份成品仓（厂标)
1280340501600,乙醇(无水乙醇),GR500ml/瓶,GR,西化,瓶,221723,221206,1,4,0,2,1,20.8,50,股份佛山成品（液）
1280340501600,乙醇(无水乙醇),GR500ml/瓶,GR,西化,瓶,221723,221206,1,4,0,2,1,20.8,2536,佛山天津仓
1280340501600,乙醇(无水乙醇),GR500ml/瓶,GR,西化,瓶,221723,221206,1,4,0,2,1,20.8,1370,中基仓(上海仓)
1280340501600,乙醇(无水乙醇),GR500ml/瓶,GR,西化,瓶,221723,221206,1,4,0,2,1,20.8,80,佛山西陇成品(液)
1280340501600,乙醇(无水乙醇),GR500ml/瓶,GR,西化,瓶,221723,221206,1,4,0,2,1,20.8,82,佛山外寄仓
1280340501600,乙醇(无水乙醇),GR500ml/瓶,GR,西化,瓶,221723,221206,1,4,0,2,1,20.8,75,zyc_sc
1280340501600,乙醇(无水乙醇),GR500ml/瓶,GR,西化,瓶,221723,221206,1,4,0,2,1,20.8,61,四川小成品（液）
1280340501600,乙醇(无水乙醇),GR500ml/瓶,GR,西化,瓶,221723,221206,1,4,0,2,1,20.8,278,甲类成品仓
1280340501600,乙醇(无水乙醇),GR500ml/瓶,GR,西化,瓶,221723,221206,1,4,0,2,1,20.8,2996,佛山仓库
1280340501600,乙醇(无水乙醇),GR500ml/瓶,GR,西化,瓶,221723,221206,1,4,0,2,1,20.8,4,精细佛山仓
1280340501600,乙醇(无水乙醇),GR500ml/瓶,GR,西化,瓶,221723,221206,1,4,0,2,1,20.8,90,成品库（NN）
1280340501600,乙醇(无水乙醇),GR500ml/瓶,GR,西化,瓶,221723,221206,1,4,0,2,1,20.8,4481,冲单仓
1280340501600,乙醇(无水乙醇),GR500ml/瓶,GR,西化,瓶,225818,223253,1,4,0,2,1,20.8,30,平台仓
1280340501600,乙醇(无水乙醇),GR500ml/瓶,GR,西化,瓶,225818,223253,1,4,0,2,1,20.8,2996,佛山仓库
1280340501600,乙醇(无水乙醇),GR500ml/瓶,GR,西化,瓶,225818,223253,1,4,0,2,1,20.8,57,股份成品仓（厂标)
1280340501600,乙醇(无水乙醇),GR500ml/瓶,GR,西化,瓶,225818,223253,1,4,0,2,1,20.8,50,股份佛山成品（液）
1280340501600,乙醇(无水乙醇),GR500ml/瓶,GR,西化,瓶,225818,223253,1,4,0,2,1,20.8,2536,佛山天津仓
1280340501600,乙醇(无水乙醇),GR500ml/瓶,GR,西化,瓶,225818,223253,1,4,0,2,1,20.8,1370,中基仓(上海仓)
1280340501600,乙醇(无水乙醇),GR500ml/瓶,GR,西化,瓶,225818,223253,1,4,0,2,1,20.8,80,佛山西陇成品(液)
1280340501600,乙醇(无水乙醇),GR500ml/瓶,GR,西化,瓶,225818,223253,1,4,0,2,1,20.8,82,佛山外寄仓
1280340501600,乙醇(无水乙醇),GR500ml/瓶,GR,西化,瓶,225818,223253,1,4,0,2,1,20.8,75,zyc_sc
1280340501600,乙醇(无水乙醇),GR500ml/瓶,GR,西化,瓶,225818,223253,1,4,0,2,1,20.8,61,四川小成品（液）
1280340501600,乙醇(无水乙醇),GR500ml/瓶,GR,西化,瓶,225818,223253,1,4,0,2,1,20.8,278,甲类成品仓
1280340501600,乙醇(无水乙醇),GR500ml/瓶,GR,西化,瓶,225818,223253,1,4,0,2,1,20.8,2996,佛山仓库
1280340501600,乙醇(无水乙醇),GR500ml/瓶,GR,西化,瓶,225818,223253,1,4,0,2,1,20.8,4,精细佛山仓
1280340501600,乙醇(无水乙醇),GR500ml/瓶,GR,西化,瓶,225818,223253,1,4,0,2,1,20.8,90,成品库（NN）
1280340501600,乙醇(无水乙醇),GR500ml/瓶,GR,西化,瓶,225818,223253,1,4,0,2,1,20.8,4481,冲单仓
1280340501600,乙醇(无水乙醇),GR500ml/瓶,GR,西化,瓶,229913,225300,1,4,0,2,1,20.8,28,平台仓
1280340501600,乙醇(无水乙醇),GR500ml/瓶,GR,西化,瓶,229913,225300,1,4,0,2,1,20.8,2996,佛山仓库
1280340501600,乙醇(无水乙醇),GR500ml/瓶,GR,西化,瓶,229913,225300,1,4,0,2,1,20.8,57,股份成品仓（厂标)
1280340501600,乙醇(无水乙醇),GR500ml/瓶,GR,西化,瓶,229913,225300,1,4,0,2,1,20.8,50,股份佛山成品（液）
1280340501600,乙醇(无水乙醇),GR500ml/瓶,GR,西化,瓶,229913,225300,1,4,0,2,1,20.8,2536,佛山天津仓
1280340501600,乙醇(无水乙醇),GR500ml/瓶,GR,西化,瓶,229913,225300,1,4,0,2,1,20.8,1370,中基仓(上海仓)
1280340501600,乙醇(无水乙醇),GR500ml/瓶,GR,西化,瓶,229913,225300,1,4,0,2,1,20.8,80,佛山西陇成品(液)
1280340501600,乙醇(无水乙醇),GR500ml/瓶,GR,西化,瓶,229913,225300,1,4,0,2,1,20.8,82,佛山外寄仓
1280340501600,乙醇(无水乙醇),GR500ml/瓶,GR,西化,瓶,229913,225300,1,4,0,2,1,20.8,75,zyc_sc
1280340501600,乙醇(无水乙醇),GR500ml/瓶,GR,西化,瓶,229913,225300,1,4,0,2,1,20.8,61,四川小成品（液）
1280340501600,乙醇(无水乙醇),GR500ml/瓶,GR,西化,瓶,229913,225300,1,4,0,2,1,20.8,278,甲类成品仓
1280340501600,乙醇(无水乙醇),GR500ml/瓶,GR,西化,瓶,229913,225300,1,4,0,2,1,20.8,2996,佛山仓库
1280340501600,乙醇(无水乙醇),GR500ml/瓶,GR,西化,瓶,229913,225300,1,4,0,2,1,20.8,4,精细佛山仓
1280340501600,乙醇(无水乙醇),GR500ml/瓶,GR,西化,瓶,229913,225300,1,4,0,2,1,20.8,90,成品库（NN）
1280340501600,乙醇(无水乙醇),GR500ml/瓶,GR,西化,瓶,229913,225300,1,4,0,2,1,20.8,4481,冲单仓
1280340501600,乙醇(无水乙醇),GR500ml/瓶,GR,西化,瓶,234008,227347,1,4,0,2,1,20.8,77,平台仓
1280340501600,乙醇(无水乙醇),GR500ml/瓶,GR,西化,瓶,234008,227347,1,4,0,2,1,20.8,2996,佛山仓库
1280340501600,乙醇(无水乙醇),GR500ml/瓶,GR,西化,瓶,234008,227347,1,4,0,2,1,20.8,57,股份成品仓（厂标)
1280340501600,乙醇(无水乙醇),GR500ml/瓶,GR,西化,瓶,234008,227347,1,4,0,2,1,20.8,50,股份佛山成品（液）
1280340501600,乙醇(无水乙醇),GR500ml/瓶,GR,西化,瓶,234008,227347,1,4,0,2,1,20.8,2536,佛山天津仓
1280340501600,乙醇(无水乙醇),GR500ml/瓶,GR,西化,瓶,234008,227347,1,4,0,2,1,20.8,1370,中基仓(上海仓)
1280340501600,乙醇(无水乙醇),GR500ml/瓶,GR,西化,瓶,234008,227347,1,4,0,2,1,20.8,80,佛山西陇成品(液)
1280340501600,乙醇(无水乙醇),GR500ml/瓶,GR,西化,瓶,234008,227347,1,4,0,2,1,20.8,82,佛山外寄仓
1280340501600,乙醇(无水乙醇),GR500ml/瓶,GR,西化,瓶,234008,227347,1,4,0,2,1,20.8,75,zyc_sc
1280340501600,乙醇(无水乙醇),GR500ml/瓶,GR,西化,瓶,234008,227347,1,4,0,2,1,20.8,61,四川小成品（液）
1280340501600,乙醇(无水乙醇),GR500ml/瓶,GR,西化,瓶,234008,227347,1,4,0,2,1,20.8,278,甲类成品仓
1280340501600,乙醇(无水乙醇),GR500ml/瓶,GR,西化,瓶,234008,227347,1,4,0,2,1,20.8,2996,佛山仓库
1280340501600,乙醇(无水乙醇),GR500ml/瓶,GR,西化,瓶,234008,227347,1,4,0,2,1,20.8,4,精细佛山仓
1280340501600,乙醇(无水乙醇),GR500ml/瓶,GR,西化,瓶,234008,227347,1,4,0,2,1,20.8,90,成品库（NN）
1280340501600,乙醇(无水乙醇),GR500ml/瓶,GR,西化,瓶,234008,227347,1,4,0,2,1,20.8,4481,冲单仓
1020050101700,氯化钾,AR500g/瓶,,西化,瓶,1421,1421,1,0,0,2,0,15.12,17,平台佛山仓
1020050101700,氯化钾,AR500g/瓶,,西化,瓶,1421,1421,1,0,0,2,0,15.12,56,股份出口仓
1020050101700,氯化钾,AR500g/瓶,,西化,瓶,1421,1421,1,0,0,2,0,15.12,57,股份成品仓（厂标)
1020050101700,氯化钾,AR500g/瓶,,西化,瓶,1421,1421,1,0,0,2,0,15.12,85,四川小成品（固）
1020050101700,氯化钾,AR500g/瓶,,西化,瓶,1421,1421,1,0,0,2,0,15.12,133,沈阳虎石台仓
1020050101700,氯化钾,AR500g/瓶,,西化,瓶,1421,1421,1,0,0,2,0,15.12,1370,中基仓(上海仓)
1020050101700,氯化钾,AR500g/瓶,,西化,瓶,1421,1421,1,0,0,2,0,15.12,9,汕头工厂仓
1020050101700,氯化钾,AR500g/瓶,,西化,瓶,1421,1421,1,0,0,2,0,15.12,48,股份佛山成品（固）
1020050101700,氯化钾,AR500g/瓶,,西化,瓶,1421,1421,1,0,0,2,0,15.12,13,直运仓
1020050101700,氯化钾,AR500g/瓶,,西化,瓶,1421,1421,1,0,0,2,0,15.12,2536,佛山天津仓
1020050101700,氯化钾,AR500g/瓶,,西化,瓶,1421,1421,1,0,0,2,0,15.12,79,佛山西陇成品(固)
1020050101700,氯化钾,AR500g/瓶,,西化,瓶,1421,1421,1,0,0,2,0,15.12,4,精细佛山仓
1020050101700,氯化钾,AR500g/瓶,,西化,瓶,1421,1421,1,0,0,2,0,15.12,90,成品库（NN）
1020050101700,氯化钾,AR500g/瓶,,西化,瓶,1421,1421,1,0,0,2,0,15.12,83,佛山出口仓
1020050101700,氯化钾,AR500g/瓶,,西化,瓶,1421,1421,1,0,0,2,0,15.12,4476,平账仓
1020050101700,氯化钾,AR500g/瓶,,西化,瓶,1421,1421,1,0,0,2,0,15.12,4473,冲单仓
1020050101700,氯化钾,AR500g/瓶,,西化,瓶,1421,1421,1,0,0,2,0,15.12,4481,冲单仓
1020050101700,氯化钾,AR500g/瓶,,西化,瓶,1421,1421,1,0,0,2,0,15.12,4459,毛博士虎石台仓
1020050101700,氯化钾,AR500g/瓶,AR,西化,瓶,222522,221666,1,0,0,2,7,21.6,29,平台仓
1020050101700,氯化钾,AR500g/瓶,AR,西化,瓶,222522,221666,1,0,0,2,7,21.6,56,股份出口仓
1020050101700,氯化钾,AR500g/瓶,AR,西化,瓶,222522,221666,1,0,0,2,7,21.6,57,股份成品仓（厂标)
1020050101700,氯化钾,AR500g/瓶,AR,西化,瓶,222522,221666,1,0,0,2,7,21.6,85,四川小成品（固）
1020050101700,氯化钾,AR500g/瓶,AR,西化,瓶,222522,221666,1,0,0,2,7,21.6,133,沈阳虎石台仓
1020050101700,氯化钾,AR500g/瓶,AR,西化,瓶,222522,221666,1,0,0,2,7,21.6,1370,中基仓(上海仓)
1020050101700,氯化钾,AR500g/瓶,AR,西化,瓶,222522,221666,1,0,0,2,7,21.6,9,汕头工厂仓
1020050101700,氯化钾,AR500g/瓶,AR,西化,瓶,222522,221666,1,0,0,2,7,21.6,48,股份佛山成品（固）
1020050101700,氯化钾,AR500g/瓶,AR,西化,瓶,222522,221666,1,0,0,2,7,21.6,13,直运仓
1020050101700,氯化钾,AR500g/瓶,AR,西化,瓶,222522,221666,1,0,0,2,7,21.6,2536,佛山天津仓
1020050101700,氯化钾,AR500g/瓶,AR,西化,瓶,222522,221666,1,0,0,2,7,21.6,79,佛山西陇成品(固)
1020050101700,氯化钾,AR500g/瓶,AR,西化,瓶,222522,221666,1,0,0,2,7,21.6,4,精细佛山仓
1020050101700,氯化钾,AR500g/瓶,AR,西化,瓶,222522,221666,1,0,0,2,7,21.6,90,成品库（NN）
1020050101700,氯化钾,AR500g/瓶,AR,西化,瓶,222522,221666,1,0,0,2,7,21.6,83,佛山出口仓
1020050101700,氯化钾,AR500g/瓶,AR,西化,瓶,222522,221666,1,0,0,2,7,21.6,4476,平账仓
1020050101700,氯化钾,AR500g/瓶,AR,西化,瓶,222522,221666,1,0,0,2,7,21.6,4473,冲单仓
1020050101700,氯化钾,AR500g/瓶,AR,西化,瓶,222522,221666,1,0,0,2,7,21.6,4481,冲单仓
1020050101700,氯化钾,AR500g/瓶,AR,西化,瓶,222522,221666,1,0,0,2,7,21.6,4459,毛博士虎石台仓
1020050101700,氯化钾,AR500g/瓶,AR,西化,瓶,226617,223713,1,0,0,2,7,21.6,30,平台仓
1020050101700,氯化钾,AR500g/瓶,AR,西化,瓶,226617,223713,1,0,0,2,7,21.6,56,股份出口仓
1020050101700,氯化钾,AR500g/瓶,AR,西化,瓶,226617,223713,1,0,0,2,7,21.6,57,股份成品仓（厂标)
1020050101700,氯化钾,AR500g/瓶,AR,西化,瓶,226617,223713,1,0,0,2,7,21.6,85,四川小成品（固）
1020050101700,氯化钾,AR500g/瓶,AR,西化,瓶,226617,223713,1,0,0,2,7,21.6,133,沈阳虎石台仓
1020050101700,氯化钾,AR500g/瓶,AR,西化,瓶,226617,223713,1,0,0,2,7,21.6,1370,中基仓(上海仓)
1020050101700,氯化钾,AR500g/瓶,AR,西化,瓶,226617,223713,1,0,0,2,7,21.6,9,汕头工厂仓
1020050101700,氯化钾,AR500g/瓶,AR,西化,瓶,226617,223713,1,0,0,2,7,21.6,48,股份佛山成品（固）
1020050101700,氯化钾,AR500g/瓶,AR,西化,瓶,226617,223713,1,0,0,2,7,21.6,13,直运仓
1020050101700,氯化钾,AR500g/瓶,AR,西化,瓶,226617,223713,1,0,0,2,7,21.6,2536,佛山天津仓
1020050101700,氯化钾,AR500g/瓶,AR,西化,瓶,226617,223713,1,0,0,2,7,21.6,79,佛山西陇成品(固)
1020050101700,氯化钾,AR500g/瓶,AR,西化,瓶,226617,223713,1,0,0,2,7,21.6,4,精细佛山仓
1020050101700,氯化钾,AR500g/瓶,AR,西化,瓶,226617,223713,1,0,0,2,7,21.6,90,成品库（NN）
1020050101700,氯化钾,AR500g/瓶,AR,西化,瓶,226617,223713,1,0,0,2,7,21.6,83,佛山出口仓
1020050101700,氯化钾,AR500g/瓶,AR,西化,瓶,226617,223713,1,0,0,2,7,21.6,4476,平账仓
1020050101700,氯化钾,AR500g/瓶,AR,西化,瓶,226617,223713,1,0,0,2,7,21.6,4473,冲单仓
1020050101700,氯化钾,AR500g/瓶,AR,西化,瓶,226617,223713,1,0,0,2,7,21.6,4481,冲单仓
1020050101700,氯化钾,AR500g/瓶,AR,西化,瓶,226617,223713,1,0,0,2,7,21.6,4459,毛博士虎石台仓
1020050101700,氯化钾,AR500g/瓶,AR,西化,瓶,230712,225760,1,0,0,2,7,21.6,28,平台仓
1020050101700,氯化钾,AR500g/瓶,AR,西化,瓶,230712,225760,1,0,0,2,7,21.6,56,股份出口仓
1020050101700,氯化钾,AR500g/瓶,AR,西化,瓶,230712,225760,1,0,0,2,7,21.6,57,股份成品仓（厂标)
1020050101700,氯化钾,AR500g/瓶,AR,西化,瓶,230712,225760,1,0,0,2,7,21.6,85,四川小成品（固）
1020050101700,氯化钾,AR500g/瓶,AR,西化,瓶,230712,225760,1,0,0,2,7,21.6,133,沈阳虎石台仓
1020050101700,氯化钾,AR500g/瓶,AR,西化,瓶,230712,225760,1,0,0,2,7,21.6,1370,中基仓(上海仓)
1020050101700,氯化钾,AR500g/瓶,AR,西化,瓶,230712,225760,1,0,0,2,7,21.6,9,汕头工厂仓
1020050101700,氯化钾,AR500g/瓶,AR,西化,瓶,230712,225760,1,0,0,2,7,21.6,48,股份佛山成品（固）
1020050101700,氯化钾,AR500g/瓶,AR,西化,瓶,230712,225760,1,0,0,2,7,21.6,13,直运仓
1020050101700,氯化钾,AR500g/瓶,AR,西化,瓶,230712,225760,1,0,0,2,7,21.6,2536,佛山天津仓
1020050101700,氯化钾,AR500g/瓶,AR,西化,瓶,230712,225760,1,0,0,2,7,21.6,79,佛山西陇成品(固)
1020050101700,氯化钾,AR500g/瓶,AR,西化,瓶,230712,225760,1,0,0,2,7,21.6,4,精细佛山仓
1020050101700,氯化钾,AR500g/瓶,AR,西化,瓶,230712,225760,1,0,0,2,7,21.6,90,成品库（NN）
1020050101700,氯化钾,AR500g/瓶,AR,西化,瓶,230712,225760,1,0,0,2,7,21.6,83,佛山出口仓
1020050101700,氯化钾,AR500g/瓶,AR,西化,瓶,230712,225760,1,0,0,2,7,21.6,4476,平账仓
1020050101700,氯化钾,AR500g/瓶,AR,西化,瓶,230712,225760,1,0,0,2,7,21.6,4473,冲单仓
1020050101700,氯化钾,AR500g/瓶,AR,西化,瓶,230712,225760,1,0,0,2,7,21.6,4481,冲单仓
1020050101700,氯化钾,AR500g/瓶,AR,西化,瓶,230712,225760,1,0,0,2,7,21.6,4459,毛博士虎石台仓
1020050101700,氯化钾,AR500g/瓶,AR,西化,瓶,234807,227807,1,0,0,2,7,21.6,77,平台仓
1020050101700,氯化钾,AR500g/瓶,AR,西化,瓶,234807,227807,1,0,0,2,7,21.6,56,股份出口仓
1020050101700,氯化钾,AR500g/瓶,AR,西化,瓶,234807,227807,1,0,0,2,7,21.6,57,股份成品仓（厂标)
1020050101700,氯化钾,AR500g/瓶,AR,西化,瓶,234807,227807,1,0,0,2,7,21.6,85,四川小成品（固）
1020050101700,氯化钾,AR500g/瓶,AR,西化,瓶,234807,227807,1,0,0,2,7,21.6,133,沈阳虎石台仓
1020050101700,氯化钾,AR500g/瓶,AR,西化,瓶,234807,227807,1,0,0,2,7,21.6,1370,中基仓(上海仓)
1020050101700,氯化钾,AR500g/瓶,AR,西化,瓶,234807,227807,1,0,0,2,7,21.6,9,汕头工厂仓
1020050101700,氯化钾,AR500g/瓶,AR,西化,瓶,234807,227807,1,0,0,2,7,21.6,48,股份佛山成品（固）
1020050101700,氯化钾,AR500g/瓶,AR,西化,瓶,234807,227807,1,0,0,2,7,21.6,13,直运仓
1020050101700,氯化钾,AR500g/瓶,AR,西化,瓶,234807,227807,1,0,0,2,7,21.6,2536,佛山天津仓
1020050101700,氯化钾,AR500g/瓶,AR,西化,瓶,234807,227807,1,0,0,2,7,21.6,79,佛山西陇成品(固)
1020050101700,氯化钾,AR500g/瓶,AR,西化,瓶,234807,227807,1,0,0,2,7,21.6,4,精细佛山仓
1020050101700,氯化钾,AR500g/瓶,AR,西化,瓶,234807,227807,1,0,0,2,7,21.6,90,成品库（NN）
1020050101700,氯化钾,AR500g/瓶,AR,西化,瓶,234807,227807,1,0,0,2,7,21.6,83,佛山出口仓
1020050101700,氯化钾,AR500g/瓶,AR,西化,瓶,234807,227807,1,0,0,2,7,21.6,4476,平账仓
1020050101700,氯化钾,AR500g/瓶,AR,西化,瓶,234807,227807,1,0,0,2,7,21.6,4473,冲单仓
1020050101700,氯化钾,AR500g/瓶,AR,西化,瓶,234807,227807,1,0,0,2,7,21.6,4481,冲单仓
1020050101700,氯化钾,AR500g/瓶,AR,西化,瓶,234807,227807,1,0,0,2,7,21.6,4459,毛博士虎石台仓
1280340104702,乙醇（无水乙醇）,AR2500ml/塑瓶,,西化,瓶,1773,1773,1,4,0,2,0,42.0,17,平台佛山仓
1280340104702,乙醇（无水乙醇）,AR2500ml/塑瓶,,西化,瓶,1773,1773,1,4,0,2,0,42.0,34,平台汕头仓
1280340104702,乙醇（无水乙醇）,AR2500ml/塑瓶,,西化,瓶,1773,1773,1,4,0,2,0,42.0,2533,佛山成品（液）
1280340104702,乙醇（无水乙醇）,AR2500ml/塑瓶,,西化,瓶,1773,1773,1,4,0,2,0,42.0,2536,佛山天津仓
1280340104702,乙醇（无水乙醇）,AR2500ml/塑瓶,,西化,瓶,1773,1773,1,4,0,2,0,42.0,4,精细佛山仓
1280340104702,乙醇（无水乙醇）,AR2500ml/塑瓶,,西化,瓶,1773,1773,1,4,0,2,0,42.0,50,股份佛山成品（液）
1280340104702,乙醇（无水乙醇）,AR2500ml/塑瓶,,西化,瓶,1773,1773,1,4,0,2,0,42.0,1370,中基仓(上海仓)
1280340104702,乙醇（无水乙醇）,AR2500ml/塑瓶,,西化,瓶,1773,1773,1,4,0,2,0,42.0,278,甲类成品仓
1280340104702,乙醇（无水乙醇）,AR2500ml/塑瓶,,西化,瓶,1773,1773,1,4,0,2,0,42.0,90,成品库（NN）
1280340104702,乙醇（无水乙醇）,AR2500ml/塑瓶,,西化,瓶,1773,1773,1,4,0,2,0,42.0,2996,佛山仓库
1280340104702,乙醇（无水乙醇）,AR2500ml/塑瓶,,西化,瓶,1773,1773,1,4,0,2,0,42.0,2996,佛山仓库
1280340104702,乙醇（无水乙醇）,AR2500ml/塑瓶,,西化,瓶,1773,1773,1,4,0,2,0,42.0,82,佛山外寄仓
1280340104702,乙醇（无水乙醇）,AR2500ml/塑瓶,,西化,瓶,1773,1773,1,4,0,2,0,42.0,61,四川小成品（液）
1280340104702,乙醇（无水乙醇）,AR2500ml/塑瓶,,西化,瓶,1773,1773,1,4,0,2,0,42.0,57,股份成品仓（厂标)
1280340104702,乙醇（无水乙醇）,AR2500ml/塑瓶,,西化,瓶,1773,1773,1,4,0,2,0,42.0,4481,冲单仓
1280340104702,乙醇（无水乙醇）,AR2500ml/塑瓶,,西化,瓶,1773,1773,1,4,0,2,0,42.0,4473,冲单仓
1280340104702,乙醇（无水乙醇）,AR2500ml/塑瓶,,西化,瓶,1773,1773,1,4,0,2,0,42.0,4476,平账仓
1280340104702,乙醇(无水乙醇),AR2500ml/塑瓶,AR,西化,瓶,221713,491826,1,4,0,2,0,60.0,29,平台仓
1280340104702,乙醇(无水乙醇),AR2500ml/塑瓶,AR,西化,瓶,221713,491826,1,4,0,2,0,60.0,91,平台实体仓
1280340104702,乙醇(无水乙醇),AR2500ml/塑瓶,AR,西化,瓶,221713,491826,1,4,0,2,0,60.0,2533,佛山成品（液）
1280340104702,乙醇(无水乙醇),AR2500ml/塑瓶,AR,西化,瓶,221713,491826,1,4,0,2,0,60.0,2536,佛山天津仓
1280340104702,乙醇(无水乙醇),AR2500ml/塑瓶,AR,西化,瓶,221713,491826,1,4,0,2,0,60.0,4,精细佛山仓
1280340104702,乙醇(无水乙醇),AR2500ml/塑瓶,AR,西化,瓶,221713,491826,1,4,0,2,0,60.0,50,股份佛山成品（液）
1280340104702,乙醇(无水乙醇),AR2500ml/塑瓶,AR,西化,瓶,221713,491826,1,4,0,2,0,60.0,1370,中基仓(上海仓)
1280340104702,乙醇(无水乙醇),AR2500ml/塑瓶,AR,西化,瓶,221713,491826,1,4,0,2,0,60.0,278,甲类成品仓
1280340104702,乙醇(无水乙醇),AR2500ml/塑瓶,AR,西化,瓶,221713,491826,1,4,0,2,0,60.0,90,成品库（NN）
1280340104702,乙醇(无水乙醇),AR2500ml/塑瓶,AR,西化,瓶,221713,491826,1,4,0,2,0,60.0,2996,佛山仓库
1280340104702,乙醇(无水乙醇),AR2500ml/塑瓶,AR,西化,瓶,221713,491826,1,4,0,2,0,60.0,2996,佛山仓库
1280340104702,乙醇(无水乙醇),AR2500ml/塑瓶,AR,西化,瓶,221713,491826,1,4,0,2,0,60.0,82,佛山外寄仓
1280340104702,乙醇(无水乙醇),AR2500ml/塑瓶,AR,西化,瓶,221713,491826,1,4,0,2,0,60.0,61,四川小成品（液）
1280340104702,乙醇(无水乙醇),AR2500ml/塑瓶,AR,西化,瓶,221713,491826,1,4,0,2,0,60.0,57,股份成品仓（厂标)
1280340104702,乙醇(无水乙醇),AR2500ml/塑瓶,AR,西化,瓶,221713,491826,1,4,0,2,0,60.0,4481,冲单仓
1280340104702,乙醇(无水乙醇),AR2500ml/塑瓶,AR,西化,瓶,221713,491826,1,4,0,2,0,60.0,4473,冲单仓
1280340104702,乙醇(无水乙醇),AR2500ml/塑瓶,AR,西化,瓶,221713,491826,1,4,0,2,0,60.0,4476,平账仓
1280340104702,乙醇(无水乙醇),AR2500ml/塑瓶,AR,西化,瓶,225808,498751,1,4,0,2,0,60.0,30,平台仓
1280340104702,乙醇(无水乙醇),AR2500ml/塑瓶,AR,西化,瓶,225808,498751,1,4,0,2,0,60.0,2533,佛山成品（液）
1280340104702,乙醇(无水乙醇),AR2500ml/塑瓶,AR,西化,瓶,225808,498751,1,4,0,2,0,60.0,2536,佛山天津仓
1280340104702,乙醇(无水乙醇),AR2500ml/塑瓶,AR,西化,瓶,225808,498751,1,4,0,2,0,60.0,4,精细佛山仓
1280340104702,乙醇(无水乙醇),AR2500ml/塑瓶,AR,西化,瓶,225808,498751,1,4,0,2,0,60.0,50,股份佛山成品（液）
1280340104702,乙醇(无水乙醇),AR2500ml/塑瓶,AR,西化,瓶,225808,498751,1,4,0,2,0,60.0,1370,中基仓(上海仓)
1280340104702,乙醇(无水乙醇),AR2500ml/塑瓶,AR,西化,瓶,225808,498751,1,4,0,2,0,60.0,278,甲类成品仓
1280340104702,乙醇(无水乙醇),AR2500ml/塑瓶,AR,西化,瓶,225808,498751,1,4,0,2,0,60.0,90,成品库（NN）
1280340104702,乙醇(无水乙醇),AR2500ml/塑瓶,AR,西化,瓶,225808,498751,1,4,0,2,0,60.0,2996,佛山仓库
1280340104702,乙醇(无水乙醇),AR2500ml/塑瓶,AR,西化,瓶,225808,498751,1,4,0,2,0,60.0,2996,佛山仓库
1280340104702,乙醇(无水乙醇),AR2500ml/塑瓶,AR,西化,瓶,225808,498751,1,4,0,2,0,60.0,82,佛山外寄仓
1280340104702,乙醇(无水乙醇),AR2500ml/塑瓶,AR,西化,瓶,225808,498751,1,4,0,2,0,60.0,61,四川小成品（液）
1280340104702,乙醇(无水乙醇),AR2500ml/塑瓶,AR,西化,瓶,225808,498751,1,4,0,2,0,60.0,57,股份成品仓（厂标)
1280340104702,乙醇(无水乙醇),AR2500ml/塑瓶,AR,西化,瓶,225808,498751,1,4,0,2,0,60.0,4481,冲单仓
1280340104702,乙醇(无水乙醇),AR2500ml/塑瓶,AR,西化,瓶,225808,498751,1,4,0,2,0,60.0,4473,冲单仓
1280340104702,乙醇(无水乙醇),AR2500ml/塑瓶,AR,西化,瓶,225808,498751,1,4,0,2,0,60.0,4476,平账仓
1280340104702,乙醇(无水乙醇),AR2500ml/塑瓶,AR,西化,瓶,229903,499659,1,4,0,2,0,60.0,28,平台仓
1280340104702,乙醇(无水乙醇),AR2500ml/塑瓶,AR,西化,瓶,229903,499659,1,4,0,2,0,60.0,2533,佛山成品（液）
1280340104702,乙醇(无水乙醇),AR2500ml/塑瓶,AR,西化,瓶,229903,499659,1,4,0,2,0,60.0,2536,佛山天津仓
1280340104702,乙醇(无水乙醇),AR2500ml/塑瓶,AR,西化,瓶,229903,499659,1,4,0,2,0,60.0,4,精细佛山仓
1280340104702,乙醇(无水乙醇),AR2500ml/塑瓶,AR,西化,瓶,229903,499659,1,4,0,2,0,60.0,50,股份佛山成品（液）
1280340104702,乙醇(无水乙醇),AR2500ml/塑瓶,AR,西化,瓶,229903,499659,1,4,0,2,0,60.0,1370,中基仓(上海仓)
1280340104702,乙醇(无水乙醇),AR2500ml/塑瓶,AR,西化,瓶,229903,499659,1,4,0,2,0,60.0,278,甲类成品仓
1280340104702,乙醇(无水乙醇),AR2500ml/塑瓶,AR,西化,瓶,229903,499659,1,4,0,2,0,60.0,90,成品库（NN）
1280340104702,乙醇(无水乙醇),AR2500ml/塑瓶,AR,西化,瓶,229903,499659,1,4,0,2,0,60.0,2996,佛山仓库
1280340104702,乙醇(无水乙醇),AR2500ml/塑瓶,AR,西化,瓶,229903,499659,1,4,0,2,0,60.0,2996,佛山仓库
1280340104702,乙醇(无水乙醇),AR2500ml/塑瓶,AR,西化,瓶,229903,499659,1,4,0,2,0,60.0,82,佛山外寄仓
1280340104702,乙醇(无水乙醇),AR2500ml/塑瓶,AR,西化,瓶,229903,499659,1,4,0,2,0,60.0,61,四川小成品（液）
1280340104702,乙醇(无水乙醇),AR2500ml/塑瓶,AR,西化,瓶,229903,499659,1,4,0,2,0,60.0,57,股份成品仓（厂标)
1280340104702,乙醇(无水乙醇),AR2500ml/塑瓶,AR,西化,瓶,229903,499659,1,4,0,2,0,60.0,4481,冲单仓
1280340104702,乙醇(无水乙醇),AR2500ml/塑瓶,AR,西化,瓶,229903,499659,1,4,0,2,0,60.0,4473,冲单仓
1280340104702,乙醇(无水乙醇),AR2500ml/塑瓶,AR,西化,瓶,229903,499659,1,4,0,2,0,60.0,4476,平账仓
1280340104702,乙醇(无水乙醇),AR2500ml/塑瓶,AR,西化,瓶,233998,500554,1,4,0,2,0,60.0,77,平台仓
1280340104702,乙醇(无水乙醇),AR2500ml/塑瓶,AR,西化,瓶,233998,500554,1,4,0,2,0,60.0,2533,佛山成品（液）
1280340104702,乙醇(无水乙醇),AR2500ml/塑瓶,AR,西化,瓶,233998,500554,1,4,0,2,0,60.0,2536,佛山天津仓
1280340104702,乙醇(无水乙醇),AR2500ml/塑瓶,AR,西化,瓶,233998,500554,1,4,0,2,0,60.0,4,精细佛山仓
1280340104702,乙醇(无水乙醇),AR2500ml/塑瓶,AR,西化,瓶,233998,500554,1,4,0,2,0,60.0,50,股份佛山成品（液）
1280340104702,乙醇(无水乙醇),AR2500ml/塑瓶,AR,西化,瓶,233998,500554,1,4,0,2,0,60.0,1370,中基仓(上海仓)
1280340104702,乙醇(无水乙醇),AR2500ml/塑瓶,AR,西化,瓶,233998,500554,1,4,0,2,0,60.0,278,甲类成品仓
1280340104702,乙醇(无水乙醇),AR2500ml/塑瓶,AR,西化,瓶,233998,500554,1,4,0,2,0,60.0,90,成品库（NN）
1280340104702,乙醇(无水乙醇),AR2500ml/塑瓶,AR,西化,瓶,233998,500554,1,4,0,2,0,60.0,2996,佛山仓库
1280340104702,乙醇(无水乙醇),AR2500ml/塑瓶,AR,西化,瓶,233998,500554,1,4,0,2,0,60.0,2996,佛山仓库
1280340104702,乙醇(无水乙醇),AR2500ml/塑瓶,AR,西化,瓶,233998,500554,1,4,0,2,0,60.0,82,佛山外寄仓
1280340104702,乙醇(无水乙醇),AR2500ml/塑瓶,AR,西化,瓶,233998,500554,1,4,0,2,0,60.0,61,四川小成品（液）
1280340104702,乙醇(无水乙醇),AR2500ml/塑瓶,AR,西化,瓶,233998,500554,1,4,0,2,0,60.0,57,股份成品仓（厂标)
1280340104702,乙醇(无水乙醇),AR2500ml/塑瓶,AR,西化,瓶,233998,500554,1,4,0,2,0,60.0,4481,冲单仓
1280340104702,乙醇(无水乙醇),AR2500ml/塑瓶,AR,西化,瓶,233998,500554,1,4,0,2,0,60.0,4473,冲单仓
1280340104702,乙醇(无水乙醇),AR2500ml/塑瓶,AR,西化,瓶,233998,500554,1,4,0,2,0,60.0,4476,平账仓
1280100104700,甲醇,AR2500ml/玻瓶,,西化,瓶,10144,10161,1,4,0,2,0,42.0,17,平台佛山仓
1280100104700,甲醇,AR2500ml/玻瓶,,西化,瓶,10144,10161,1,4,0,2,0,42.0,278,甲类成品仓
1280100104700,甲醇,AR2500ml/玻瓶,,西化,瓶,10144,10161,1,4,0,2,0,42.0,82,佛山外寄仓
1280100104700,甲醇,AR2500ml/玻瓶,,西化,瓶,10144,10161,1,4,0,2,0,42.0,61,四川小成品（液）
1280100104700,甲醇,AR2500ml/玻瓶,,西化,瓶,10144,10161,1,4,0,2,0,42.0,57,股份成品仓（厂标)
1280100104700,甲醇,AR2500ml/玻瓶,AR,西化,瓶,222683,492239,1,4,0,2,0,60.0,29,平台仓
1280100104700,甲醇,AR2500ml/玻瓶,AR,西化,瓶,222683,492239,1,4,0,2,0,60.0,91,平台实体仓
1280100104700,甲醇,AR2500ml/玻瓶,AR,西化,瓶,222683,492239,1,4,0,2,0,60.0,278,甲类成品仓
1280100104700,甲醇,AR2500ml/玻瓶,AR,西化,瓶,222683,492239,1,4,0,2,0,60.0,82,佛山外寄仓
1280100104700,甲醇,AR2500ml/玻瓶,AR,西化,瓶,222683,492239,1,4,0,2,0,60.0,61,四川小成品（液）
1280100104700,甲醇,AR2500ml/玻瓶,AR,西化,瓶,222683,492239,1,4,0,2,0,60.0,57,股份成品仓（厂标)
1280100104700,甲醇,AR2500ml/玻瓶,AR,西化,瓶,226778,499161,1,4,0,2,0,60.0,30,平台仓
1280100104700,甲醇,AR2500ml/玻瓶,AR,西化,瓶,226778,499161,1,4,0,2,0,60.0,278,甲类成品仓
1280100104700,甲醇,AR2500ml/玻瓶,AR,西化,瓶,226778,499161,1,4,0,2,0,60.0,82,佛山外寄仓
1280100104700,甲醇,AR2500ml/玻瓶,AR,西化,瓶,226778,499161,1,4,0,2,0,60.0,61,四川小成品（液）
1280100104700,甲醇,AR2500ml/玻瓶,AR,西化,瓶,226778,499161,1,4,0,2,0,60.0,57,股份成品仓（厂标)
1280100104700,甲醇,AR2500ml/玻瓶,AR,西化,瓶,230873,500061,1,4,0,2,0,60.0,28,平台仓
1280100104700,甲醇,AR2500ml/玻瓶,AR,西化,瓶,230873,500061,1,4,0,2,0,60.0,278,甲类成品仓
1280100104700,甲醇,AR2500ml/玻瓶,AR,西化,瓶,230873,500061,1,4,0,2,0,60.0,82,佛山外寄仓
1280100104700,甲醇,AR2500ml/玻瓶,AR,西化,瓶,230873,500061,1,4,0,2,0,60.0,61,四川小成品（液）
1280100104700,甲醇,AR2500ml/玻瓶,AR,西化,瓶,230873,500061,1,4,0,2,0,60.0,57,股份成品仓（厂标)
1280100104700,甲醇,AR2500ml/玻瓶,AR,西化,瓶,234968,500972,1,4,0,2,0,60.0,77,平台仓
1280100104700,甲醇,AR2500ml/玻瓶,AR,西化,瓶,234968,500972,1,4,0,2,0,60.0,278,甲类成品仓
1280100104700,甲醇,AR2500ml/玻瓶,AR,西化,瓶,234968,500972,1,4,0,2,0,60.0,82,佛山外寄仓
1280100104700,甲醇,AR2500ml/玻瓶,AR,西化,瓶,234968,500972,1,4,0,2,0,60.0,61,四川小成品（液）
1280100104700,甲醇,AR2500ml/玻瓶,AR,西化,瓶,234968,500972,1,4,0,2,0,60.0,57,股份成品仓（厂标)
1260180104700M,氨水,AR2500ml/塑瓶,,西化,瓶,1057,1057,1,4,0,2,0,21.0,17,平台佛山仓
1260180104700M,氨水,AR2500ml/塑瓶,,西化,瓶,1057,1057,1,4,0,2,0,21.0,50,股份佛山成品（液）
1260180104700M,氨水,AR2500ml/塑瓶,,西化,瓶,1057,1057,1,4,0,2,0,21.0,57,股份成品仓（厂标)
1260180104700M,氨水,AR2500ml/塑瓶,,西化,瓶,1057,1057,1,4,0,2,0,21.0,4,精细佛山仓
1260180104700M,氨水,AR2500ml/塑瓶,,西化,瓶,1057,1057,1,4,0,2,0,21.0,1370,中基仓(上海仓)
1260180104700M,氨水,AR2500ml/塑瓶,,西化,瓶,1057,1057,1,4,0,2,0,21.0,80,佛山西陇成品(液)
1260180104700M,氨水,AR2500ml/塑瓶,,西化,瓶,1057,1057,1,4,0,2,0,21.0,90,成品库（NN）
1260180104700M,氨水,AR2500ml/塑瓶,,西化,瓶,1057,1057,1,4,0,2,0,21.0,2536,佛山天津仓
1260180104700M,氨水,AR2500ml/塑瓶,,西化,瓶,1057,1057,1,4,0,2,0,21.0,4481,冲单仓
1260180104700M,氨水,AR2500ml/塑瓶,,西化,瓶,1057,1057,1,4,0,2,0,21.0,4473,冲单仓
1260180104700M,氨水,AR2500ml/塑瓶,AR,西化,瓶,6176,6176,1,4,0,2,1,30.0,29,平台仓
1260180104700M,氨水,AR2500ml/塑瓶,AR,西化,瓶,6176,6176,1,4,0,2,1,30.0,50,股份佛山成品（液）
1260180104700M,氨水,AR2500ml/塑瓶,AR,西化,瓶,6176,6176,1,4,0,2,1,30.0,57,股份成品仓（厂标)
1260180104700M,氨水,AR2500ml/塑瓶,AR,西化,瓶,6176,6176,1,4,0,2,1,30.0,4,精细佛山仓
1260180104700M,氨水,AR2500ml/塑瓶,AR,西化,瓶,6176,6176,1,4,0,2,1,30.0,1370,中基仓(上海仓)
1260180104700M,氨水,AR2500ml/塑瓶,AR,西化,瓶,6176,6176,1,4,0,2,1,30.0,80,佛山西陇成品(液)
1260180104700M,氨水,AR2500ml/塑瓶,AR,西化,瓶,6176,6176,1,4,0,2,1,30.0,90,成品库（NN）
1260180104700M,氨水,AR2500ml/塑瓶,AR,西化,瓶,6176,6176,1,4,0,2,1,30.0,2536,佛山天津仓
1260180104700M,氨水,AR2500ml/塑瓶,AR,西化,瓶,6176,6176,1,4,0,2,1,30.0,4481,冲单仓
1260180104700M,氨水,AR2500ml/塑瓶,AR,西化,瓶,6176,6176,1,4,0,2,1,30.0,4473,冲单仓
1260180104700M,氨水,AR2500ml/塑瓶,AR,西化,瓶,11491,11536,1,4,0,2,1,30.0,30,平台仓
1260180104700M,氨水,AR2500ml/塑瓶,AR,西化,瓶,11491,11536,1,4,0,2,1,30.0,50,股份佛山成品（液）
1260180104700M,氨水,AR2500ml/塑瓶,AR,西化,瓶,11491,11536,1,4,0,2,1,30.0,57,股份成品仓（厂标)
1260180104700M,氨水,AR2500ml/塑瓶,AR,西化,瓶,11491,11536,1,4,0,2,1,30.0,4,精细佛山仓
1260180104700M,氨水,AR2500ml/塑瓶,AR,西化,瓶,11491,11536,1,4,0,2,1,30.0,1370,中基仓(上海仓)
1260180104700M,氨水,AR2500ml/塑瓶,AR,西化,瓶,11491,11536,1,4,0,2,1,30.0,80,佛山西陇成品(液)
1260180104700M,氨水,AR2500ml/塑瓶,AR,西化,瓶,11491,11536,1,4,0,2,1,30.0,90,成品库（NN）
1260180104700M,氨水,AR2500ml/塑瓶,AR,西化,瓶,11491,11536,1,4,0,2,1,30.0,2536,佛山天津仓
1260180104700M,氨水,AR2500ml/塑瓶,AR,西化,瓶,11491,11536,1,4,0,2,1,30.0,4481,冲单仓
1260180104700M,氨水,AR2500ml/塑瓶,AR,西化,瓶,11491,11536,1,4,0,2,1,30.0,4473,冲单仓
1260180104700M,氨水,AR2500ml/塑瓶,AR,西化,瓶,13559,13604,1,4,0,2,1,30.0,28,平台仓
1260180104700M,氨水,AR2500ml/塑瓶,AR,西化,瓶,13559,13604,1,4,0,2,1,30.0,50,股份佛山成品（液）
1260180104700M,氨水,AR2500ml/塑瓶,AR,西化,瓶,13559,13604,1,4,0,2,1,30.0,57,股份成品仓（厂标)
1260180104700M,氨水,AR2500ml/塑瓶,AR,西化,瓶,13559,13604,1,4,0,2,1,30.0,4,精细佛山仓
1260180104700M,氨水,AR2500ml/塑瓶,AR,西化,瓶,13559,13604,1,4,0,2,1,30.0,1370,中基仓(上海仓)
1260180104700M,氨水,AR2500ml/塑瓶,AR,西化,瓶,13559,13604,1,4,0,2,1,30.0,80,佛山西陇成品(液)
1260180104700M,氨水,AR2500ml/塑瓶,AR,西化,瓶,13559,13604,1,4,0,2,1,30.0,90,成品库（NN）
1260180104700M,氨水,AR2500ml/塑瓶,AR,西化,瓶,13559,13604,1,4,0,2,1,30.0,2536,佛山天津仓
1260180104700M,氨水,AR2500ml/塑瓶,AR,西化,瓶,13559,13604,1,4,0,2,1,30.0,4481,冲单仓
1260180104700M,氨水,AR2500ml/塑瓶,AR,西化,瓶,13559,13604,1,4,0,2,1,30.0,4473,冲单仓
1260180104700M,氨水,AR2500ml/塑瓶,AR,西化,瓶,83888,83958,1,4,0,2,1,30.0,77,平台仓
1260180104700M,氨水,AR2500ml/塑瓶,AR,西化,瓶,83888,83958,1,4,0,2,1,30.0,50,股份佛山成品（液）
1260180104700M,氨水,AR2500ml/塑瓶,AR,西化,瓶,83888,83958,1,4,0,2,1,30.0,57,股份成品仓（厂标)
1260180104700M,氨水,AR2500ml/塑瓶,AR,西化,瓶,83888,83958,1,4,0,2,1,30.0,4,精细佛山仓
1260180104700M,氨水,AR2500ml/塑瓶,AR,西化,瓶,83888,83958,1,4,0,2,1,30.0,1370,中基仓(上海仓)
1260180104700M,氨水,AR2500ml/塑瓶,AR,西化,瓶,83888,83958,1,4,0,2,1,30.0,80,佛山西陇成品(液)
1260180104700M,氨水,AR2500ml/塑瓶,AR,西化,瓶,83888,83958,1,4,0,2,1,30.0,90,成品库（NN）
1260180104700M,氨水,AR2500ml/塑瓶,AR,西化,瓶,83888,83958,1,4,0,2,1,30.0,2536,佛山天津仓
1260180104700M,氨水,AR2500ml/塑瓶,AR,西化,瓶,83888,83958,1,4,0,2,1,30.0,4481,冲单仓
1260180104700M,氨水,AR2500ml/塑瓶,AR,西化,瓶,83888,83958,1,4,0,2,1,30.0,4473,冲单仓
1270190101601M,硝酸,AR500ml/玻瓶,,西化,瓶,1673,1673,1,1,0,2,0,15.3,17,平台佛山仓
1270190101601M,硝酸,AR500ml/玻瓶,,西化,瓶,1673,1673,1,1,0,2,0,15.3,34,平台汕头仓
1270190101601M,硝酸,AR500ml/玻瓶,,西化,瓶,1673,1673,1,1,0,2,0,15.3,278,甲类成品仓
1270190101601M,硝酸,AR500ml/玻瓶,,西化,瓶,1673,1673,1,1,0,2,0,15.3,75,zyc_sc
1270190101601M,硝酸,AR500ml/玻瓶,,西化,瓶,1673,1673,1,1,0,2,0,15.3,80,佛山西陇成品(液)
1270190101601M,硝酸,AR500ml/玻瓶,,西化,瓶,1673,1673,1,1,0,2,0,15.3,57,股份成品仓（厂标)
1270190101601M,硝酸,AR500ml/玻瓶,,西化,瓶,1673,1673,1,1,0,2,0,15.3,50,股份佛山成品（液）
1270190101601M,硝酸,AR500ml/玻瓶,,西化,瓶,1673,1673,1,1,0,2,0,15.3,2539,易制毒仓
1270190101601M,硝酸,AR500ml/玻瓶,,西化,瓶,1673,1673,1,1,0,2,0,15.3,2536,佛山天津仓
1270190101601M,硝酸,AR500ml/玻瓶,,西化,瓶,1673,1673,1,1,0,2,0,15.3,90,成品库（NN）
1270190101601M,硝酸,AR500ml/玻瓶,,西化,瓶,1673,1673,1,1,0,2,0,15.3,4,精细佛山仓
1270190101601M,硝酸,AR500ml/玻瓶,,西化,瓶,1673,1673,1,1,0,2,0,15.3,4464,硝酸专库
1270190101601M,硝酸,AR500ml/玻瓶,AR,西化,瓶,6613,6613,1,1,0,2,1,21.9,29,平台仓
1270190101601M,硝酸,AR500ml/玻瓶,AR,西化,瓶,6613,6613,1,1,0,2,1,21.9,278,甲类成品仓
1270190101601M,硝酸,AR500ml/玻瓶,AR,西化,瓶,6613,6613,1,1,0,2,1,21.9,75,zyc_sc
1270190101601M,硝酸,AR500ml/玻瓶,AR,西化,瓶,6613,6613,1,1,0,2,1,21.9,80,佛山西陇成品(液)
1270190101601M,硝酸,AR500ml/玻瓶,AR,西化,瓶,6613,6613,1,1,0,2,1,21.9,57,股份成品仓（厂标)
1270190101601M,硝酸,AR500ml/玻瓶,AR,西化,瓶,6613,6613,1,1,0,2,1,21.9,50,股份佛山成品（液）
1270190101601M,硝酸,AR500ml/玻瓶,AR,西化,瓶,6613,6613,1,1,0,2,1,21.9,2539,易制毒仓
1270190101601M,硝酸,AR500ml/玻瓶,AR,西化,瓶,6613,6613,1,1,0,2,1,21.9,2536,佛山天津仓
1270190101601M,硝酸,AR500ml/玻瓶,AR,西化,瓶,6613,6613,1,1,0,2,1,21.9,90,成品库（NN）
1270190101601M,硝酸,AR500ml/玻瓶,AR,西化,瓶,6613,6613,1,1,0,2,1,21.9,4,精细佛山仓
1270190101601M,硝酸,AR500ml/玻瓶,AR,西化,瓶,6613,6613,1,1,0,2,1,21.9,4464,硝酸专库
1270190101601M,硝酸,AR500ml/玻瓶,AR,西化,瓶,11894,11939,1,1,0,2,1,21.9,30,平台仓
1270190101601M,硝酸,AR500ml/玻瓶,AR,西化,瓶,11894,11939,1,1,0,2,1,21.9,278,甲类成品仓
1270190101601M,硝酸,AR500ml/玻瓶,AR,西化,瓶,11894,11939,1,1,0,2,1,21.9,75,zyc_sc
1270190101601M,硝酸,AR500ml/玻瓶,AR,西化,瓶,11894,11939,1,1,0,2,1,21.9,80,佛山西陇成品(液)
1270190101601M,硝酸,AR500ml/玻瓶,AR,西化,瓶,11894,11939,1,1,0,2,1,21.9,57,股份成品仓（厂标)
1270190101601M,硝酸,AR500ml/玻瓶,AR,西化,瓶,11894,11939,1,1,0,2,1,21.9,50,股份佛山成品（液）
1270190101601M,硝酸,AR500ml/玻瓶,AR,西化,瓶,11894,11939,1,1,0,2,1,21.9,2539,易制毒仓
1270190101601M,硝酸,AR500ml/玻瓶,AR,西化,瓶,11894,11939,1,1,0,2,1,21.9,2536,佛山天津仓
1270190101601M,硝酸,AR500ml/玻瓶,AR,西化,瓶,11894,11939,1,1,0,2,1,21.9,90,成品库（NN）
1270190101601M,硝酸,AR500ml/玻瓶,AR,西化,瓶,11894,11939,1,1,0,2,1,21.9,4,精细佛山仓
1270190101601M,硝酸,AR500ml/玻瓶,AR,西化,瓶,11894,11939,1,1,0,2,1,21.9,4464,硝酸专库
1270190101601M,硝酸,AR500ml/玻瓶,AR,西化,瓶,13962,14007,1,1,0,2,1,21.9,28,平台仓
1270190101601M,硝酸,AR500ml/玻瓶,AR,西化,瓶,13962,14007,1,1,0,2,1,21.9,278,甲类成品仓
1270190101601M,硝酸,AR500ml/玻瓶,AR,西化,瓶,13962,14007,1,1,0,2,1,21.9,75,zyc_sc
1270190101601M,硝酸,AR500ml/玻瓶,AR,西化,瓶,13962,14007,1,1,0,2,1,21.9,80,佛山西陇成品(液)
1270190101601M,硝酸,AR500ml/玻瓶,AR,西化,瓶,13962,14007,1,1,0,2,1,21.9,57,股份成品仓（厂标)
1270190101601M,硝酸,AR500ml/玻瓶,AR,西化,瓶,13962,14007,1,1,0,2,1,21.9,50,股份佛山成品（液）
1270190101601M,硝酸,AR500ml/玻瓶,AR,西化,瓶,13962,14007,1,1,0,2,1,21.9,2539,易制毒仓
1270190101601M,硝酸,AR500ml/玻瓶,AR,西化,瓶,13962,14007,1,1,0,2,1,21.9,2536,佛山天津仓
1270190101601M,硝酸,AR500ml/玻瓶,AR,西化,瓶,13962,14007,1,1,0,2,1,21.9,90,成品库（NN）
1270190101601M,硝酸,AR500ml/玻瓶,AR,西化,瓶,13962,14007,1,1,0,2,1,21.9,4,精细佛山仓
1270190101601M,硝酸,AR500ml/玻瓶,AR,西化,瓶,13962,14007,1,1,0,2,1,21.9,4464,硝酸专库
1270190101601M,硝酸,AR500ml/玻瓶,AR,西化,瓶,83816,83886,1,1,0,2,1,21.9,77,平台仓
1270190101601M,硝酸,AR500ml/玻瓶,AR,西化,瓶,83816,83886,1,1,0,2,1,21.9,278,甲类成品仓
1270190101601M,硝酸,AR500ml/玻瓶,AR,西化,瓶,83816,83886,1,1,0,2,1,21.9,75,zyc_sc
1270190101601M,硝酸,AR500ml/玻瓶,AR,西化,瓶,83816,83886,1,1,0,2,1,21.9,80,佛山西陇成品(液)
1270190101601M,硝酸,AR500ml/玻瓶,AR,西化,瓶,83816,83886,1,1,0,2,1,21.9,57,股份成品仓（厂标)
1270190101601M,硝酸,AR500ml/玻瓶,AR,西化,瓶,83816,83886,1,1,0,2,1,21.9,50,股份佛山成品（液）
1270190101601M,硝酸,AR500ml/玻瓶,AR,西化,瓶,83816,83886,1,1,0,2,1,21.9,2539,易制毒仓
1270190101601M,硝酸,AR500ml/玻瓶,AR,西化,瓶,83816,83886,1,1,0,2,1,21.9,2536,佛山天津仓
1270190101601M,硝酸,AR500ml/玻瓶,AR,西化,瓶,83816,83886,1,1,0,2,1,21.9,90,成品库（NN）
1270190101601M,硝酸,AR500ml/玻瓶,AR,西化,瓶,83816,83886,1,1,0,2,1,21.9,4,精细佛山仓
1270190101601M,硝酸,AR500ml/玻瓶,AR,西化,瓶,83816,83886,1,1,0,2,1,21.9,4464,硝酸专库
1250160104299,三乙醇胺,AR25kg/桶,AR,西化,KG,5651,5651,25,0,0,2,1,39.4,29,平台仓
1250160104299,三乙醇胺,AR25kg/桶,AR,西化,KG,5651,5651,25,0,0,2,1,39.4,64,四川大成品（液）
1250160104299,三乙醇胺,AR25kg/桶,AR,西化,KG,11035,11080,25,0,0,2,1,39.4,30,平台仓
1250160104299,三乙醇胺,AR25kg/桶,AR,西化,KG,11035,11080,25,0,0,2,1,39.4,64,四川大成品（液）
1250160104299,三乙醇胺,AR25kg/桶,AR,西化,KG,13104,13149,25,0,0,2,1,39.4,28,平台仓
1250160104299,三乙醇胺,AR25kg/桶,AR,西化,KG,13104,13149,25,0,0,2,1,39.4,64,四川大成品（液）
1250160104299,三乙醇胺,AR25kg/桶,AR,西化,KG,82281,82350,25,0,0,2,1,39.4,77,平台仓
1250160104299,三乙醇胺,AR25kg/桶,AR,西化,KG,82281,82350,25,0,0,2,1,39.4,64,四川大成品（液）
1250040104200,乙醇胺,AR25kg/桶,,西化,KG,1785,1785,25,4,0,2,0,21.98,17,平台佛山仓
1250040104200,乙醇胺,AR25kg/桶,,西化,KG,1785,1785,25,4,0,2,0,21.98,2536,佛山天津仓
1250040104200,乙醇胺,AR25kg/桶,,西化,KG,1785,1785,25,4,0,2,0,21.98,64,四川大成品（液）
1250040104200,乙醇胺,AR25kg/桶,,西化,KG,1785,1785,25,4,0,2,0,21.98,4,精细佛山仓
1250040104200,乙醇胺,AR25kg/桶,,西化,KG,1785,1785,25,4,0,2,0,21.98,81,佛山西陇成品(二)
1250040104200,乙醇胺,AR25kg/桶,,西化,KG,1785,1785,25,4,0,2,0,21.98,58,股份成品库（二）
1250040104200,乙醇胺,AR25kg/桶,,西化,KG,1785,1785,25,4,0,2,0,21.98,1370,中基仓(上海仓)
1250040104200,乙醇胺,AR25kg/桶,,西化,KG,1785,1785,25,4,0,2,0,21.98,75,zyc_sc
1250040104200,乙醇胺,AR25kg/桶,,西化,KG,1785,1785,25,4,0,2,0,21.98,49,股份佛山成品（二）
1250040104200,乙醇胺,AR25kg/桶,,西化,KG,1785,1785,25,4,0,2,0,21.98,4466,丙类液体成品(大)
1250040104200,乙醇胺,AR25kg/桶,AR,西化,KG,221691,491790,25,4,0,2,0,31.4,29,平台仓
1250040104200,乙醇胺,AR25kg/桶,AR,西化,KG,221691,491790,25,4,0,2,0,31.4,91,平台实体仓
1250040104200,乙醇胺,AR25kg/桶,AR,西化,KG,221691,491790,25,4,0,2,0,31.4,2536,佛山天津仓
1250040104200,乙醇胺,AR25kg/桶,AR,西化,KG,221691,491790,25,4,0,2,0,31.4,64,四川大成品（液）
1250040104200,乙醇胺,AR25kg/桶,AR,西化,KG,221691,491790,25,4,0,2,0,31.4,4,精细佛山仓
1250040104200,乙醇胺,AR25kg/桶,AR,西化,KG,221691,491790,25,4,0,2,0,31.4,81,佛山西陇成品(二)
1250040104200,乙醇胺,AR25kg/桶,AR,西化,KG,221691,491790,25,4,0,2,0,31.4,58,股份成品库（二）
1250040104200,乙醇胺,AR25kg/桶,AR,西化,KG,221691,491790,25,4,0,2,0,31.4,1370,中基仓(上海仓)
1250040104200,乙醇胺,AR25kg/桶,AR,西化,KG,221691,491790,25,4,0,2,0,31.4,75,zyc_sc
1250040104200,乙醇胺,AR25kg/桶,AR,西化,KG,221691,491790,25,4,0,2,0,31.4,49,股份佛山成品（二）
1250040104200,乙醇胺,AR25kg/桶,AR,西化,KG,221691,491790,25,4,0,2,0,31.4,4466,丙类液体成品(大)
1250040104200,乙醇胺,AR25kg/桶,AR,西化,KG,225786,498735,25,4,0,2,0,31.4,30,平台仓
1250040104200,乙醇胺,AR25kg/桶,AR,西化,KG,225786,498735,25,4,0,2,0,31.4,2536,佛山天津仓
1250040104200,乙醇胺,AR25kg/桶,AR,西化,KG,225786,498735,25,4,0,2,0,31.4,64,四川大成品（液）
1250040104200,乙醇胺,AR25kg/桶,AR,西化,KG,225786,498735,25,4,0,2,0,31.4,4,精细佛山仓
1250040104200,乙醇胺,AR25kg/桶,AR,西化,KG,225786,498735,25,4,0,2,0,31.4,81,佛山西陇成品(二)
1250040104200,乙醇胺,AR25kg/桶,AR,西化,KG,225786,498735,25,4,0,2,0,31.4,58,股份成品库（二）
1250040104200,乙醇胺,AR25kg/桶,AR,西化,KG,225786,498735,25,4,0,2,0,31.4,1370,中基仓(上海仓)
1250040104200,乙醇胺,AR25kg/桶,AR,西化,KG,225786,498735,25,4,0,2,0,31.4,75,zyc_sc
1250040104200,乙醇胺,AR25kg/桶,AR,西化,KG,225786,498735,25,4,0,2,0,31.4,49,股份佛山成品（二）
1250040104200,乙醇胺,AR25kg/桶,AR,西化,KG,225786,498735,25,4,0,2,0,31.4,4466,丙类液体成品(大)
1250040104200,乙醇胺,AR25kg/桶,AR,西化,KG,229881,499643,25,4,0,2,0,31.4,28,平台仓
1250040104200,乙醇胺,AR25kg/桶,AR,西化,KG,229881,499643,25,4,0,2,0,31.4,2536,佛山天津仓
1250040104200,乙醇胺,AR25kg/桶,AR,西化,KG,229881,499643,25,4,0,2,0,31.4,64,四川大成品（液）
1250040104200,乙醇胺,AR25kg/桶,AR,西化,KG,229881,499643,25,4,0,2,0,31.4,4,精细佛山仓
1250040104200,乙醇胺,AR25kg/桶,AR,西化,KG,229881,499643,25,4,0,2,0,31.4,81,佛山西陇成品(二)
1250040104200,乙醇胺,AR25kg/桶,AR,西化,KG,229881,499643,25,4,0,2,0,31.4,58,股份成品库（二）
1250040104200,乙醇胺,AR25kg/桶,AR,西化,KG,229881,499643,25,4,0,2,0,31.4,1370,中基仓(上海仓)
1250040104200,乙醇胺,AR25kg/桶,AR,西化,KG,229881,499643,25,4,0,2,0,31.4,75,zyc_sc
1250040104200,乙醇胺,AR25kg/桶,AR,西化,KG,229881,499643,25,4,0,2,0,31.4,49,股份佛山成品（二）
1250040104200,乙醇胺,AR25kg/桶,AR,西化,KG,229881,499643,25,4,0,2,0,31.4,4466,丙类液体成品(大)
1250040104200,乙醇胺,AR25kg/桶,AR,西化,KG,233976,500538,25,4,0,2,0,31.4,77,平台仓
1250040104200,乙醇胺,AR25kg/桶,AR,西化,KG,233976,500538,25,4,0,2,0,31.4,2536,佛山天津仓
1250040104200,乙醇胺,AR25kg/桶,AR,西化,KG,233976,500538,25,4,0,2,0,31.4,64,四川大成品（液）
1250040104200,乙醇胺,AR25kg/桶,AR,西化,KG,233976,500538,25,4,0,2,0,31.4,4,精细佛山仓
1250040104200,乙醇胺,AR25kg/桶,AR,西化,KG,233976,500538,25,4,0,2,0,31.4,81,佛山西陇成品(二)
1250040104200,乙醇胺,AR25kg/桶,AR,西化,KG,233976,500538,25,4,0,2,0,31.4,58,股份成品库（二）
1250040104200,乙醇胺,AR25kg/桶,AR,西化,KG,233976,500538,25,4,0,2,0,31.4,1370,中基仓(上海仓)
1250040104200,乙醇胺,AR25kg/桶,AR,西化,KG,233976,500538,25,4,0,2,0,31.4,75,zyc_sc
1250040104200,乙醇胺,AR25kg/桶,AR,西化,KG,233976,500538,25,4,0,2,0,31.4,49,股份佛山成品（二）
1250040104200,乙醇胺,AR25kg/桶,AR,西化,KG,233976,500538,25,4,0,2,0,31.4,4466,丙类液体成品(大)
2322240301400,丙二醇嵌段聚醚L-44,GY50kg/桶,,其他,KG,544958,538476,50,0,0,2,0,0.0,29,平台仓
2322240301400,丙二醇嵌段聚醚L-44,GY50kg/桶,,其他,KG,544958,538476,50,0,0,2,0,0.0,62,四川营销库
2322240301400,丙二醇嵌段聚醚L-44,GY50kg/桶,,其他,KG,544958,538476,50,0,0,2,0,0.0,75,zyc_sc
2322240301400,丙二醇嵌段聚醚L-44,GY50kg/桶,,其他,KG,544959,538477,50,0,0,2,0,0.0,30,平台仓
2322240301400,丙二醇嵌段聚醚L-44,GY50kg/桶,,其他,KG,544959,538477,50,0,0,2,0,0.0,62,四川营销库
2322240301400,丙二醇嵌段聚醚L-44,GY50kg/桶,,其他,KG,544959,538477,50,0,0,2,0,0.0,75,zyc_sc
2322240301400,丙二醇嵌段聚醚L-44,GY50kg/桶,,其他,KG,544960,538478,50,0,0,2,0,0.0,28,平台仓
2322240301400,丙二醇嵌段聚醚L-44,GY50kg/桶,,其他,KG,544960,538478,50,0,0,2,0,0.0,62,四川营销库
2322240301400,丙二醇嵌段聚醚L-44,GY50kg/桶,,其他,KG,544960,538478,50,0,0,2,0,0.0,75,zyc_sc
2322240301400,丙二醇嵌段聚醚L-44,GY50kg/桶,,其他,KG,544961,538479,50,0,0,2,0,0.0,77,平台仓
2322240301400,丙二醇嵌段聚醚L-44,GY50kg/桶,,其他,KG,544961,538479,50,0,0,2,0,0.0,62,四川营销库
2322240301400,丙二醇嵌段聚醚L-44,GY50kg/桶,,其他,KG,544961,538479,50,0,0,2,0,0.0,75,zyc_sc
1310020101600,丙酮,AR500ml/瓶,,西化,瓶,1094,1094,1,2,0,2,0,27.72,17,平台佛山仓
1310020101600,丙酮,AR500ml/瓶,,西化,瓶,1094,1094,1,2,0,2,0,27.72,34,平台汕头仓
1310020101600,丙酮,AR500ml/瓶,,西化,瓶,1094,1094,1,2,0,2,0,27.72,90,成品库（NN）
1310020101600,丙酮,AR500ml/瓶,,西化,瓶,1094,1094,1,2,0,2,0,27.72,57,股份成品仓（厂标)
1310020101600,丙酮,AR500ml/瓶,,西化,瓶,1094,1094,1,2,0,2,0,27.72,4,精细佛山仓
1310020101600,丙酮,AR500ml/瓶,,西化,瓶,1094,1094,1,2,0,2,0,27.72,50,股份佛山成品（液）
1310020101600,丙酮,AR500ml/瓶,,西化,瓶,1094,1094,1,2,0,2,0,27.72,2539,易制毒仓
1310020101600,丙酮,AR500ml/瓶,,西化,瓶,1094,1094,1,2,0,2,0,27.72,80,佛山西陇成品(液)
1310020101600,丙酮,AR500ml/瓶,,西化,瓶,1094,1094,1,2,0,2,0,27.72,61,四川小成品（液）
1310020101600,丙酮,AR500ml/瓶,,西化,瓶,1094,1094,1,2,0,2,0,27.72,4473,冲单仓
1310020101600,丙酮,AR500ml/瓶,AR,西化,瓶,221545,221117,1,2,0,2,1,39.6,29,平台仓
1310020101600,丙酮,AR500ml/瓶,AR,西化,瓶,221545,221117,1,2,0,2,1,39.6,90,成品库（NN）
1310020101600,丙酮,AR500ml/瓶,AR,西化,瓶,221545,221117,1,2,0,2,1,39.6,57,股份成品仓（厂标)
1310020101600,丙酮,AR500ml/瓶,AR,西化,瓶,221545,221117,1,2,0,2,1,39.6,4,精细佛山仓
1310020101600,丙酮,AR500ml/瓶,AR,西化,瓶,221545,221117,1,2,0,2,1,39.6,50,股份佛山成品（液）
1310020101600,丙酮,AR500ml/瓶,AR,西化,瓶,221545,221117,1,2,0,2,1,39.6,2539,易制毒仓
1310020101600,丙酮,AR500ml/瓶,AR,西化,瓶,221545,221117,1,2,0,2,1,39.6,80,佛山西陇成品(液)
1310020101600,丙酮,AR500ml/瓶,AR,西化,瓶,221545,221117,1,2,0,2,1,39.6,61,四川小成品（液）
1310020101600,丙酮,AR500ml/瓶,AR,西化,瓶,221545,221117,1,2,0,2,1,39.6,4473,冲单仓
1310020101600,丙酮,AR500ml/瓶,AR,西化,瓶,225640,223164,1,2,0,2,1,39.6,30,平台仓
1310020101600,丙酮,AR500ml/瓶,AR,西化,瓶,225640,223164,1,2,0,2,1,39.6,90,成品库（NN）
1310020101600,丙酮,AR500ml/瓶,AR,西化,瓶,225640,223164,1,2,0,2,1,39.6,57,股份成品仓（厂标)
1310020101600,丙酮,AR500ml/瓶,AR,西化,瓶,225640,223164,1,2,0,2,1,39.6,4,精细佛山仓
1310020101600,丙酮,AR500ml/瓶,AR,西化,瓶,225640,223164,1,2,0,2,1,39.6,50,股份佛山成品（液）
1310020101600,丙酮,AR500ml/瓶,AR,西化,瓶,225640,223164,1,2,0,2,1,39.6,2539,易制毒仓
1310020101600,丙酮,AR500ml/瓶,AR,西化,瓶,225640,223164,1,2,0,2,1,39.6,80,佛山西陇成品(液)
1310020101600,丙酮,AR500ml/瓶,AR,西化,瓶,225640,223164,1,2,0,2,1,39.6,61,四川小成品（液）
1310020101600,丙酮,AR500ml/瓶,AR,西化,瓶,225640,223164,1,2,0,2,1,39.6,4473,冲单仓
1310020101600,丙酮,AR500ml/瓶,AR,西化,瓶,229735,225211,1,2,0,2,1,39.6,28,平台仓
1310020101600,丙酮,AR500ml/瓶,AR,西化,瓶,229735,225211,1,2,0,2,1,39.6,90,成品库（NN）
1310020101600,丙酮,AR500ml/瓶,AR,西化,瓶,229735,225211,1,2,0,2,1,39.6,57,股份成品仓（厂标)
1310020101600,丙酮,AR500ml/瓶,AR,西化,瓶,229735,225211,1,2,0,2,1,39.6,4,精细佛山仓
1310020101600,丙酮,AR500ml/瓶,AR,西化,瓶,229735,225211,1,2,0,2,1,39.6,50,股份佛山成品（液）
1310020101600,丙酮,AR500ml/瓶,AR,西化,瓶,229735,225211,1,2,0,2,1,39.6,2539,易制毒仓
1310020101600,丙酮,AR500ml/瓶,AR,西化,瓶,229735,225211,1,2,0,2,1,39.6,80,佛山西陇成品(液)
1310020101600,丙酮,AR500ml/瓶,AR,西化,瓶,229735,225211,1,2,0,2,1,39.6,61,四川小成品（液）
1310020101600,丙酮,AR500ml/瓶,AR,西化,瓶,229735,225211,1,2,0,2,1,39.6,4473,冲单仓
1310020101600,丙酮,AR500ml/瓶,AR,西化,瓶,233830,227258,1,2,0,2,1,39.6,77,平台仓
1310020101600,丙酮,AR500ml/瓶,AR,西化,瓶,233830,227258,1,2,0,2,1,39.6,90,成品库（NN）
1310020101600,丙酮,AR500ml/瓶,AR,西化,瓶,233830,227258,1,2,0,2,1,39.6,57,股份成品仓（厂标)
1310020101600,丙酮,AR500ml/瓶,AR,西化,瓶,233830,227258,1,2,0,2,1,39.6,4,精细佛山仓
1310020101600,丙酮,AR500ml/瓶,AR,西化,瓶,233830,227258,1,2,0,2,1,39.6,50,股份佛山成品（液）
1310020101600,丙酮,AR500ml/瓶,AR,西化,瓶,233830,227258,1,2,0,2,1,39.6,2539,易制毒仓
1310020101600,丙酮,AR500ml/瓶,AR,西化,瓶,233830,227258,1,2,0,2,1,39.6,80,佛山西陇成品(液)
1310020101600,丙酮,AR500ml/瓶,AR,西化,瓶,233830,227258,1,2,0,2,1,39.6,61,四川小成品（液）
1310020101600,丙酮,AR500ml/瓶,AR,西化,瓶,233830,227258,1,2,0,2,1,39.6,4473,冲单仓
1320010101600,乙醚,AR500ml/瓶;,,西化,瓶,1807,1807,1,2,0,2,0,44.2,17,平台佛山仓
1320010101600,乙醚,AR500ml/瓶;,,西化,瓶,1807,1807,1,2,0,2,0,44.2,34,平台汕头仓
1320010101600,乙醚,AR500ml/瓶;,,西化,瓶,1807,1807,1,2,0,2,0,44.2,9,汕头工厂仓
1320010101600,乙醚,AR500ml/瓶;,,西化,瓶,1807,1807,1,2,0,2,0,44.2,50,股份佛山成品（液）
1320010101600,乙醚,AR500ml/瓶;,,西化,瓶,1807,1807,1,2,0,2,0,44.2,4,精细佛山仓
1320010101600,乙醚,AR500ml/瓶;,,西化,瓶,1807,1807,1,2,0,2,0,44.2,90,成品库（NN）
1320010101600,乙醚,AR500ml/瓶;,,西化,瓶,1807,1807,1,2,0,2,0,44.2,56,股份出口仓
1320010101600,乙醚,AR500ml/瓶;,,西化,瓶,1807,1807,1,2,0,2,0,44.2,2539,易制毒仓
1320010101600,乙醚,AR500ml/瓶;,,西化,瓶,1807,1807,1,2,0,2,0,44.2,80,佛山西陇成品(液)
1320010101600,乙醚,AR500ml/瓶;,,西化,瓶,1807,1807,1,2,0,2,0,44.2,52,汕头直运仓
1320010101600,乙醚,AR500ml/瓶;,,西化,瓶,1807,1807,1,2,0,2,0,44.2,61,四川小成品（液）
1320010101600,乙醚,AR500ml/瓶;,,西化,瓶,1807,1807,1,2,0,2,0,44.2,57,股份成品仓（厂标)
1320010101600,乙醚,AR500ml/瓶;,,西化,瓶,1807,1807,1,2,0,2,0,44.2,62,四川营销库
1320010101600,乙醚,AR500ml/瓶;,,西化,瓶,1807,1807,1,2,0,2,0,44.2,4473,冲单仓
1320010101600,乙醚,AR500ml/瓶,AR,西化,瓶,221730,221208,1,2,0,2,1,63.2,29,平台仓
1320010101600,乙醚,AR500ml/瓶,AR,西化,瓶,221730,221208,1,2,0,2,1,63.2,9,汕头工厂仓
1320010101600,乙醚,AR500ml/瓶,AR,西化,瓶,221730,221208,1,2,0,2,1,63.2,50,股份佛山成品（液）
1320010101600,乙醚,AR500ml/瓶,AR,西化,瓶,221730,221208,1,2,0,2,1,63.2,4,精细佛山仓
1320010101600,乙醚,AR500ml/瓶,AR,西化,瓶,221730,221208,1,2,0,2,1,63.2,90,成品库（NN）
1320010101600,乙醚,AR500ml/瓶,AR,西化,瓶,221730,221208,1,2,0,2,1,63.2,56,股份出口仓
1320010101600,乙醚,AR500ml/瓶,AR,西化,瓶,221730,221208,1,2,0,2,1,63.2,2539,易制毒仓
1320010101600,乙醚,AR500ml/瓶,AR,西化,瓶,221730,221208,1,2,0,2,1,63.2,80,佛山西陇成品(液)
1320010101600,乙醚,AR500ml/瓶,AR,西化,瓶,221730,221208,1,2,0,2,1,63.2,52,汕头直运仓
1320010101600,乙醚,AR500ml/瓶,AR,西化,瓶,221730,221208,1,2,0,2,1,63.2,61,四川小成品（液）
1320010101600,乙醚,AR500ml/瓶,AR,西化,瓶,221730,221208,1,2,0,2,1,63.2,57,股份成品仓（厂标)
1320010101600,乙醚,AR500ml/瓶,AR,西化,瓶,221730,221208,1,2,0,2,1,63.2,62,四川营销库
1320010101600,乙醚,AR500ml/瓶,AR,西化,瓶,221730,221208,1,2,0,2,1,63.2,4473,冲单仓
1320010101600,乙醚,AR500ml/瓶,AR,西化,瓶,225825,223255,1,2,0,2,1,63.2,30,平台仓
1320010101600,乙醚,AR500ml/瓶,AR,西化,瓶,225825,223255,1,2,0,2,1,63.2,9,汕头工厂仓
1320010101600,乙醚,AR500ml/瓶,AR,西化,瓶,225825,223255,1,2,0,2,1,63.2,50,股份佛山成品（液）
1320010101600,乙醚,AR500ml/瓶,AR,西化,瓶,225825,223255,1,2,0,2,1,63.2,4,精细佛山仓
1320010101600,乙醚,AR500ml/瓶,AR,西化,瓶,225825,223255,1,2,0,2,1,63.2,90,成品库（NN）
1320010101600,乙醚,AR500ml/瓶,AR,西化,瓶,225825,223255,1,2,0,2,1,63.2,56,股份出口仓
1320010101600,乙醚,AR500ml/瓶,AR,西化,瓶,225825,223255,1,2,0,2,1,63.2,2539,易制毒仓
1320010101600,乙醚,AR500ml/瓶,AR,西化,瓶,225825,223255,1,2,0,2,1,63.2,80,佛山西陇成品(液)
1320010101600,乙醚,AR500ml/瓶,AR,西化,瓶,225825,223255,1,2,0,2,1,63.2,52,汕头直运仓
1320010101600,乙醚,AR500ml/瓶,AR,西化,瓶,225825,223255,1,2,0,2,1,63.2,61,四川小成品（液）
1320010101600,乙醚,AR500ml/瓶,AR,西化,瓶,225825,223255,1,2,0,2,1,63.2,57,股份成品仓（厂标)
1320010101600,乙醚,AR500ml/瓶,AR,西化,瓶,225825,223255,1,2,0,2,1,63.2,62,四川营销库
1320010101600,乙醚,AR500ml/瓶,AR,西化,瓶,225825,223255,1,2,0,2,1,63.2,4473,冲单仓
1320010101600,乙醚,AR500ml/瓶,AR,西化,瓶,229920,225302,1,2,0,2,1,63.2,28,平台仓
1320010101600,乙醚,AR500ml/瓶,AR,西化,瓶,229920,225302,1,2,0,2,1,63.2,9,汕头工厂仓
1320010101600,乙醚,AR500ml/瓶,AR,西化,瓶,229920,225302,1,2,0,2,1,63.2,50,股份佛山成品（液）
1320010101600,乙醚,AR500ml/瓶,AR,西化,瓶,229920,225302,1,2,0,2,1,63.2,4,精细佛山仓
1320010101600,乙醚,AR500ml/瓶,AR,西化,瓶,229920,225302,1,2,0,2,1,63.2,90,成品库（NN）
1320010101600,乙醚,AR500ml/瓶,AR,西化,瓶,229920,225302,1,2,0,2,1,63.2,56,股份出口仓
1320010101600,乙醚,AR500ml/瓶,AR,西化,瓶,229920,225302,1,2,0,2,1,63.2,2539,易制毒仓
1320010101600,乙醚,AR500ml/瓶,AR,西化,瓶,229920,225302,1,2,0,2,1,63.2,80,佛山西陇成品(液)
1320010101600,乙醚,AR500ml/瓶,AR,西化,瓶,229920,225302,1,2,0,2,1,63.2,52,汕头直运仓
1320010101600,乙醚,AR500ml/瓶,AR,西化,瓶,229920,225302,1,2,0,2,1,63.2,61,四川小成品（液）
1320010101600,乙醚,AR500ml/瓶,AR,西化,瓶,229920,225302,1,2,0,2,1,63.2,57,股份成品仓（厂标)
1320010101600,乙醚,AR500ml/瓶,AR,西化,瓶,229920,225302,1,2,0,2,1,63.2,62,四川营销库
1320010101600,乙醚,AR500ml/瓶,AR,西化,瓶,229920,225302,1,2,0,2,1,63.2,4473,冲单仓
1320010101600,乙醚,AR500ml/瓶,AR,西化,瓶,234015,227349,1,2,0,2,1,63.2,77,平台仓
1320010101600,乙醚,AR500ml/瓶,AR,西化,瓶,234015,227349,1,2,0,2,1,63.2,9,汕头工厂仓
1320010101600,乙醚,AR500ml/瓶,AR,西化,瓶,234015,227349,1,2,0,2,1,63.2,50,股份佛山成品（液）
1320010101600,乙醚,AR500ml/瓶,AR,西化,瓶,234015,227349,1,2,0,2,1,63.2,4,精细佛山仓
1320010101600,乙醚,AR500ml/瓶,AR,西化,瓶,234015,227349,1,2,0,2,1,63.2,90,成品库（NN）
1320010101600,乙醚,AR500ml/瓶,AR,西化,瓶,234015,227349,1,2,0,2,1,63.2,56,股份出口仓
1320010101600,乙醚,AR500ml/瓶,AR,西化,瓶,234015,227349,1,2,0,2,1,63.2,2539,易制毒仓
1320010101600,乙醚,AR500ml/瓶,AR,西化,瓶,234015,227349,1,2,0,2,1,63.2,80,佛山西陇成品(液)
1320010101600,乙醚,AR500ml/瓶,AR,西化,瓶,234015,227349,1,2,0,2,1,63.2,52,汕头直运仓
1320010101600,乙醚,AR500ml/瓶,AR,西化,瓶,234015,227349,1,2,0,2,1,63.2,61,四川小成品（液）
1320010101600,乙醚,AR500ml/瓶,AR,西化,瓶,234015,227349,1,2,0,2,1,63.2,57,股份成品仓（厂标)
1320010101600,乙醚,AR500ml/瓶,AR,西化,瓶,234015,227349,1,2,0,2,1,63.2,62,四川营销库
1320010101600,乙醚,AR500ml/瓶,AR,西化,瓶,234015,227349,1,2,0,2,1,63.2,4473,冲单仓
